player_id,player_name,player_slug,similar_player_id,similar_player_name,similar_player_slug,similarity,rank
96353,Bernardo Silva,b-silva,129602,Bruno Fernandes,b-fernandes,0.872,1
96353,Bernardo Silva,b-silva,162536,Rúben Dias,r-santos-gato-alves-dias,0.866,2
96353,Bernardo Silva,b-silva,37548047,Manu Silva,m-silva,0.871,3
96353,Bernardo Silva,b-silva,37593153,Mateus Fernandes,m-espanha-fernandes,0.859,4
96353,Bernardo Silva,b-silva,73147,Mateo Kovacic,m-kovai,0.857,5
96353,Bernardo Silva,b-silva,336133,Phil Foden,p-foden,0.848,6
96353,Bernardo Silva,b-silva,160072,João Palhinha,j-lobo-alves-palhinha-goncalves,0.854,7
96353,Bernardo Silva,b-silva,23269737,Nico González,n-gonzalez-iglesias,0.842,8
96353,Bernardo Silva,b-silva,37526007,André,a-trindade-da-costa-neto,0.841,9
96353,Bernardo Silva,b-silva,459145,Bruno Guimarães,b-guimaraes-rodriguez-moura,0.84,10
600687,Vinicius Junior,vinicius,7346228,Rodrygo,r-silva-de-goes,0.88,1
600687,Vinicius Junior,vinicius,96611,Kylian Mbappé,k-mbappe,0.856,2
600687,Vinicius Junior,vinicius,23688922,Eduardo Camavinga,e-camavinga,0.853,3
600687,Vinicius Junior,vinicius,160258,Raphinha,raphinha-160258,0.846,4
600687,Vinicius Junior,vinicius,260862,Federico Valverde,f-valverde-dipetta,0.838,5
600687,Vinicius Junior,vinicius,340342,Brahim Díaz,b-abdelkader-diaz,0.839,6
600687,Vinicius Junior,vinicius,37656179,Lamine Yamal,l-yamal-nasraoui-ebana,0.83,7
600687,Vinicius Junior,vinicius,37647009,Endrick,e-moreira-de-sousa,0.837,8
600687,Vinicius Junior,vinicius,525790,Takefusa Kubo,t-kubo-525790,0.837,9
600687,Vinicius Junior,vinicius,12393293,Antony,a-dos-santos,0.835,10
154421,Erling Haaland,e-haaland,34053,Alexander Isak,a-isak,0.859,1
154421,Erling Haaland,e-haaland,997,Harry Kane,h-kane,0.857,2
154421,Erling Haaland,e-haaland,5141,Dominic Calvert-Lewin,d-calvert-lewin,0.843,3
154421,Erling Haaland,e-haaland,336133,Phil Foden,p-foden,0.835,4
154421,Erling Haaland,e-haaland,24818280,Benjamin Sesko,b-eko,0.842,5
154421,Erling Haaland,e-haaland,31000,Robert Lewandowski,r-lewandowski,0.841,6
154421,Erling Haaland,e-haaland,96611,Kylian Mbappé,k-mbappe,0.832,7
154421,Erling Haaland,e-haaland,455805,Victor Osimhen,v-osimhen,0.831,8
154421,Erling Haaland,e-haaland,25514,Alexander Sørloth,a-sorloth,0.837,9
154421,Erling Haaland,e-haaland,15040126,Karim Adeyemi,k-adeyemi,0.836,10
129602,Bruno Fernandes,b-fernandes,37593153,Mateus Fernandes,m-espanha-fernandes,0.932,1
129602,Bruno Fernandes,b-fernandes,159700,Casemiro,c-casimiro,0.874,2
129602,Bruno Fernandes,b-fernandes,29709995,Enzo Fernández,e-fernandez,0.874,3
129602,Bruno Fernandes,b-fernandes,459145,Bruno Guimarães,b-guimaraes-rodriguez-moura,0.869,4
129602,Bruno Fernandes,b-fernandes,96353,Bernardo Silva,b-silva,0.872,5
129602,Bruno Fernandes,b-fernandes,538034,Jadon Sancho,j-sancho,0.864,6
129602,Bruno Fernandes,b-fernandes,332047,Elliot Anderson,e-anderson,0.853,7
129602,Bruno Fernandes,b-fernandes,205411,Fred,f-rodrigues-santos,0.852,8
129602,Bruno Fernandes,b-fernandes,37526007,André,a-trindade-da-costa-neto,0.845,9
129602,Bruno Fernandes,b-fernandes,785998,Dominik Szoboszlai,d-szoboszlai,0.844,10
37429246,Florian Wirtz,f-wirtz,21072805,Rayan Cherki,m-cherki,0.872,1
37429246,Florian Wirtz,f-wirtz,529689,Bryan Mbeumo,b-mbeumo,0.858,2
37429246,Florian Wirtz,f-wirtz,26823,Martin Ødegaard,m-odegaard-26823,0.863,3
37429246,Florian Wirtz,f-wirtz,785998,Dominik Szoboszlai,d-szoboszlai,0.855,4
37429246,Florian Wirtz,f-wirtz,26803,Justin Kluivert,j-kluivert,0.862,5
37429246,Florian Wirtz,f-wirtz,23269679,Fábio Silva,f-soares-silva,0.855,6
37429246,Florian Wirtz,f-wirtz,7926,Morgan Gibbs-White,m-gibbs-white,0.847,7
37429246,Florian Wirtz,f-wirtz,8449373,Mikkel Damsgaard,m-damsgaard,0.844,8
37429246,Florian Wirtz,f-wirtz,1881,Alex Iwobi,a-iwobi,0.844,9
37429246,Florian Wirtz,f-wirtz,32158,Julian Brandt,j-brandt,0.851,10
24799984,Michael Olise,m-olise,15040126,Karim Adeyemi,k-adeyemi,0.863,1
24799984,Michael Olise,m-olise,31626713,Carney Chukwuemeka,c-chukwuemeka,0.86,2
24799984,Michael Olise,m-olise,4536529,Noah Okafor,n-okafor,0.859,3
24799984,Michael Olise,m-olise,5270497,Fábio Vieira,f-ferreira-vieira,0.859,4
24799984,Michael Olise,m-olise,37632313,Julien Duranville,j-duranville,0.858,5
24799984,Michael Olise,m-olise,96307,Franck Honorat,f-honorat,0.855,6
24799984,Michael Olise,m-olise,7643,Eberechi Eze,e-eze,0.854,7
24799984,Michael Olise,m-olise,37429246,Florian Wirtz,f-wirtz,0.845,8
24799984,Michael Olise,m-olise,21072805,Rayan Cherki,m-cherki,0.852,9
24799984,Michael Olise,m-olise,25217662,Noni Madueke,c-madueke,0.852,10
37593237,Warren Zaïre-Emery,w-zaire-emery,5270371,Aurélien Tchouaméni,a-tchouameni,0.861,1
37593237,Warren Zaïre-Emery,w-zaire-emery,4545430,Vitinha,v-machado-ferreira,0.855,2
37593237,Warren Zaïre-Emery,w-zaire-emery,4545404,Khéphren Thuram,k-thuram-ulien,0.857,3
37593237,Warren Zaïre-Emery,w-zaire-emery,198051,Denis Zakaria,d-zakaria-lako-lado,0.849,4
37593237,Warren Zaïre-Emery,w-zaire-emery,21072805,Rayan Cherki,m-cherki,0.856,5
37593237,Warren Zaïre-Emery,w-zaire-emery,37255840,Jude Bellingham,j-bellingham,0.848,6
37593237,Warren Zaïre-Emery,w-zaire-emery,37261500,Moisés Caicedo,m-caicedo-corozo,0.844,7
37593237,Warren Zaïre-Emery,w-zaire-emery,37590938,Désiré Doué,d-doue,0.85,8
37593237,Warren Zaïre-Emery,w-zaire-emery,37547467,Arda Güler,a-guler,0.85,9
37593237,Warren Zaïre-Emery,w-zaire-emery,24065255,Ilya Zabarnyi,i-zabarnyi,0.848,10
96611,Kylian Mbappé,k-mbappe,600687,Vinicius Junior,vinicius,0.856,1
96611,Kylian Mbappé,k-mbappe,32403,Ousmane Dembélé,o-dembele,0.854,2
96611,Kylian Mbappé,k-mbappe,1878,Marcus Rashford,m-rashford,0.851,3
96611,Kylian Mbappé,k-mbappe,187260,Achraf Hakimi,a-hakimi-mouh,0.842,4
96611,Kylian Mbappé,k-mbappe,31739,Pierre-Emerick Aubameyang,p-aubameyang,0.845,5
96611,Kylian Mbappé,k-mbappe,31000,Robert Lewandowski,r-lewandowski,0.843,6
96611,Kylian Mbappé,k-mbappe,162141,Mama Baldé,m-balde,0.842,7
96611,Kylian Mbappé,k-mbappe,1479337,Khvicha Kvaratskhelia,k-kvaratskhelia,0.842,8
96611,Kylian Mbappé,k-mbappe,154421,Erling Haaland,e-haaland,0.832,9
96611,Kylian Mbappé,k-mbappe,37647009,Endrick,e-moreira-de-sousa,0.839,10
997,Harry Kane,h-kane,154421,Erling Haaland,e-haaland,0.857,1
997,Harry Kane,h-kane,942,Serge Gnabry,s-gnabry,0.841,2
997,Harry Kane,h-kane,31000,Robert Lewandowski,r-lewandowski,0.837,3
997,Harry Kane,h-kane,30264,Martijn Kaars,m-kaars,0.829,4
997,Harry Kane,h-kane,24818280,Benjamin Sesko,b-eko,0.831,5
997,Harry Kane,h-kane,80675,Patrik Schick,p-schick,0.829,6
997,Harry Kane,h-kane,32362,Joshua Kimmich,j-kimmich,0.829,7
997,Harry Kane,h-kane,1388,Emre Can,e-can,0.827,8
997,Harry Kane,h-kane,16827155,Bukayo Saka,b-saka,0.816,9
997,Harry Kane,h-kane,27393,Ragnar Ache,r-ache,0.824,10
6838,James Maddison,j-maddison,37400412,Mathijs Tielemans,m-tielemans,0.884,1
6838,James Maddison,j-maddison,37648056,Sami Ouaissa,s-ouaissa,0.852,2
6838,James Maddison,j-maddison,37716600,Lander Astiazaran,l-astiazaran-escabias,0.85,3
6838,James Maddison,j-maddison,17158410,S. Colyn,s-colyn,0.856,4
6838,James Maddison,j-maddison,37580790,Mathias Kubel,mathias-kubel,0.846,5
6838,James Maddison,j-maddison,83417,M. Jensen,m-jensen-83417,0.851,6
6838,James Maddison,j-maddison,31958,Martin Kobylanski,m-kobylaski,0.844,7
6838,James Maddison,j-maddison,34088,Raphael Obermair,r-obermair,0.844,8
6838,James Maddison,j-maddison,1371,Kevin De Bruyne,k-de-bruyne,0.85,9
6838,James Maddison,j-maddison,43381,Luca Marseiler,l-marseiler,0.842,10
32438,Christian Pulisic,c-pulisic,608189,Weston McKennie,w-mckennie,0.862,1
32438,Christian Pulisic,c-pulisic,23269660,Charles De Ketelaere,c-de-ketelaere,0.849,2
32438,Christian Pulisic,c-pulisic,96884,Christopher Nkunku,c-nkunku,0.845,3
32438,Christian Pulisic,c-pulisic,73603,Mario Pašalić,m-paali,0.844,4
32438,Christian Pulisic,c-pulisic,5640878,Sergiño Dest,s-dest,0.834,5
32438,Christian Pulisic,c-pulisic,129660,Álvaro Morata,a-morata-martin,0.842,6
32438,Christian Pulisic,c-pulisic,538861,Alexis Saelemaekers,a-saelemaekers,0.834,7
32438,Christian Pulisic,c-pulisic,5640849,Mohammed Kudus,m-kudus,0.833,8
32438,Christian Pulisic,c-pulisic,24818280,Benjamin Sesko,b-eko,0.839,9
32438,Christian Pulisic,c-pulisic,4655,Fikayo Tomori,f-tomori,0.838,10
37255840,Jude Bellingham,j-bellingham,37581777,Jobe Bellingham,j-bellingham-37581777,0.89,1
37255840,Jude Bellingham,j-bellingham,5270371,Aurélien Tchouaméni,a-tchouameni,0.865,2
37255840,Jude Bellingham,j-bellingham,260862,Federico Valverde,f-valverde-dipetta,0.863,3
37255840,Jude Bellingham,j-bellingham,37547467,Arda Güler,a-guler,0.865,4
37255840,Jude Bellingham,j-bellingham,31626713,Carney Chukwuemeka,c-chukwuemeka,0.865,5
37255840,Jude Bellingham,j-bellingham,23688922,Eduardo Camavinga,e-camavinga,0.864,6
37255840,Jude Bellingham,j-bellingham,336133,Phil Foden,p-foden,0.857,7
37255840,Jude Bellingham,j-bellingham,37261500,Moisés Caicedo,m-caicedo-corozo,0.841,8
37255840,Jude Bellingham,j-bellingham,129890,Manuel Locatelli,m-locatelli,0.84,9
37255840,Jude Bellingham,j-bellingham,37593237,Warren Zaïre-Emery,w-zaire-emery,0.848,10
37317392,Xavi Simons,x-simons,62400,Moses Simon,m-simon,0.86,1
37317392,Xavi Simons,x-simons,538850,Mike Tresor,m-ndayishimiye,0.851,2
37317392,Xavi Simons,x-simons,37429246,Florian Wirtz,f-wirtz,0.849,3
37317392,Xavi Simons,x-simons,2178735,Anton Stach,a-stach,0.846,4
37317392,Xavi Simons,x-simons,4552689,Brenden Aaronson,b-aaronson,0.845,5
37317392,Xavi Simons,x-simons,7926,Morgan Gibbs-White,m-gibbs-white,0.844,6
37317392,Xavi Simons,x-simons,26803,Justin Kluivert,j-kluivert,0.85,7
37317392,Xavi Simons,x-simons,8449373,Mikkel Damsgaard,m-damsgaard,0.842,8
37317392,Xavi Simons,x-simons,21072805,Rayan Cherki,m-cherki,0.848,9
37317392,Xavi Simons,x-simons,3156873,Tijjani Reijnders,t-reijnders,0.838,10
333594,Lautaro Martínez,l-martinez,995,Romelu Lukaku,r-lukaku-menama,0.877,1
333594,Lautaro Martínez,l-martinez,10692,Toni Martínez,a-martinez-lopez,0.874,2
333594,Lautaro Martínez,l-martinez,240195,Cucho Hernández,j-hernandez-suarez,0.841,3
333594,Lautaro Martínez,l-martinez,37568657,Roberto Fernández,r-fernandez-jaen,0.84,4
333594,Lautaro Martínez,l-martinez,30178,Gianluca Scamacca,g-scamacca,0.846,5
333594,Lautaro Martínez,l-martinez,37553010,Mateo Pellegrino,m-pellegrino-casalanguila,0.837,6
333594,Lautaro Martínez,l-martinez,12394109,Samuele Mulattieri,s-mulattieri,0.837,7
333594,Lautaro Martínez,l-martinez,134034,Andrea Pinamonti,a-pinamonti,0.837,8
333594,Lautaro Martínez,l-martinez,129523,Duván Zapata,d-zapata-banguera,0.844,9
333594,Lautaro Martínez,l-martinez,37297313,Isaac Romero,i-romero-bernal,0.843,10
525790,Takefusa Kubo,t-kubo-525790,37656179,Lamine Yamal,l-yamal-nasraoui-ebana,0.85,1
525790,Takefusa Kubo,t-kubo-525790,186932,Mikel Oyarzabal,m-oyarzabal-ugarte,0.856,2
525790,Takefusa Kubo,t-kubo-525790,37288001,Pedri,p-lopez,0.856,3
525790,Takefusa Kubo,t-kubo-525790,186734,Dani Ceballos,d-ceballos-fernandez,0.853,4
525790,Takefusa Kubo,t-kubo-525790,448290,Javi Puado,j-puado-diaz,0.852,5
525790,Takefusa Kubo,t-kubo-525790,27440827,Ander Barrenetxea,a-barrenetxea-muguruza,0.849,6
525790,Takefusa Kubo,t-kubo-525790,4545529,Bryan Gil,b-gil-salvatierra,0.848,7
525790,Takefusa Kubo,t-kubo-525790,7346228,Rodrygo,r-silva-de-goes,0.848,8
525790,Takefusa Kubo,t-kubo-525790,37255840,Jude Bellingham,j-bellingham,0.838,9
525790,Takefusa Kubo,t-kubo-525790,7698447,Germán Valera,g-karabinaite,0.837,10
37316549,Alejandro Garnacho,a-garnacho,37540234,Kobbie Mainoo,k-mainoo,0.876,1
37316549,Alejandro Garnacho,a-garnacho,28912805,Anthony Elanga,a-elanga,0.87,2
37316549,Alejandro Garnacho,a-garnacho,1878,Marcus Rashford,m-rashford,0.867,3
37316549,Alejandro Garnacho,a-garnacho,37392849,Jaidon Anthony,j-anthony,0.857,4
37316549,Alejandro Garnacho,a-garnacho,21072805,Rayan Cherki,m-cherki,0.851,5
37316549,Alejandro Garnacho,a-garnacho,20333643,Mason Greenwood,m-greenwood,0.843,6
37316549,Alejandro Garnacho,a-garnacho,37592037,Tyrique George,t-george,0.848,7
37316549,Alejandro Garnacho,a-garnacho,21394947,Julián Alvarez,j-alvarez,0.848,8
37316549,Alejandro Garnacho,a-garnacho,37656179,Lamine Yamal,l-yamal-nasraoui-ebana,0.84,9
37316549,Alejandro Garnacho,a-garnacho,37602125,Ben Gannon-Doak,b-doak,0.838,10
26823,Martin Ødegaard,m-odegaard-26823,1494446,Emile Smith Rowe,e-smith-rowe,0.877,1
26823,Martin Ødegaard,m-odegaard-26823,37429246,Florian Wirtz,f-wirtz,0.863,2
26823,Martin Ødegaard,m-odegaard-26823,21072805,Rayan Cherki,m-cherki,0.865,3
26823,Martin Ødegaard,m-odegaard-26823,537759,Reiss Nelson,r-nelson,0.865,4
26823,Martin Ødegaard,m-odegaard-26823,16827155,Bukayo Saka,b-saka,0.855,5
26823,Martin Ødegaard,m-odegaard-26823,129602,Bruno Fernandes,b-fernandes,0.85,6
26823,Martin Ødegaard,m-odegaard-26823,336133,Phil Foden,p-foden,0.846,7
26823,Martin Ødegaard,m-odegaard-26823,64193,Sander Berge,s-berge,0.846,8
26823,Martin Ødegaard,m-odegaard-26823,24468970,Yéremy Pino,y-jesus-pino-santos,0.845,9
26823,Martin Ødegaard,m-odegaard-26823,785998,Dominik Szoboszlai,d-szoboszlai,0.844,10
37656179,Lamine Yamal,l-yamal-nasraoui-ebana,37316480,Alejandro Balde,a-balde-martinez,0.875,1
37656179,Lamine Yamal,l-yamal-nasraoui-ebana,37288001,Pedri,p-lopez,0.865,2
37656179,Lamine Yamal,l-yamal-nasraoui-ebana,37547467,Arda Güler,a-guler,0.864,3
37656179,Lamine Yamal,l-yamal-nasraoui-ebana,37596363,Fermín López,f-lopez-marin,0.86,4
37656179,Lamine Yamal,l-yamal-nasraoui-ebana,37380649,Alberto Moleiro,a-moleiro-gonzalez,0.855,5
37656179,Lamine Yamal,l-yamal-nasraoui-ebana,74060,Dani Olmo,d-olmo-carvajal,0.852,6
37656179,Lamine Yamal,l-yamal-nasraoui-ebana,525790,Takefusa Kubo,t-kubo-525790,0.85,7
37656179,Lamine Yamal,l-yamal-nasraoui-ebana,23269740,Ansu Fati,a-fati,0.849,8
37656179,Lamine Yamal,l-yamal-nasraoui-ebana,160258,Raphinha,raphinha-160258,0.849,9
37656179,Lamine Yamal,l-yamal-nasraoui-ebana,19996814,Thiago Almada,t-almada,0.846,10
186910,Rodri,rodri,37322757,Jay Matete,jay-matete,0.979,1
186910,Rodri,rodri,37710212,Mohammed Odriss,m-odriss,0.978,2
186910,Rodri,rodri,37588122,Gonçalo Nogueira,g-teixeira-nogueira,0.978,3
186910,Rodri,rodri,37766974,Abdul Moro,a-salam-moro,0.974,4
186910,Rodri,rodri,28912742,Joe Hodge,j-hodge,0.974,5
186910,Rodri,rodri,37718673,Jordy Bawuah,j-bawuah,0.973,6
186910,Rodri,rodri,540342,Celil Yüksel,c-yuksel,0.973,7
186910,Rodri,rodri,37440673,Mike Vestergård,mike-vestergard,0.971,8
186910,Rodri,rodri,37711542,Lars Mol,l-mol,0.971,9
186910,Rodri,rodri,37363316,Gibson Yah,g-yah,0.969,10
37592729,João Neves,j-goncalves-neves,459145,Bruno Guimarães,b-guimaraes-rodriguez-moura,0.859,1
37592729,João Neves,j-goncalves-neves,37402348,João Gomes,gomes,0.859,2
37592729,João Neves,j-goncalves-neves,159372,André Gomes,a-tavares-gomes,0.858,3
37592729,João Neves,j-goncalves-neves,37526007,André,a-trindade-da-costa-neto,0.856,4
37592729,João Neves,j-goncalves-neves,496775,Pedro Neto,p-lomba-neto,0.856,5
37592729,João Neves,j-goncalves-neves,37337129,Martim Neto,m-carvalho-neto,0.86,6
37592729,João Neves,j-goncalves-neves,21781428,Matheus Nunes,m-nunes,0.852,7
37592729,João Neves,j-goncalves-neves,37622174,Abdoul Ouattara,g-ouattara,0.857,8
37592729,João Neves,j-goncalves-neves,937,Nabil Bentaleb,n-bentaleb,0.856,9
37592729,João Neves,j-goncalves-neves,4545430,Vitinha,v-machado-ferreira,0.848,10
1371,Kevin De Bruyne,k-de-bruyne,3876919,Sebastian Nanasi,s-nanasi,0.981,1
1371,Kevin De Bruyne,k-de-bruyne,43244,Efkan Bekiroğlu,e-bekiroglu,0.978,2
1371,Kevin De Bruyne,k-de-bruyne,200899,Soner Aydoğdu,s-aydogdu,0.976,3
1371,Kevin De Bruyne,k-de-bruyne,37558993,Raul Paula,r-paula,0.976,4
1371,Kevin De Bruyne,k-de-bruyne,37543978,Samir Lagsir,s-lagsir,0.975,5
1371,Kevin De Bruyne,k-de-bruyne,200541,İsmail Köybaşı,i-koybasi,0.975,6
1371,Kevin De Bruyne,k-de-bruyne,37655237,Matija Mitrovic,m-mitrovic,0.975,7
1371,Kevin De Bruyne,k-de-bruyne,33186829,Jamal Musiala,j-musiala,0.972,8
1371,Kevin De Bruyne,k-de-bruyne,23269649,Adil Aouchiche,a-aouchiche,0.972,9
1371,Kevin De Bruyne,k-de-bruyne,37352825,İbrahim Kaya,i-kaya,0.969,10
187260,Achraf Hakimi,a-hakimi-mouh,37289275,Fabiano Parisi,f-parisi,0.853,1
187260,Achraf Hakimi,a-hakimi-mouh,96611,Kylian Mbappé,k-mbappe,0.842,2
187260,Achraf Hakimi,a-hakimi-mouh,129794,Emerson,e-palmieri-dos-santos,0.845,3
187260,Achraf Hakimi,a-hakimi-mouh,37646962,Tiago Santos,t-santos-carvalho,0.845,4
187260,Achraf Hakimi,a-hakimi-mouh,37676603,Arsène Kouassi,k-kouassi,0.832,5
187260,Achraf Hakimi,a-hakimi-mouh,102002,Jonathan Clauss,j-clauss,0.84,6
187260,Achraf Hakimi,a-hakimi-mouh,188444,Nicolás Tagliafico,n-alejandro-tagliafico,0.838,7
187260,Achraf Hakimi,a-hakimi-mouh,29313248,Abner,a-da-silva-santos,0.838,8
187260,Achraf Hakimi,a-hakimi-mouh,24445509,Saud Abdulhamid,s-abdul-hamid,0.835,9
187260,Achraf Hakimi,a-hakimi-mouh,37262099,Nuno Mendes,n-mendes,0.833,10
24838191,Josko Gvardiol,j-gvardiol,4536500,Marc Guéhi,m-guehi,0.847,1
24838191,Josko Gvardiol,j-gvardiol,17544737,William Saliba,w-saliba,0.844,2
24838191,Josko Gvardiol,j-gvardiol,21762216,Malick Thiaw,m-thiaw,0.844,3
24838191,Josko Gvardiol,j-gvardiol,8403613,Jakub Kiwior,j-kiwior,0.843,4
24838191,Josko Gvardiol,j-gvardiol,37296248,Micky van de Ven,m-van-de-ven,0.841,5
24838191,Josko Gvardiol,j-gvardiol,37261500,Moisés Caicedo,m-caicedo-corozo,0.84,6
24838191,Josko Gvardiol,j-gvardiol,37317367,Malo Gusto,m-gusto,0.84,7
24838191,Josko Gvardiol,j-gvardiol,448448,Marc Cucurella,m-cucurella,0.839,8
24838191,Josko Gvardiol,j-gvardiol,5270466,J. Timber,j-timber,0.837,9
24838191,Josko Gvardiol,j-gvardiol,4545394,Benoît Badiashile,b-badiashile-mukinayi,0.844,10
37647009,Endrick,e-moreira-de-sousa,20333643,Mason Greenwood,m-greenwood,0.843,1
37647009,Endrick,e-moreira-de-sousa,96611,Kylian Mbappé,k-mbappe,0.839,2
37647009,Endrick,e-moreira-de-sousa,37701999,Estêvão,e-almeida-de-oliveira-goncalves,0.846,3
37647009,Endrick,e-moreira-de-sousa,600687,Vinicius Junior,vinicius,0.837,4
37647009,Endrick,e-moreira-de-sousa,23269650,Arnaud Kalimuendo,a-muinga,0.842,5
37647009,Endrick,e-moreira-de-sousa,37266015,Youssoufa Moukoko,y-moukoko,0.831,6
37647009,Endrick,e-moreira-de-sousa,37547467,Arda Güler,a-guler,0.837,7
37647009,Endrick,e-moreira-de-sousa,37590938,Désiré Doué,d-doue,0.837,8
37647009,Endrick,e-moreira-de-sousa,29328428,Igor Paixão,i-barbosa-da-paixao,0.835,9
37647009,Endrick,e-moreira-de-sousa,37593237,Warren Zaïre-Emery,w-zaire-emery,0.835,10
262644,Alphonso Davies,a-davies,32397,Raphaël Guerreiro,r-guerreiro,0.984,1
262644,Alphonso Davies,a-davies,37586651,Max Finkgräfe,m-finkgrafe,0.984,2
262644,Alphonso Davies,a-davies,23660720,Olivier Deman,o-deman,0.983,3
262644,Alphonso Davies,a-davies,100391,Anthony Caci,a-caci,0.976,4
262644,Alphonso Davies,a-davies,34907337,Luca Bolay,l-bolay,0.976,5
262644,Alphonso Davies,a-davies,101091,L. Vallier,l-vallier,0.974,6
262644,Alphonso Davies,a-davies,160956,João Cancelo,j-cavaco-cancelo,0.968,7
262644,Alphonso Davies,a-davies,41894,Anton Donkor,a-donkor,0.967,8
262644,Alphonso Davies,a-davies,32390,Ulisses Garcia,u-garcia-lopes,0.967,9
262644,Alphonso Davies,a-davies,37336215,Mathias Løvik,m-lovik,0.966,10
1193,N'Golo Kanté,n-kante,159700,Casemiro,c-casimiro,0.837,1
1193,N'Golo Kanté,n-kante,73147,Mateo Kovacic,m-kovai,0.832,2
1193,N'Golo Kanté,n-kante,5319,Wilfred Ndidi,o-ndidi,0.827,3
1193,N'Golo Kanté,n-kante,5270371,Aurélien Tchouaméni,a-tchouameni,0.818,4
1193,N'Golo Kanté,n-kante,1887,Granit Xhaka,g-xhaka,0.818,5
1193,N'Golo Kanté,n-kante,537121,Mason Mount,m-mount,0.824,6
1193,N'Golo Kanté,n-kante,1743,Virgil van Dijk,v-van-dijk,0.814,7
1193,N'Golo Kanté,n-kante,1992,Paul Pogba,p-pogba,0.813,8
1193,N'Golo Kanté,n-kante,4545513,Curtis Jones,c-jones,0.82,9
1193,N'Golo Kanté,n-kante,96943,Ibrahim Sangaré,i-sangare,0.819,10
455805,Victor Osimhen,v-osimhen,84143,Paul Onuachu,e-onuachu,0.872,1
455805,Victor Osimhen,v-osimhen,785058,Mohamed Bayo,m-bayo,0.835,2
455805,Victor Osimhen,v-osimhen,154421,Erling Haaland,e-haaland,0.831,3
455805,Victor Osimhen,v-osimhen,31739,Pierre-Emerick Aubameyang,p-aubameyang,0.836,4
455805,Victor Osimhen,v-osimhen,25514,Alexander Sørloth,a-sorloth,0.835,5
455805,Victor Osimhen,v-osimhen,96611,Kylian Mbappé,k-mbappe,0.826,6
455805,Victor Osimhen,v-osimhen,129095,Mauro Icardi,m-icardi-rivero,0.825,7
455805,Victor Osimhen,v-osimhen,24818280,Benjamin Sesko,b-eko,0.833,8
455805,Victor Osimhen,v-osimhen,37562339,Felipe Augusto,f-da-silva,0.832,9
455805,Victor Osimhen,v-osimhen,130142,Milan Škriniar,m-kriniar,0.822,10
947,Luis Suárez,l-suarez-diaz,240244,Luis Suárez,l-suarez-charris,0.836,1
947,Luis Suárez,l-suarez-diaz,185972,Isco,f-alarcon-suarez,0.812,2
947,Luis Suárez,l-suarez-diaz,268,Luka Modrić,l-modri,0.808,3
947,Luis Suárez,l-suarez-diaz,4125,Mohamed Salah,m-salah,0.794,4
947,Luis Suárez,l-suarez-diaz,186864,Borja Iglesias,b-iglesias-quintas,0.797,5
947,Luis Suárez,l-suarez-diaz,129523,Duván Zapata,d-zapata-banguera,0.797,6
947,Luis Suárez,l-suarez-diaz,1396,Ayoze Pérez,a-perez-gutierrez,0.796,7
947,Luis Suárez,l-suarez-diaz,160217,Raúl Jiménez,r-jimenez-rodriguez,0.785,8
947,Luis Suárez,l-suarez-diaz,1300,Alexis Sánchez,a-sanchez-sanchez,0.795,9
947,Luis Suárez,l-suarez-diaz,10692,Toni Martínez,a-martinez-lopez,0.784,10
185658,Antoine Griezmann,a-griezmann,37580783,Marcus De Claville Berthelsen,marcus-de-claville-berthelsen,0.967,1
185658,Antoine Griezmann,a-griezmann,31439,Noa Lang,n-lang,0.965,2
185658,Antoine Griezmann,a-griezmann,37656061,Ethan Mbappé,e-mbappe-lottin,0.956,3
185658,Antoine Griezmann,a-griezmann,13238937,Giacomo Raspadori,g-raspadori,0.952,4
185658,Antoine Griezmann,a-griezmann,37540621,Nicolas Jackson,n-jackson,0.951,5
185658,Antoine Griezmann,a-griezmann,37781519,Jocelin Ta Bi,d-bi,0.95,6
185658,Antoine Griezmann,a-griezmann,1498548,Jota Silva,j-ferreira-silva,0.95,7
185658,Antoine Griezmann,a-griezmann,33992579,Kristian Strømland Lien,k-lien,0.949,8
185658,Antoine Griezmann,a-griezmann,200899,Soner Aydoğdu,s-aydogdu,0.949,9
185658,Antoine Griezmann,a-griezmann,37266217,Joshua Schwirten,j-schwirten,0.948,10
929,Memphis Depay,m-depay,11298787,Billal Brahimi,b-brahimi,0.836,1
929,Memphis Depay,m-depay,23269660,Charles De Ketelaere,c-de-ketelaere,0.822,2
929,Memphis Depay,m-depay,5640878,Sergiño Dest,s-dest,0.818,3
929,Memphis Depay,m-depay,995,Romelu Lukaku,r-lukaku-menama,0.814,4
929,Memphis Depay,m-depay,31739,Pierre-Emerick Aubameyang,p-aubameyang,0.823,5
929,Memphis Depay,m-depay,32438,Christian Pulisic,c-pulisic,0.823,6
929,Memphis Depay,m-depay,4237,Florian Thauvin,f-thauvin,0.822,7
929,Memphis Depay,m-depay,165622,Dennis Man,d-man,0.813,8
929,Memphis Depay,m-depay,37607729,Arthur Atta,a-atta,0.821,9
929,Memphis Depay,m-depay,186321,Samu Castillejo,samu-castillejo,0.82,10
30922,Marco Reus,m-reus,30999,Mario Götze,m-gotze,0.875,1
30922,Marco Reus,m-reus,35815,Florian Neuhaus,f-neuhaus,0.844,2
30922,Marco Reus,m-reus,31864,Kevin Stöger,k-stoger,0.842,3
30922,Marco Reus,m-reus,30264,Martijn Kaars,m-kaars,0.83,4
30922,Marco Reus,m-reus,268,Luka Modrić,l-modri,0.828,5
30922,Marco Reus,m-reus,34432365,Giovanni Reyna,g-reyna,0.835,6
30922,Marco Reus,m-reus,31636,Mitchell Weiser,m-weiser,0.824,7
30922,Marco Reus,m-reus,1835,Henrikh Mkhitaryan,h-mkhitaryan,0.832,8
30922,Marco Reus,m-reus,37266015,Youssoufa Moukoko,y-moukoko,0.821,9
30922,Marco Reus,m-reus,185972,Isco,f-alarcon-suarez,0.817,10
186320,Neymar,neymar,133127,Nicolò Zaniolo,n-zaniolo,0.833,1
186320,Neymar,neymar,540251,Rafael Leão,r-conceicao-leao,0.833,2
186320,Neymar,neymar,27133,David Neres,d-neres-campos,0.832,3
186320,Neymar,neymar,37592729,João Neves,j-goncalves-neves,0.831,4
186320,Neymar,neymar,129946,Lorenzo Pellegrini,l-pellegrini,0.827,5
186320,Neymar,neymar,129261,Paulo Dybala,p-exequiel-dybala,0.827,6
186320,Neymar,neymar,1992,Paul Pogba,p-pogba,0.818,7
186320,Neymar,neymar,10959356,Gabriel Martinelli,g-martinelli-silva,0.826,8
186320,Neymar,neymar,37337129,Martim Neto,m-carvalho-neto,0.824,9
186320,Neymar,neymar,3510260,Juan Miranda,j-miranda-gonzalez,0.823,10
159699,Rúben Neves,r-da-silva-neves,37592729,João Neves,j-goncalves-neves,0.93,1
159699,Rúben Neves,r-da-silva-neves,37526007,André,a-trindade-da-costa-neto,0.877,2
159699,Rúben Neves,r-da-silva-neves,459145,Bruno Guimarães,b-guimaraes-rodriguez-moura,0.877,3
159699,Rúben Neves,r-da-silva-neves,129602,Bruno Fernandes,b-fernandes,0.876,4
159699,Rúben Neves,r-da-silva-neves,37402348,João Gomes,gomes,0.874,5
159699,Rúben Neves,r-da-silva-neves,21781428,Matheus Nunes,m-nunes,0.871,6
159699,Rúben Neves,r-da-silva-neves,1846739,Matheus Cunha,m-carneiro-da-cunha,0.865,7
159699,Rúben Neves,r-da-silva-neves,496775,Pedro Neto,p-lomba-neto,0.859,8
159699,Rúben Neves,r-da-silva-neves,160072,João Palhinha,j-lobo-alves-palhinha-goncalves,0.864,9
159699,Rúben Neves,r-da-silva-neves,160217,Raúl Jiménez,r-jimenez-rodriguez,0.852,10
580,Cristiano Ronaldo,c-ronaldo,832,David de Gea,d-de-gea-quintana,0.827,1
580,Cristiano Ronaldo,c-ronaldo,4125,Mohamed Salah,m-salah,0.823,2
580,Cristiano Ronaldo,c-ronaldo,154421,Erling Haaland,e-haaland,0.813,3
580,Cristiano Ronaldo,c-ronaldo,1193,N'Golo Kanté,n-kante,0.811,4
580,Cristiano Ronaldo,c-ronaldo,432872,Randal Kolo Muani,r-kolo-muani,0.818,5
580,Cristiano Ronaldo,c-ronaldo,96611,Kylian Mbappé,k-mbappe,0.808,6
580,Cristiano Ronaldo,c-ronaldo,1878,Marcus Rashford,m-rashford,0.815,7
580,Cristiano Ronaldo,c-ronaldo,540251,Rafael Leão,r-conceicao-leao,0.812,8
580,Cristiano Ronaldo,c-ronaldo,268,Luka Modrić,l-modri,0.802,9
580,Cristiano Ronaldo,c-ronaldo,159700,Casemiro,c-casimiro,0.801,10
971,Riyad Mahrez,r-mahrez,1116,Jack Grealish,j-grealish,0.866,1
971,Riyad Mahrez,r-mahrez,11298787,Billal Brahimi,b-brahimi,0.858,2
971,Riyad Mahrez,r-mahrez,4125,Mohamed Salah,m-salah,0.847,3
971,Riyad Mahrez,r-mahrez,37738333,Mateus Mané,m-mane,0.841,4
971,Riyad Mahrez,r-mahrez,802,Raheem Sterling,r-sterling,0.837,5
971,Riyad Mahrez,r-mahrez,37543248,Dango Ouattara,dango-ouattara,0.834,6
971,Riyad Mahrez,r-mahrez,942,Serge Gnabry,s-gnabry,0.824,7
971,Riyad Mahrez,r-mahrez,4783,Leroy Sané,l-sane,0.824,8
971,Riyad Mahrez,r-mahrez,21072805,Rayan Cherki,m-cherki,0.832,9
971,Riyad Mahrez,r-mahrez,37679567,Rayan,r-rocha,0.829,10
186982,Youssef En-Nesyri,y-en-nesyri,37568657,Roberto Fernández,r-fernandez-jaen,0.839,1
186982,Youssef En-Nesyri,y-en-nesyri,240244,Luis Suárez,l-suarez-charris,0.821,2
186982,Youssef En-Nesyri,y-en-nesyri,529420,Abel Ruiz,a-ruiz-ortega,0.82,3
186982,Youssef En-Nesyri,y-en-nesyri,13187047,Estéban Lepaul,e-lepaul,0.827,4
186982,Youssef En-Nesyri,y-en-nesyri,37739178,Yassir Zabiri,m-zabiri,0.825,5
186982,Youssef En-Nesyri,y-en-nesyri,37562339,Felipe Augusto,f-da-silva,0.824,6
186982,Youssef En-Nesyri,y-en-nesyri,36265,Vangelis Pavlidis,v-pavlidis,0.815,7
186982,Youssef En-Nesyri,y-en-nesyri,37660433,Herba Guirassy,b-guirassy,0.823,8
186982,Youssef En-Nesyri,y-en-nesyri,37719366,Rayan Fofana,r-fofana,0.822,9
186982,Youssef En-Nesyri,y-en-nesyri,3188026,Anastasios Douvikas,a-douvikas,0.821,10
184798,Lionel Messi,l-messi,37781519,Jocelin Ta Bi,d-bi,0.976,1
184798,Lionel Messi,l-messi,37598766,Roony Bardghji,r-bardghji,0.976,2
184798,Lionel Messi,l-messi,29710712,Vinícius Lopes,v-lopes-da-silva,0.975,3
184798,Lionel Messi,l-messi,3179620,R. Ghrieb,r-ghrieb,0.975,4
184798,Lionel Messi,l-messi,37529951,Daan Rots,d-rots,0.973,5
184798,Lionel Messi,l-messi,37582531,Tai Abed,t-abed,0.971,6
184798,Lionel Messi,l-messi,1498548,Jota Silva,j-ferreira-silva,0.972,7
184798,Lionel Messi,l-messi,37622998,Luca Koleosho,l-koleosho,0.971,8
184798,Lionel Messi,l-messi,23269680,Gonçalo Borges,g-albuquerque-borges,0.97,9
184798,Lionel Messi,l-messi,5321,Ademola Lookman,a-lookman,0.968,10
93948,Karim Benzema,k-benzema,31000,Robert Lewandowski,r-lewandowski,0.854,1
93948,Karim Benzema,k-benzema,268,Luka Modrić,l-modri,0.846,2
93948,Karim Benzema,k-benzema,96611,Kylian Mbappé,k-mbappe,0.842,3
93948,Karim Benzema,k-benzema,31739,Pierre-Emerick Aubameyang,p-aubameyang,0.848,4
93948,Karim Benzema,k-benzema,1396,Ayoze Pérez,a-perez-gutierrez,0.847,5
93948,Karim Benzema,k-benzema,32744,Borja Mayoral,b-mayoral-moya,0.844,6
93948,Karim Benzema,k-benzema,98903,Ferland Mendy,f-mendy,0.838,7
93948,Karim Benzema,k-benzema,129660,Álvaro Morata,a-morata-martin,0.837,8
93948,Karim Benzema,k-benzema,185972,Isco,f-alarcon-suarez,0.828,9
93948,Karim Benzema,k-benzema,34700,Ante Budimir,a-budimir,0.827,10
1461,Roberto Firmino,r-firmino,159917,Diogo Jota,d-jota,0.864,1
1461,Roberto Firmino,r-firmino,4125,Mohamed Salah,m-salah,0.856,2
1461,Roberto Firmino,r-firmino,942,Serge Gnabry,s-gnabry,0.846,3
1461,Roberto Firmino,r-firmino,37563876,Diego Gómez,d-gomez-amarilla,0.838,4
1461,Roberto Firmino,r-firmino,37738333,Mateus Mané,m-mane,0.842,5
1461,Roberto Firmino,r-firmino,219633,Richarlison,r-de-andrade,0.841,6
1461,Roberto Firmino,r-firmino,459145,Bruno Guimarães,b-guimaraes-rodriguez-moura,0.83,7
1461,Roberto Firmino,r-firmino,802,Raheem Sterling,r-sterling,0.837,8
1461,Roberto Firmino,r-firmino,37568657,Roberto Fernández,r-fernandez-jaen,0.827,9
1461,Roberto Firmino,r-firmino,37602125,Ben Gannon-Doak,b-doak,0.826,10
4313,Heung-min Son,h-son,23269680,Gonçalo Borges,g-albuquerque-borges,0.983,1
4313,Heung-min Son,h-son,37721333,Rio Ngumoha,r-ngumoha,0.981,2
4313,Heung-min Son,h-son,37598766,Roony Bardghji,r-bardghji,0.98,3
4313,Heung-min Son,h-son,1498548,Jota Silva,j-ferreira-silva,0.98,4
4313,Heung-min Son,h-son,37459033,Ángel Alarcón,angel-galiot,0.979,5
4313,Heung-min Son,h-son,5321,Ademola Lookman,a-lookman,0.977,6
4313,Heung-min Son,h-son,37622998,Luca Koleosho,l-koleosho,0.976,7
4313,Heung-min Son,h-son,37615912,Gustavo Silva,g-da-silva-cunha,0.975,8
4313,Heung-min Son,h-son,37539430,Abdallah Sima,a-sima,0.973,9
4313,Heung-min Son,h-son,37781519,Jocelin Ta Bi,d-bi,0.97,10
1389,Sadio Mané,s-mane,37738333,Mateus Mané,m-mane,0.892,1
1389,Sadio Mané,s-mane,4125,Mohamed Salah,m-salah,0.865,2
1389,Sadio Mané,s-mane,4783,Leroy Sané,l-sane,0.855,3
1389,Sadio Mané,s-mane,802,Raheem Sterling,r-sterling,0.851,4
1389,Sadio Mané,s-mane,942,Serge Gnabry,s-gnabry,0.838,5
1389,Sadio Mané,s-mane,5640849,Mohammed Kudus,m-kudus,0.832,6
1389,Sadio Mané,s-mane,432872,Randal Kolo Muani,r-kolo-muani,0.835,7
1389,Sadio Mané,s-mane,30062,Cody Gakpo,c-gakpo,0.826,8
1389,Sadio Mané,s-mane,1193,N'Golo Kanté,n-kante,0.825,9
1389,Sadio Mané,s-mane,130022,Lucas Torreira,l-torreira-di-pascua,0.822,10
5569,Alex Cairns,a-cairns,52627,Tino Casali,t-casali,0.998,1
5569,Alex Cairns,a-cairns,200612,Volkan Babacan,v-babacan,0.998,2
5569,Alex Cairns,a-cairns,31429,Benjamin Uphoff,b-uphoff,0.997,3
5569,Alex Cairns,a-cairns,37537178,Deniz Dilmen,deniz-dilmen,0.997,4
5569,Alex Cairns,a-cairns,147834,Lazar Carević,l-carevi,0.991,5
5569,Alex Cairns,a-cairns,219080,Marcos Felipe,m-de-freitas-monteiro,0.991,6
5569,Alex Cairns,a-cairns,329509,Paul Izzo,p-izzo,0.991,7
5569,Alex Cairns,a-cairns,446609,Alfonso Herrero,a-herrero-peinador,0.99,8
5569,Alex Cairns,a-cairns,37369430,Nahuel Noll,n-noll,0.988,9
5569,Alex Cairns,a-cairns,162164,Mory Diaw,m-diaw,0.988,10
2510970,Urko Izeta,u-iruretagoiena-lertxundi,190168,Gorka Guruzeta,g-guruzeta-rodriguez,0.893,1
2510970,Urko Izeta,u-iruretagoiena-lertxundi,34700,Ante Budimir,a-budimir,0.85,2
2510970,Urko Izeta,u-iruretagoiena-lertxundi,186864,Borja Iglesias,b-iglesias-quintas,0.855,3
2510970,Urko Izeta,u-iruretagoiena-lertxundi,37739178,Yassir Zabiri,m-zabiri,0.843,4
2510970,Urko Izeta,u-iruretagoiena-lertxundi,37568657,Roberto Fernández,r-fernandez-jaen,0.834,5
2510970,Urko Izeta,u-iruretagoiena-lertxundi,186932,Mikel Oyarzabal,m-oyarzabal-ugarte,0.841,6
2510970,Urko Izeta,u-iruretagoiena-lertxundi,186965,Rafa Mir,r-mir-vicente,0.832,7
2510970,Urko Izeta,u-iruretagoiena-lertxundi,529420,Abel Ruiz,a-ruiz-ortega,0.83,8
2510970,Urko Izeta,u-iruretagoiena-lertxundi,37666773,Adrián Liso,a-liso-lahoz,0.828,9
2510970,Urko Izeta,u-iruretagoiena-lertxundi,37593253,Gonzalo García,g-garcia-torres,0.834,10
37716600,Lander Astiazaran,l-astiazaran-escabias,83417,M. Jensen,m-jensen-83417,0.993,1
37716600,Lander Astiazaran,l-astiazaran-escabias,37648056,Sami Ouaissa,s-ouaissa,0.993,2
37716600,Lander Astiazaran,l-astiazaran-escabias,37603833,Jochem Ritmeester van de Kamp,j-ritmeester-van-de-kamp,0.984,3
37716600,Lander Astiazaran,l-astiazaran-escabias,37503644,Jakob Breum,j-breum,0.982,4
37716600,Lander Astiazaran,l-astiazaran-escabias,37719386,Nicolas Verkooijen,n-verkooijen,0.982,5
37716600,Lander Astiazaran,l-astiazaran-escabias,22878566,Laurin Curda,l-curda,0.981,6
37716600,Lander Astiazaran,l-astiazaran-escabias,3455,Daniel Johnson,d-johnson,0.979,7
37716600,Lander Astiazaran,l-astiazaran-escabias,17158410,S. Colyn,s-colyn,0.977,8
37716600,Lander Astiazaran,l-astiazaran-escabias,37580790,Mathias Kubel,mathias-kubel,0.975,9
37716600,Lander Astiazaran,l-astiazaran-escabias,43381,Luca Marseiler,l-marseiler,0.975,10
538850,Mike Tresor,m-ndayishimiye,7926,Morgan Gibbs-White,m-gibbs-white,0.859,1
538850,Mike Tresor,m-ndayishimiye,37575228,Antoni Milambo,a-milambo,0.859,2
538850,Mike Tresor,m-ndayishimiye,61780,Leandro Trossard,l-trossard,0.855,3
538850,Mike Tresor,m-ndayishimiye,37317392,Xavi Simons,x-simons,0.851,4
538850,Mike Tresor,m-ndayishimiye,4254,Bertrand Traoré,b-traore,0.85,5
538850,Mike Tresor,m-ndayishimiye,36084757,Boubacar Traoré,b-traore-36084757,0.849,6
538850,Mike Tresor,m-ndayishimiye,37429246,Florian Wirtz,f-wirtz,0.842,7
538850,Mike Tresor,m-ndayishimiye,37583548,Tom Watson,t-watson,0.839,8
538850,Mike Tresor,m-ndayishimiye,21072805,Rayan Cherki,m-cherki,0.846,9
538850,Mike Tresor,m-ndayishimiye,26803,Justin Kluivert,j-kluivert,0.846,10
37342615,Abdoullah Ba,a-ba-37342615,538850,Mike Tresor,m-ndayishimiye,0.85,1
37342615,Abdoullah Ba,a-ba-37342615,162141,Mama Baldé,m-balde,0.842,2
37342615,Abdoullah Ba,a-ba-37342615,37588823,Carlos Baleba,c-noom-quomah,0.84,3
37342615,Abdoullah Ba,a-ba-37342615,37526157,Yasin Ayari,y-ayari,0.829,4
37342615,Abdoullah Ba,a-ba-37342615,37575228,Antoni Milambo,a-milambo,0.828,5
37342615,Abdoullah Ba,a-ba-37342615,33186829,Jamal Musiala,j-musiala,0.836,6
37342615,Abdoullah Ba,a-ba-37342615,37635823,Barış Kalaycı,b-kalayci,0.824,7
37342615,Abdoullah Ba,a-ba-37342615,37592744,Luis Hasa,l-hasa,0.832,8
37342615,Abdoullah Ba,a-ba-37342615,37423017,Samson Baidoo,s-baidoo,0.822,9
37342615,Abdoullah Ba,a-ba-37342615,380232,Dani Rodríguez,d-rodriguez-vazquez,0.822,10
37676502,Arkaitz Mariezkurrena,a-mariezkurrena-etxezarreta,37653547,Fabrício Garcia,f-garcia-andrade,0.996,1
37676502,Arkaitz Mariezkurrena,a-mariezkurrena-etxezarreta,37735519,Kareem Tunde,k-tunde-ruiz,0.962,2
37676502,Arkaitz Mariezkurrena,a-mariezkurrena-etxezarreta,27067064,Noah Weißhaupt,n-weisshaupt,0.957,3
37676502,Arkaitz Mariezkurrena,a-mariezkurrena-etxezarreta,37611947,Cédric Jean-Luc Nuozzi,c-nuozzi,0.957,4
37676502,Arkaitz Mariezkurrena,a-mariezkurrena-etxezarreta,37538528,Tim Rossmann,t-rossmann,0.955,5
37676502,Arkaitz Mariezkurrena,a-mariezkurrena-etxezarreta,37646978,Soufiane Hetli,s-hetli,0.956,6
37676502,Arkaitz Mariezkurrena,a-mariezkurrena-etxezarreta,37684491,Landerson,l-costa-araujo,0.956,7
37676502,Arkaitz Mariezkurrena,a-mariezkurrena-etxezarreta,37527341,V. Rasmussen,v-rasmussen,0.955,8
37676502,Arkaitz Mariezkurrena,a-mariezkurrena-etxezarreta,37559590,Lasse Wehmeyer,l-wehmeyer,0.952,9
37676502,Arkaitz Mariezkurrena,a-mariezkurrena-etxezarreta,37579452,Babatunde Jimoh Akinsola,b-akinsola,0.95,10
37257596,Bart Verbruggen,b-verbruggen,3130,David Raya,d-raya-martin,0.871,1
37257596,Bart Verbruggen,b-verbruggen,23730717,Mads Hermansen,m-hermansen,0.868,2
37257596,Bart Verbruggen,b-verbruggen,37397144,Robin Roefs,r-roefs,0.862,3
37257596,Bart Verbruggen,b-verbruggen,538472,Djordje Petrovic,d-petrovi,0.861,4
37257596,Bart Verbruggen,b-verbruggen,14685650,Giorgi Mamardashvili,g-mamardashvili,0.867,5
37257596,Bart Verbruggen,b-verbruggen,37261500,Moisés Caicedo,m-caicedo-corozo,0.86,6
37257596,Bart Verbruggen,b-verbruggen,896225,Caoimhín Kelleher,c-kelleher,0.859,7
37257596,Bart Verbruggen,b-verbruggen,9438,Aaron Ramsdale,a-ramsdale,0.865,8
37257596,Bart Verbruggen,b-verbruggen,133779,Guglielmo Vicario,g-vicario,0.858,9
37257596,Bart Verbruggen,b-verbruggen,62962,Mile Svilar,m-svilar,0.852,10
37407204,Igor Thiago,thiago-37407204,159917,Diogo Jota,d-jota,0.861,1
37407204,Igor Thiago,thiago-37407204,29328429,Igor Jesus,i-da-cruz,0.832,2
37407204,Igor Thiago,thiago-37407204,219633,Richarlison,r-de-andrade,0.84,3
37407204,Igor Thiago,thiago-37407204,537316,Zian Flemming,z-flemming,0.834,4
37407204,Igor Thiago,thiago-37407204,5141,Dominic Calvert-Lewin,d-calvert-lewin,0.82,5
37407204,Igor Thiago,thiago-37407204,154421,Erling Haaland,e-haaland,0.82,6
37407204,Igor Thiago,thiago-37407204,340344,Marcus Edwards,m-edwards,0.828,7
37407204,Igor Thiago,thiago-37407204,537217,Lukas Nmecha,l-nmecha,0.827,8
37407204,Igor Thiago,thiago-37407204,160120,André Silva,a-valente-silva,0.827,9
37407204,Igor Thiago,thiago-37407204,37738333,Mateus Mané,m-mane,0.827,10
1592,Jarrod Bowen,j-bowen,52868,Hee-chan Hwang,h-hwang,0.859,1
1592,Jarrod Bowen,j-bowen,9808,David Brooks,d-brooks,0.854,2
1592,Jarrod Bowen,j-bowen,5403,Harry Wilson,h-wilson,0.844,3
1592,Jarrod Bowen,j-bowen,37678216,Christantus Uche,c-uche,0.843,4
1592,Jarrod Bowen,j-bowen,30062,Cody Gakpo,c-gakpo,0.839,5
1592,Jarrod Bowen,j-bowen,10990678,Antoine Semenyo,a-semenyo,0.834,6
1592,Jarrod Bowen,j-bowen,37554917,Pablo,p-pereira-de-jesus,0.839,7
1592,Jarrod Bowen,j-bowen,19978623,Dan Ndoye,d-ndoye,0.838,8
1592,Jarrod Bowen,j-bowen,4203,Dominic Solanke,d-solanke,0.837,9
1592,Jarrod Bowen,j-bowen,159917,Diogo Jota,d-jota,0.829,10
1826,Jordan Pickford,j-pickford,2763,Nick Pope,n-pope,0.895,1
1826,Jordan Pickford,j-pickford,1008,Sam Johnstone,s-johnstone,0.887,2
1826,Jordan Pickford,j-pickford,12647,Dean Henderson,d-henderson,0.871,3
1826,Jordan Pickford,j-pickford,896225,Caoimhín Kelleher,c-kelleher,0.865,4
1826,Jordan Pickford,j-pickford,1343,Emiliano Martínez,d-martinez,0.864,5
1826,Jordan Pickford,j-pickford,9438,Aaron Ramsdale,a-ramsdale,0.866,6
1826,Jordan Pickford,j-pickford,129771,Gianluigi Donnarumma,g-donnarumma,0.858,7
1826,Jordan Pickford,j-pickford,3130,David Raya,d-raya-martin,0.854,8
1826,Jordan Pickford,j-pickford,460159,Lucas Perri,l-estella-perri,0.854,9
1826,Jordan Pickford,j-pickford,133779,Guglielmo Vicario,g-vicario,0.853,10
4536524,James Garner,j-garner,37550443,Alex Scott,a-scott,0.863,1
4536524,James Garner,j-garner,10831,Ryan Yates,r-yates,0.862,2
4536524,James Garner,j-garner,5640926,Cheick Doucouré,c-doucoure,0.86,3
4536524,James Garner,j-garner,173737,Sean Longstaff,s-longstaff,0.857,4
4536524,James Garner,j-garner,37593153,Mateus Fernandes,m-espanha-fernandes,0.85,5
4536524,James Garner,j-garner,22878573,Amadou Onana,a-mvom-onana,0.856,6
4536524,James Garner,j-garner,459145,Bruno Guimarães,b-guimaraes-rodriguez-moura,0.847,7
4536524,James Garner,j-garner,4598726,Dwight McNeil,d-mcneil,0.853,8
4536524,James Garner,j-garner,5270462,Ryan Gravenberch,r-gravenberch,0.845,9
4536524,James Garner,j-garner,96943,Ibrahim Sangaré,i-sangare,0.852,10
37590847,Thierno Barry,t-barry,458682,Jørgen Strand Larsen,j-strand-larsen,0.842,1
37590847,Thierno Barry,t-barry,914,Chris Wood,c-wood,0.848,2
37590847,Thierno Barry,t-barry,537316,Zian Flemming,z-flemming,0.848,3
37590847,Thierno Barry,t-barry,5141,Dominic Calvert-Lewin,d-calvert-lewin,0.838,4
37590847,Thierno Barry,t-barry,7330507,Brian Brobbey,b-brobbey,0.845,5
37590847,Thierno Barry,t-barry,12433171,Dan Ballard,d-ballard,0.837,6
37590847,Thierno Barry,t-barry,23697427,Armando Broja,a-broja,0.842,7
37590847,Thierno Barry,t-barry,32777430,Nick Woltemade,n-woltemade,0.831,8
37590847,Thierno Barry,t-barry,37528754,Jake O'Brien,j-obrien,0.824,9
37590847,Thierno Barry,t-barry,28912976,Liam Delap,l-delap,0.832,10
178032,Nikola Milenković,n-milenkovi,37659710,Veljko Milosavljevic,v-milosavljevi,0.869,1
178032,Nikola Milenković,n-milenkovi,498161,Maximilian Kilman,m-kilman,0.857,2
178032,Nikola Milenković,n-milenkovi,151418,Kristoffer Ajer,k-vassbakk-ajer,0.857,3
178032,Nikola Milenković,n-milenkovi,5270468,Sven Botman,s-botman,0.861,4
178032,Nikola Milenković,n-milenkovi,37737620,Tiago Gabriel,t-coelho-oliveira,0.853,5
178032,Nikola Milenković,n-milenkovi,333989,Marcos Senesi,m-senesi,0.852,6
178032,Nikola Milenković,n-milenkovi,5666458,Maxence Lacroix,m-lacroix,0.849,7
178032,Nikola Milenković,n-milenkovi,100556,Ibrahima Konaté,i-konate,0.849,8
178032,Nikola Milenković,n-milenkovi,333731,Cristian Romero,c-romero,0.847,9
178032,Nikola Milenković,n-milenkovi,177988,Dušan Vlahović,d-vlahovi,0.854,10
332047,Elliot Anderson,e-anderson,25284,Joachim Andersen,j-andersen,0.88,1
332047,Elliot Anderson,e-anderson,37526007,André,a-trindade-da-costa-neto,0.868,2
332047,Elliot Anderson,e-anderson,84426,Mathias Jensen,m-jensen-84426,0.871,3
332047,Elliot Anderson,e-anderson,37550443,Alex Scott,a-scott,0.86,4
332047,Elliot Anderson,e-anderson,37593153,Mateus Fernandes,m-espanha-fernandes,0.86,5
332047,Elliot Anderson,e-anderson,159700,Casemiro,c-casimiro,0.857,6
332047,Elliot Anderson,e-anderson,129602,Bruno Fernandes,b-fernandes,0.853,7
332047,Elliot Anderson,e-anderson,4545513,Curtis Jones,c-jones,0.859,8
332047,Elliot Anderson,e-anderson,205411,Fred,f-rodrigues-santos,0.852,9
332047,Elliot Anderson,e-anderson,5403,Harry Wilson,h-wilson,0.846,10
955,Luke Shaw,l-shaw,11720838,Neco Williams,n-williams,0.86,1
955,Luke Shaw,l-shaw,448448,Marc Cucurella,m-cucurella,0.851,2
955,Luke Shaw,l-shaw,6524,Matty Cash,m-cash,0.85,3
955,Luke Shaw,l-shaw,1078,Andrew Robertson,a-robertson,0.854,4
955,Luke Shaw,l-shaw,581220,Reece James,r-james,0.846,5
955,Luke Shaw,l-shaw,37656468,Andrés García,a-garcia-robledo,0.846,6
955,Luke Shaw,l-shaw,28716,Noussair Mazraoui,n-mazraoui,0.853,7
955,Luke Shaw,l-shaw,164061,Diogo Dalot,j-dalot-teixeira,0.842,8
955,Luke Shaw,l-shaw,8456257,Pedro Porro,p-porro-sauceda,0.84,9
955,Luke Shaw,l-shaw,4598710,Tyrick Mitchell,t-mitchell,0.84,10
1743,Virgil van Dijk,v-van-dijk,11658171,Sepp van den Berg,s-van-den-berg,0.889,1
1743,Virgil van Dijk,v-van-dijk,100556,Ibrahima Konaté,i-konate,0.872,2
1743,Virgil van Dijk,v-van-dijk,162536,Rúben Dias,r-santos-gato-alves-dias,0.866,3
1743,Virgil van Dijk,v-van-dijk,37544409,Rav van den Berg,r-van-den-berg,0.864,4
1743,Virgil van Dijk,v-van-dijk,26768,Matthijs de Ligt,m-de-ligt,0.856,5
1743,Virgil van Dijk,v-van-dijk,151418,Kristoffer Ajer,k-vassbakk-ajer,0.846,6
1743,Virgil van Dijk,v-van-dijk,2884,Harry Maguire,h-maguire,0.85,7
1743,Virgil van Dijk,v-van-dijk,2206665,Lisandro Martínez,l-martinez-2206665,0.85,8
1743,Virgil van Dijk,v-van-dijk,4536500,Marc Guéhi,m-guehi,0.842,9
1743,Virgil van Dijk,v-van-dijk,17544737,William Saliba,w-saliba,0.838,10
538472,Djordje Petrovic,d-petrovi,14685650,Giorgi Mamardashvili,g-mamardashvili,0.869,1
538472,Djordje Petrovic,d-petrovi,37257596,Bart Verbruggen,b-verbruggen,0.861,2
538472,Djordje Petrovic,d-petrovi,35659570,Gabriel Slonina,g-slonina,0.859,3
538472,Djordje Petrovic,d-petrovi,896225,Caoimhín Kelleher,c-kelleher,0.847,4
538472,Djordje Petrovic,d-petrovi,37397144,Robin Roefs,r-roefs,0.846,5
538472,Djordje Petrovic,d-petrovi,31342,Bernd Leno,b-leno,0.844,6
538472,Djordje Petrovic,d-petrovi,23730717,Mads Hermansen,m-hermansen,0.851,7
538472,Djordje Petrovic,d-petrovi,1826,Jordan Pickford,j-pickford,0.844,8
538472,Djordje Petrovic,d-petrovi,2763,Nick Pope,n-pope,0.851,9
538472,Djordje Petrovic,d-petrovi,2975,Matz Sels,m-sels,0.843,10
28543553,Adrien Truffert,a-truffert,4659,Kyle Walker-Peters,k-walker-peters,0.87,1
28543553,Adrien Truffert,a-truffert,11720838,Neco Williams,n-williams,0.856,2
28543553,Adrien Truffert,a-truffert,4598752,Lutsharel Geertruida,l-geertruida,0.856,3
28543553,Adrien Truffert,a-truffert,97669,Nordi Mukiele,n-mukiele-mulere,0.849,4
28543553,Adrien Truffert,a-truffert,4598710,Tyrick Mitchell,t-mitchell,0.844,5
28543553,Adrien Truffert,a-truffert,37381778,Milos Kerkez,milos-kerkez,0.851,6
28543553,Adrien Truffert,a-truffert,24799911,Tino Livramento,v-livramento,0.851,7
28543553,Adrien Truffert,a-truffert,37259181,Bashir Humphreys,b-humphreys,0.85,8
28543553,Adrien Truffert,a-truffert,23278684,Riccardo Calafiori,r-calafiori,0.842,9
28543553,Adrien Truffert,a-truffert,337432,Romain Perraud,r-perraud,0.848,10
4598710,Tyrick Mitchell,t-mitchell,11720838,Neco Williams,n-williams,0.856,1
4598710,Tyrick Mitchell,t-mitchell,23311159,Ian Maatsen,i-maatsen,0.858,2
4598710,Tyrick Mitchell,t-mitchell,6524,Matty Cash,m-cash,0.85,3
4598710,Tyrick Mitchell,t-mitchell,97669,Nordi Mukiele,n-mukiele-mulere,0.849,4
4598710,Tyrick Mitchell,t-mitchell,4536500,Marc Guéhi,m-guehi,0.849,5
4598710,Tyrick Mitchell,t-mitchell,581067,Antonee Robinson,a-robinson,0.854,6
4598710,Tyrick Mitchell,t-mitchell,28543553,Adrien Truffert,a-truffert,0.844,7
4598710,Tyrick Mitchell,t-mitchell,448448,Marc Cucurella,m-cucurella,0.843,8
4598710,Tyrick Mitchell,t-mitchell,5252,Aaron Wan-Bissaka,a-wan-bissaka,0.848,9
4598710,Tyrick Mitchell,t-mitchell,955,Luke Shaw,l-shaw,0.84,10
3188026,Anastasios Douvikas,a-douvikas,205978,Artem Dovbyk,a-dovbyk,0.878,1
3188026,Anastasios Douvikas,a-douvikas,436159,M'Bala Nzola,m-nzola,0.852,2
3188026,Anastasios Douvikas,a-douvikas,37548503,Matija Frigan,m-frigan,0.84,3
3188026,Anastasios Douvikas,a-douvikas,133769,Moise Kean,m-kean,0.847,4
3188026,Anastasios Douvikas,a-douvikas,155460,Adam Buksa,a-buksa,0.845,5
3188026,Anastasios Douvikas,a-douvikas,433458,Amine Gouiri,a-gouiri,0.844,6
3188026,Anastasios Douvikas,a-douvikas,36265,Vangelis Pavlidis,v-pavlidis,0.836,7
3188026,Anastasios Douvikas,a-douvikas,84143,Paul Onuachu,e-onuachu,0.843,8
3188026,Anastasios Douvikas,a-douvikas,30178,Gianluca Scamacca,g-scamacca,0.842,9
3188026,Anastasios Douvikas,a-douvikas,129600,Federico Bonazzoli,f-bonazzoli,0.841,10
31342,Bernd Leno,b-leno,95393,Alphonse Areola,a-areola,0.887,1
31342,Bernd Leno,b-leno,3130,David Raya,d-raya-martin,0.866,2
31342,Bernd Leno,b-leno,11676280,Noah Atubolu,n-atubolu,0.86,3
31342,Bernd Leno,b-leno,159483,José Sá,j-malheiro-de-sa,0.863,4
31342,Bernd Leno,b-leno,23730717,Mads Hermansen,m-hermansen,0.861,5
31342,Bernd Leno,b-leno,12647,Dean Henderson,d-henderson,0.854,6
31342,Bernd Leno,b-leno,34737,Mark Flekken,m-flekken,0.853,7
31342,Bernd Leno,b-leno,1343,Emiliano Martínez,d-martinez,0.85,8
31342,Bernd Leno,b-leno,31146,Oliver Baumann,o-baumann,0.847,9
31342,Bernd Leno,b-leno,2975,Matz Sels,m-sels,0.846,10
24816771,Trai Hume,t-hume,37259181,Bashir Humphreys,b-humphreys,0.846,1
24816771,Trai Hume,t-hume,37376834,Nicolò Savona,n-savona,0.831,2
24816771,Trai Hume,t-hume,581158,Jayden Bogle,j-bogle,0.825,3
24816771,Trai Hume,t-hume,193196,Gabriel Gudmundsson,g-gudmundsson,0.824,4
24816771,Trai Hume,t-hume,25591503,Jordan Zemura,j-zemura,0.824,5
24816771,Trai Hume,t-hume,6524,Matty Cash,m-cash,0.821,6
24816771,Trai Hume,t-hume,97669,Nordi Mukiele,n-mukiele-mulere,0.819,7
24816771,Trai Hume,t-hume,25930741,Emil Holm,e-holm,0.827,8
24816771,Trai Hume,t-hume,4598710,Tyrick Mitchell,t-mitchell,0.817,9
24816771,Trai Hume,t-hume,37685630,El Hadji Malick Diouf,e-diouf,0.817,10
530762,Martín Zubimendi,m-zubimendi-ibanez,37261500,Moisés Caicedo,m-caicedo-corozo,0.873,1
530762,Martín Zubimendi,m-zubimendi-ibanez,5270371,Aurélien Tchouaméni,a-tchouameni,0.864,2
530762,Martín Zubimendi,m-zubimendi-ibanez,17544737,William Saliba,w-saliba,0.861,3
530762,Martín Zubimendi,m-zubimendi-ibanez,5273,Declan Rice,d-rice,0.858,4
530762,Martín Zubimendi,m-zubimendi-ibanez,5270466,J. Timber,j-timber,0.858,5
530762,Martín Zubimendi,m-zubimendi-ibanez,187170,Igor Zubeldia,i-zubeldia-elorza,0.865,6
530762,Martín Zubimendi,m-zubimendi-ibanez,23269737,Nico González,n-gonzalez-iglesias,0.856,7
530762,Martín Zubimendi,m-zubimendi-ibanez,160072,João Palhinha,j-lobo-alves-palhinha-goncalves,0.862,8
530762,Martín Zubimendi,m-zubimendi-ibanez,5270462,Ryan Gravenberch,r-gravenberch,0.854,9
530762,Martín Zubimendi,m-zubimendi-ibanez,2823228,Sandro Tonali,s-tonali,0.852,10
37316740,Jon Karrikaburu,j-karrika,190168,Gorka Guruzeta,g-guruzeta-rodriguez,0.871,1
37316740,Jon Karrikaburu,j-karrika,34700,Ante Budimir,a-budimir,0.853,2
37316740,Jon Karrikaburu,j-karrika,49353,Vedat Muriqi,v-muriqi,0.846,3
37316740,Jon Karrikaburu,j-karrika,186932,Mikel Oyarzabal,m-oyarzabal-ugarte,0.853,4
37316740,Jon Karrikaburu,j-karrika,27440827,Ander Barrenetxea,a-barrenetxea-muguruza,0.846,5
37316740,Jon Karrikaburu,j-karrika,37646866,Karl Etta Eyong,k-etta-eyong,0.845,6
37316740,Jon Karrikaburu,j-karrika,240195,Cucho Hernández,j-hernandez-suarez,0.837,7
37316740,Jon Karrikaburu,j-karrika,10692,Toni Martínez,a-martinez-lopez,0.835,8
37316740,Jon Karrikaburu,j-karrika,37422925,Jon Aramburu,j-aramburu,0.832,9
37316740,Jon Karrikaburu,j-karrika,35281051,Raúl García,r-garcia-de-haro,0.839,10
627,Danny Welbeck,d-tackie-mensah-welbeck,914,Chris Wood,c-wood,0.852,1
627,Danny Welbeck,d-tackie-mensah-welbeck,1065,Callum Wilson,c-wilson,0.845,2
627,Danny Welbeck,d-tackie-mensah-welbeck,881,Michael Keane,m-keane,0.834,3
627,Danny Welbeck,d-tackie-mensah-welbeck,539961,Eddie Nketiah,e-nketiah,0.837,4
627,Danny Welbeck,d-tackie-mensah-welbeck,5403,Harry Wilson,h-wilson,0.828,5
627,Danny Welbeck,d-tackie-mensah-welbeck,32777430,Nick Woltemade,n-woltemade,0.827,6
627,Danny Welbeck,d-tackie-mensah-welbeck,37583548,Tom Watson,t-watson,0.822,7
627,Danny Welbeck,d-tackie-mensah-welbeck,96950,Jean-Philippe Mateta,j-mateta,0.817,8
627,Danny Welbeck,d-tackie-mensah-welbeck,29328429,Igor Jesus,i-da-cruz,0.815,9
627,Danny Welbeck,d-tackie-mensah-welbeck,28912805,Anthony Elanga,a-elanga,0.823,10
25738,Ferdi Kadıoğlu,f-kadioglu,37600942,Michael Kayode,m-kayode,0.871,1
25738,Ferdi Kadıoğlu,f-kadioglu,25400,Kenny Tete,k-tete,0.853,2
25738,Ferdi Kadıoğlu,f-kadioglu,11720838,Neco Williams,n-williams,0.852,3
25738,Ferdi Kadıoğlu,f-kadioglu,37685630,El Hadji Malick Diouf,e-diouf,0.85,4
25738,Ferdi Kadıoğlu,f-kadioglu,4659,Kyle Walker-Peters,k-walker-peters,0.856,5
25738,Ferdi Kadıoğlu,f-kadioglu,23278684,Riccardo Calafiori,r-calafiori,0.843,6
25738,Ferdi Kadıoğlu,f-kadioglu,193196,Gabriel Gudmundsson,g-gudmundsson,0.842,7
25738,Ferdi Kadıoğlu,f-kadioglu,28543553,Adrien Truffert,a-truffert,0.841,8
25738,Ferdi Kadıoğlu,f-kadioglu,6524,Matty Cash,m-cash,0.839,9
25738,Ferdi Kadıoğlu,f-kadioglu,62337,Timothy Castagne,t-castagne,0.846,10
37565028,Amario Cozier-Duberry,a-cozier-duberry,37723662,O. Hyseni,o-hyseni,0.991,1
37565028,Amario Cozier-Duberry,a-cozier-duberry,37921647,Prince Amoako Junior,p-amoako-junior,0.986,2
37565028,Amario Cozier-Duberry,a-cozier-duberry,37616599,Yosuke Furukawa,y-furukawa,0.985,3
37565028,Amario Cozier-Duberry,a-cozier-duberry,37308393,David Larrubia,d-larrubia-romano,0.978,4
37565028,Amario Cozier-Duberry,a-cozier-duberry,37608596,Seydou Fini,s-fini,0.974,5
37565028,Amario Cozier-Duberry,a-cozier-duberry,37289245,Amine Sbaï,m-sbai,0.973,6
37565028,Amario Cozier-Duberry,a-cozier-duberry,37529708,Derensili Sanches Fernandes,d-sanches-fernandes,0.972,7
37565028,Amario Cozier-Duberry,a-cozier-duberry,37755718,Frederik Emmery,frederik-emmery,0.968,8
37565028,Amario Cozier-Duberry,a-cozier-duberry,86013,Agon Mucolli,agon-mucolli,0.967,9
37565028,Amario Cozier-Duberry,a-cozier-duberry,23717944,Drissa Camara,d-camara,0.967,10
96227,Mike Maignan,m-maignan,129771,Gianluigi Donnarumma,g-donnarumma,0.884,1
96227,Mike Maignan,m-maignan,97706,Jean Butez,j-butez,0.862,2
96227,Mike Maignan,m-maignan,156566,Radoslaw Majecki,r-majecki,0.866,3
96227,Mike Maignan,m-maignan,155896,Vanja Milinković-Savić,v-milinkovi-savi,0.857,4
96227,Mike Maignan,m-maignan,129638,Alex Meret,a-meret,0.858,5
96227,Mike Maignan,m-maignan,96030,Brice Samba,b-samba,0.846,6
96227,Mike Maignan,m-maignan,132128,Ivan Provedel,i-provedel,0.845,7
96227,Mike Maignan,m-maignan,14726357,Pierre Kalulu,p-kalulu-kyatengwa,0.843,8
96227,Mike Maignan,m-maignan,32550,Alexander Nübel,a-nubel,0.842,9
96227,Mike Maignan,m-maignan,538038,Arijanet Murić,a-muri,0.842,10
896225,Caoimhín Kelleher,c-kelleher,129820,Alisson,a-becker,0.872,1
896225,Caoimhín Kelleher,c-kelleher,1826,Jordan Pickford,j-pickford,0.865,2
896225,Caoimhín Kelleher,c-kelleher,23730717,Mads Hermansen,m-hermansen,0.871,3
896225,Caoimhín Kelleher,c-kelleher,9438,Aaron Ramsdale,a-ramsdale,0.87,4
896225,Caoimhín Kelleher,c-kelleher,12647,Dean Henderson,d-henderson,0.863,5
896225,Caoimhín Kelleher,c-kelleher,1008,Sam Johnstone,s-johnstone,0.868,6
896225,Caoimhín Kelleher,c-kelleher,37257596,Bart Verbruggen,b-verbruggen,0.859,7
896225,Caoimhín Kelleher,c-kelleher,34737,Mark Flekken,m-flekken,0.855,8
896225,Caoimhín Kelleher,c-kelleher,37397144,Robin Roefs,r-roefs,0.854,9
896225,Caoimhín Kelleher,c-kelleher,438751,Altay Bayındır,a-bayindir,0.861,10
37509395,Yegor Yarmolyuk,y-yarmoliuk,537271,Vitaliy Mykolenko,v-mykolenko,0.849,1
37509395,Yegor Yarmolyuk,y-yarmoliuk,52867,Xaver Schlager,x-schlager,0.852,2
37509395,Yegor Yarmolyuk,y-yarmoliuk,37423141,Lesley Ugochukwu,c-ugochukwu,0.844,3
37509395,Yegor Yarmolyuk,y-yarmoliuk,24082563,Mats Wieffer,m-wieffer,0.838,4
37509395,Yegor Yarmolyuk,y-yarmoliuk,163210,Florentino,f-morris-luis,0.837,5
37509395,Yegor Yarmolyuk,y-yarmoliuk,37575228,Antoni Milambo,a-milambo,0.836,6
37509395,Yegor Yarmolyuk,y-yarmoliuk,1494447,Joe Willock,j-willock,0.839,7
37509395,Yegor Yarmolyuk,y-yarmoliuk,37526157,Yasin Ayari,y-ayari,0.831,8
37509395,Yegor Yarmolyuk,y-yarmoliuk,37259239,Tim Iroegbunam,t-iroegbunam,0.836,9
37509395,Yegor Yarmolyuk,y-yarmoliuk,97626,Boubacar Kamara,b-kamara,0.827,10
37600942,Michael Kayode,m-kayode,25738,Ferdi Kadıoğlu,f-kadioglu,0.871,1
37600942,Michael Kayode,m-kayode,11720838,Neco Williams,n-williams,0.86,2
37600942,Michael Kayode,m-kayode,4659,Kyle Walker-Peters,k-walker-peters,0.863,3
37600942,Michael Kayode,m-kayode,23311159,Ian Maatsen,i-maatsen,0.858,4
37600942,Michael Kayode,m-kayode,37584176,Lucas Pires,l-pires-silva,0.855,5
37600942,Michael Kayode,m-kayode,25400,Kenny Tete,k-tete,0.848,6
37600942,Michael Kayode,m-kayode,163108,Reinildo Mandava,r-mandava,0.854,7
37600942,Michael Kayode,m-kayode,37685630,El Hadji Malick Diouf,e-diouf,0.846,8
37600942,Michael Kayode,m-kayode,37688184,Jaydee Canvot,j-canvot,0.851,9
37600942,Michael Kayode,m-kayode,37376834,Nicolò Savona,n-savona,0.843,10
1639,James Tarkowski,j-tarkowski,11658171,Sepp van den Berg,s-van-den-berg,0.858,1
1639,James Tarkowski,j-tarkowski,459480,Hjalmar Ekdal,h-ekdal,0.857,2
1639,James Tarkowski,j-tarkowski,2206665,Lisandro Martínez,l-martinez-2206665,0.862,3
1639,James Tarkowski,j-tarkowski,537117,Trevoh Chalobah,t-chalobah,0.855,4
1639,James Tarkowski,j-tarkowski,4536500,Marc Guéhi,m-guehi,0.854,5
1639,James Tarkowski,j-tarkowski,25284,Joachim Andersen,j-andersen,0.852,6
1639,James Tarkowski,j-tarkowski,2815,Dan Burn,d-burn,0.859,7
1639,James Tarkowski,j-tarkowski,33079,Kevin Danso,k-danso,0.857,8
1639,James Tarkowski,j-tarkowski,5141,Dominic Calvert-Lewin,d-calvert-lewin,0.85,9
1639,James Tarkowski,j-tarkowski,1826,Jordan Pickford,j-pickford,0.848,10
21773178,Beto,n-bercique-gomes-betuncal,496775,Pedro Neto,p-lomba-neto,0.857,1
21773178,Beto,n-bercique-gomes-betuncal,219633,Richarlison,r-de-andrade,0.86,2
21773178,Beto,n-bercique-gomes-betuncal,29328429,Igor Jesus,i-da-cruz,0.852,3
21773178,Beto,n-bercique-gomes-betuncal,32777430,Nick Woltemade,n-woltemade,0.852,4
21773178,Beto,n-bercique-gomes-betuncal,28931574,João Pedro,j-junqueira-de-jesus,0.85,5
21773178,Beto,n-bercique-gomes-betuncal,2889,Lucas João,l-santos-joao,0.856,6
21773178,Beto,n-bercique-gomes-betuncal,7330507,Brian Brobbey,b-brobbey,0.854,7
21773178,Beto,n-bercique-gomes-betuncal,914,Chris Wood,c-wood,0.85,8
21773178,Beto,n-bercique-gomes-betuncal,37568657,Roberto Fernández,r-fernandez-jaen,0.841,9
21773178,Beto,n-bercique-gomes-betuncal,240244,Luis Suárez,l-suarez-charris,0.841,10
37528754,Jake O'Brien,j-obrien,37562487,Nico O'Reilly,n-oreilly,0.859,1
37528754,Jake O'Brien,j-obrien,12433171,Dan Ballard,d-ballard,0.859,2
37528754,Jake O'Brien,j-obrien,498161,Maximilian Kilman,m-kilman,0.855,3
37528754,Jake O'Brien,j-obrien,37627036,Murillo,m-santiago-costa-dos-santos,0.854,4
37528754,Jake O'Brien,j-obrien,11705403,Nathan Collins,n-collins,0.854,5
37528754,Jake O'Brien,j-obrien,18218609,Chris Richards,c-richards,0.851,6
37528754,Jake O'Brien,j-obrien,33079,Kevin Danso,k-danso,0.858,7
37528754,Jake O'Brien,j-obrien,151418,Kristoffer Ajer,k-vassbakk-ajer,0.85,8
37528754,Jake O'Brien,j-obrien,881,Michael Keane,m-keane,0.846,9
37528754,Jake O'Brien,j-obrien,33166012,David Møller Wolfe,d-wolfe,0.852,10
10601,Harvey Barnes,h-barnes,9611543,Anthony Gordon,a-gordon-9611543,0.878,1
10601,Harvey Barnes,h-barnes,5403,Harry Wilson,h-wilson,0.845,2
10601,Harvey Barnes,h-barnes,529689,Bryan Mbeumo,b-mbeumo,0.842,3
10601,Harvey Barnes,h-barnes,2823228,Sandro Tonali,s-tonali,0.842,4
10601,Harvey Barnes,h-barnes,459145,Bruno Guimarães,b-guimaraes-rodriguez-moura,0.84,5
10601,Harvey Barnes,h-barnes,25217662,Noni Madueke,c-madueke,0.846,6
10601,Harvey Barnes,h-barnes,11298616,Evanilson,f-de-lima-barbosa,0.838,7
10601,Harvey Barnes,h-barnes,37583548,Tom Watson,t-watson,0.834,8
10601,Harvey Barnes,h-barnes,5149,Daniel James,d-james,0.842,9
10601,Harvey Barnes,h-barnes,173737,Sean Longstaff,s-longstaff,0.842,10
37392849,Jaidon Anthony,j-anthony,12393293,Antony,a-dos-santos,0.881,1
37392849,Jaidon Anthony,j-anthony,28912805,Anthony Elanga,a-elanga,0.864,2
37392849,Jaidon Anthony,j-anthony,37316549,Alejandro Garnacho,a-garnacho,0.857,3
37392849,Jaidon Anthony,j-anthony,37583548,Tom Watson,t-watson,0.841,4
37392849,Jaidon Anthony,j-anthony,340344,Marcus Edwards,m-edwards,0.846,5
37392849,Jaidon Anthony,j-anthony,30062,Cody Gakpo,c-gakpo,0.837,6
37392849,Jaidon Anthony,j-anthony,1592,Jarrod Bowen,j-bowen,0.837,7
37392849,Jaidon Anthony,j-anthony,37655226,Yankuba Minteh,y-minteh,0.834,8
37392849,Jaidon Anthony,j-anthony,37316858,Hannibal,h-mejbri,0.842,9
37392849,Jaidon Anthony,j-anthony,37678216,Christantus Uche,c-uche,0.833,10
7926,Morgan Gibbs-White,m-gibbs-white,538850,Mike Tresor,m-ndayishimiye,0.859,1
7926,Morgan Gibbs-White,m-gibbs-white,64193,Sander Berge,s-berge,0.851,2
7926,Morgan Gibbs-White,m-gibbs-white,37429246,Florian Wirtz,f-wirtz,0.847,3
7926,Morgan Gibbs-White,m-gibbs-white,4552689,Brenden Aaronson,b-aaronson,0.846,4
7926,Morgan Gibbs-White,m-gibbs-white,28552845,Keane Lewis-Potter,k-lewis-potter,0.853,5
7926,Morgan Gibbs-White,m-gibbs-white,785998,Dominik Szoboszlai,d-szoboszlai,0.844,6
7926,Morgan Gibbs-White,m-gibbs-white,37541456,Justin Devenny,j-devenny,0.851,7
7926,Morgan Gibbs-White,m-gibbs-white,186660,Emiliano Buendía,e-buendia,0.849,8
7926,Morgan Gibbs-White,m-gibbs-white,172611,John McGinn,j-mcginn,0.849,9
7926,Morgan Gibbs-White,m-gibbs-white,1846739,Matheus Cunha,m-carneiro-da-cunha,0.84,10
11720838,Neco Williams,n-williams,37584705,Álex Jiménez,a-jimenez-sanchez,0.869,1
11720838,Neco Williams,n-williams,4659,Kyle Walker-Peters,k-walker-peters,0.87,2
11720838,Neco Williams,n-williams,193196,Gabriel Gudmundsson,g-gudmundsson,0.863,3
11720838,Neco Williams,n-williams,581067,Antonee Robinson,a-robinson,0.868,4
11720838,Neco Williams,n-williams,37297544,Nico Williams,n-williams-arthuer,0.868,5
11720838,Neco Williams,n-williams,37584176,Lucas Pires,l-pires-silva,0.867,6
11720838,Neco Williams,n-williams,37600942,Michael Kayode,m-kayode,0.86,7
11720838,Neco Williams,n-williams,955,Luke Shaw,l-shaw,0.86,8
11720838,Neco Williams,n-williams,6524,Matty Cash,m-cash,0.857,9
11720838,Neco Williams,n-williams,28543553,Adrien Truffert,a-truffert,0.856,10
29328429,Igor Jesus,i-da-cruz,11298616,Evanilson,f-de-lima-barbosa,0.852,1
29328429,Igor Jesus,i-da-cruz,11669604,Lorenzo Lucca,l-lucca,0.858,2
29328429,Igor Jesus,i-da-cruz,219633,Richarlison,r-de-andrade,0.856,3
29328429,Igor Jesus,i-da-cruz,21773178,Beto,n-bercique-gomes-betuncal,0.852,4
29328429,Igor Jesus,i-da-cruz,5666460,Wilson Isidor,w-isidor,0.85,5
29328429,Igor Jesus,i-da-cruz,28931574,João Pedro,j-junqueira-de-jesus,0.842,6
29328429,Igor Jesus,i-da-cruz,37260431,Tolu Arokodare,t-arokodare,0.847,7
29328429,Igor Jesus,i-da-cruz,539961,Eddie Nketiah,e-nketiah,0.847,8
29328429,Igor Jesus,i-da-cruz,37678216,Christantus Uche,c-uche,0.838,9
29328429,Igor Jesus,i-da-cruz,186864,Borja Iglesias,b-iglesias-quintas,0.846,10
12145,Ollie Watkins,o-watkins,1116,Jack Grealish,j-grealish,0.842,1
12145,Ollie Watkins,o-watkins,194167,Viktor Gyökeres,v-gyokeres,0.849,2
12145,Ollie Watkins,o-watkins,5141,Dominic Calvert-Lewin,d-calvert-lewin,0.84,3
12145,Ollie Watkins,o-watkins,914,Chris Wood,c-wood,0.846,4
12145,Ollie Watkins,o-watkins,4592198,Morgan Rogers,m-rogers,0.838,5
12145,Ollie Watkins,o-watkins,537316,Zian Flemming,z-flemming,0.845,6
12145,Ollie Watkins,o-watkins,172611,John McGinn,j-mcginn,0.845,7
12145,Ollie Watkins,o-watkins,539961,Eddie Nketiah,e-nketiah,0.843,8
12145,Ollie Watkins,o-watkins,37583548,Tom Watson,t-watson,0.83,9
12145,Ollie Watkins,o-watkins,32777430,Nick Woltemade,n-woltemade,0.825,10
4592198,Morgan Rogers,m-rogers,172611,John McGinn,j-mcginn,0.863,1
4592198,Morgan Rogers,m-rogers,11705406,Jacob Ramsey,j-ramsey,0.863,2
4592198,Morgan Rogers,m-rogers,64193,Sander Berge,s-berge,0.842,3
4592198,Morgan Rogers,m-rogers,97626,Boubacar Kamara,b-kamara,0.836,4
4592198,Morgan Rogers,m-rogers,186660,Emiliano Buendía,e-buendia,0.84,5
4592198,Morgan Rogers,m-rogers,12145,Ollie Watkins,o-watkins,0.838,6
4592198,Morgan Rogers,m-rogers,37526157,Yasin Ayari,y-ayari,0.828,7
4592198,Morgan Rogers,m-rogers,37354841,Rodrigo Gomes,r-gomes,0.836,8
4592198,Morgan Rogers,m-rogers,9808,David Brooks,d-brooks,0.836,9
4592198,Morgan Rogers,m-rogers,3156873,Tijjani Reijnders,t-reijnders,0.828,10
1494245,Conor Gallagher,c-gallagher,21036708,Melih İbrahimoğlu,m-ibrahimoglu,0.87,1
1494245,Conor Gallagher,c-gallagher,98739,Haris Belkebla,h-belkebla,0.87,2
1494245,Conor Gallagher,c-gallagher,448296,Alejandro López,a-lopez-moreno,0.869,3
1494245,Conor Gallagher,c-gallagher,8417849,Liziero,i-liziero-pereira,0.869,4
1494245,Conor Gallagher,c-gallagher,111694,Gaius Makouta,g-makouta,0.868,5
1494245,Conor Gallagher,c-gallagher,37341855,Maestro,a-simao-muanza,0.873,6
1494245,Conor Gallagher,c-gallagher,85941,Meinhard Olsen,meinhard-olsen,0.866,7
1494245,Conor Gallagher,c-gallagher,37711930,G. Larsen,g-larsen,0.865,8
1494245,Conor Gallagher,c-gallagher,36097548,Andrea Ghion,a-ghion,0.87,9
1494245,Conor Gallagher,c-gallagher,22158835,Luca Bazzoli,l-bazzoli,0.864,10
216612,Alexis Mac Allister,a-mac-allister,29709995,Enzo Fernández,e-fernandez,0.863,1
216612,Alexis Mac Allister,a-mac-allister,5270462,Ryan Gravenberch,r-gravenberch,0.856,2
216612,Alexis Mac Allister,a-mac-allister,37261500,Moisés Caicedo,m-caicedo-corozo,0.855,3
216612,Alexis Mac Allister,a-mac-allister,785998,Dominik Szoboszlai,d-szoboszlai,0.853,4
216612,Alexis Mac Allister,a-mac-allister,37563876,Diego Gómez,d-gomez-amarilla,0.852,5
216612,Alexis Mac Allister,a-mac-allister,61780,Leandro Trossard,l-trossard,0.849,6
216612,Alexis Mac Allister,a-mac-allister,23269737,Nico González,n-gonzalez-iglesias,0.836,7
216612,Alexis Mac Allister,a-mac-allister,37342993,Ezequiel Fernández,i-fernandez-carballo,0.843,8
216612,Alexis Mac Allister,a-mac-allister,21394947,Julián Alvarez,j-alvarez,0.841,9
216612,Alexis Mac Allister,a-mac-allister,129890,Manuel Locatelli,m-locatelli,0.83,10
333989,Marcos Senesi,m-senesi,25284,Joachim Andersen,j-andersen,0.857,1
333989,Marcos Senesi,m-senesi,459653,Santiago Bueno,s-bueno-sciutto,0.863,2
333989,Marcos Senesi,m-senesi,7124,Ezri Konsa,e-konsa-ngoyo,0.856,3
333989,Marcos Senesi,m-senesi,2206665,Lisandro Martínez,l-martinez-2206665,0.862,4
333989,Marcos Senesi,m-senesi,37627036,Murillo,m-santiago-costa-dos-santos,0.855,5
333989,Marcos Senesi,m-senesi,37261923,Emmanuel Agbadou,e-agbadou,0.861,6
333989,Marcos Senesi,m-senesi,24818803,Jan Paul van Hecke,j-van-hecke-24818803,0.854,7
333989,Marcos Senesi,m-senesi,339112,Joe Rodon,j-rodon,0.854,8
333989,Marcos Senesi,m-senesi,178032,Nikola Milenković,n-milenkovi,0.852,9
333989,Marcos Senesi,m-senesi,1548632,Jaka Bijol,j-bijol,0.852,10
37550443,Alex Scott,a-scott,4536524,James Garner,j-garner,0.863,1
37550443,Alex Scott,a-scott,332047,Elliot Anderson,e-anderson,0.86,2
37550443,Alex Scott,a-scott,2332,Will Hughes,w-hughes,0.866,3
37550443,Alex Scott,a-scott,173737,Sean Longstaff,s-longstaff,0.861,4
37550443,Alex Scott,a-scott,37593153,Mateus Fernandes,m-espanha-fernandes,0.85,5
37550443,Alex Scott,a-scott,10831,Ryan Yates,r-yates,0.857,6
37550443,Alex Scott,a-scott,37259213,Freddie Potts,f-potts,0.856,7
37550443,Alex Scott,a-scott,537493,Marcus Tavernier,m-tavernier,0.848,8
37550443,Alex Scott,a-scott,84426,Mathias Jensen,m-jensen-84426,0.855,9
37550443,Alex Scott,a-scott,4244,Josh Cullen,j-cullen,0.847,10
12647,Dean Henderson,d-henderson,23730717,Mads Hermansen,m-hermansen,0.888,1
12647,Dean Henderson,d-henderson,1008,Sam Johnstone,s-johnstone,0.878,2
12647,Dean Henderson,d-henderson,1826,Jordan Pickford,j-pickford,0.871,3
12647,Dean Henderson,d-henderson,460159,Lucas Perri,l-estella-perri,0.867,4
12647,Dean Henderson,d-henderson,95393,Alphonse Areola,a-areola,0.872,5
12647,Dean Henderson,d-henderson,2763,Nick Pope,n-pope,0.87,6
12647,Dean Henderson,d-henderson,896225,Caoimhín Kelleher,c-kelleher,0.863,7
12647,Dean Henderson,d-henderson,581000,Robert Sánchez,r-lynch-sanchez,0.858,8
12647,Dean Henderson,d-henderson,129771,Gianluigi Donnarumma,g-donnarumma,0.857,9
12647,Dean Henderson,d-henderson,9438,Aaron Ramsdale,a-ramsdale,0.861,10
186815,Pablo Fornals,p-fornals-malla,186968,Carlos Soler,c-soler-barragan,0.861,1
186815,Pablo Fornals,p-fornals-malla,97664,Giovani Lo Celso,g-lo-celso,0.859,2
186815,Pablo Fornals,p-fornals-malla,73906,Nikola Vlašić,n-vlai,0.846,3
186815,Pablo Fornals,p-fornals-malla,19996814,Thiago Almada,t-almada,0.853,4
186815,Pablo Fornals,p-fornals-malla,23269737,Nico González,n-gonzalez-iglesias,0.842,5
186815,Pablo Fornals,p-fornals-malla,186734,Dani Ceballos,d-ceballos-fernandez,0.849,6
186815,Pablo Fornals,p-fornals-malla,7698447,Germán Valera,g-karabinaite,0.841,7
186815,Pablo Fornals,p-fornals-malla,27440264,Peque Fernández,g-fernandez-castellano,0.847,8
186815,Pablo Fornals,p-fornals-malla,7698436,Álex Baena,a-rodriguez,0.846,9
186815,Pablo Fornals,p-fornals-malla,129602,Bruno Fernandes,b-fernandes,0.839,10
4552689,Brenden Aaronson,b-aaronson,7926,Morgan Gibbs-White,m-gibbs-white,0.846,1
4552689,Brenden Aaronson,b-aaronson,37429246,Florian Wirtz,f-wirtz,0.843,2
4552689,Brenden Aaronson,b-aaronson,37316840,Jamie Gittens,j-bynoe-gittens,0.851,3
4552689,Brenden Aaronson,b-aaronson,8449373,Mikkel Damsgaard,m-damsgaard,0.842,4
4552689,Brenden Aaronson,b-aaronson,186660,Emiliano Buendía,e-buendia,0.848,5
4552689,Brenden Aaronson,b-aaronson,9939203,Crysencio Summerville,c-summerville,0.848,6
4552689,Brenden Aaronson,b-aaronson,23269836,Harvey Elliott,h-elliot,0.847,7
4552689,Brenden Aaronson,b-aaronson,37317392,Xavi Simons,x-simons,0.845,8
4552689,Brenden Aaronson,b-aaronson,34432365,Giovanni Reyna,g-reyna,0.845,9
4552689,Brenden Aaronson,b-aaronson,608189,Weston McKennie,w-mckennie,0.836,10
1494446,Emile Smith Rowe,e-smith-rowe,26823,Martin Ødegaard,m-odegaard-26823,0.877,1
1494446,Emile Smith Rowe,e-smith-rowe,537759,Reiss Nelson,r-nelson,0.864,2
1494446,Emile Smith Rowe,e-smith-rowe,539961,Eddie Nketiah,e-nketiah,0.855,3
1494446,Emile Smith Rowe,e-smith-rowe,16827155,Bukayo Saka,b-saka,0.846,4
1494446,Emile Smith Rowe,e-smith-rowe,186734,Dani Ceballos,d-ceballos-fernandez,0.85,5
1494446,Emile Smith Rowe,e-smith-rowe,37429246,Florian Wirtz,f-wirtz,0.84,6
1494446,Emile Smith Rowe,e-smith-rowe,5273,Declan Rice,d-rice,0.839,7
1494446,Emile Smith Rowe,e-smith-rowe,7643,Eberechi Eze,e-eze,0.846,8
1494446,Emile Smith Rowe,e-smith-rowe,4552689,Brenden Aaronson,b-aaronson,0.838,9
1494446,Emile Smith Rowe,e-smith-rowe,7926,Morgan Gibbs-White,m-gibbs-white,0.837,10
3130,David Raya,d-raya-martin,159483,José Sá,j-malheiro-de-sa,0.897,1
3130,David Raya,d-raya-martin,95393,Alphonse Areola,a-areola,0.879,2
3130,David Raya,d-raya-martin,37257596,Bart Verbruggen,b-verbruggen,0.871,3
3130,David Raya,d-raya-martin,1008,Sam Johnstone,s-johnstone,0.877,4
3130,David Raya,d-raya-martin,133779,Guglielmo Vicario,g-vicario,0.87,5
3130,David Raya,d-raya-martin,9438,Aaron Ramsdale,a-ramsdale,0.873,6
3130,David Raya,d-raya-martin,31342,Bernd Leno,b-leno,0.866,7
3130,David Raya,d-raya-martin,333778,Augusto Batalla,a-batalla-barga,0.86,8
3130,David Raya,d-raya-martin,529415,Iñaki Peña,i-pena-sotorres,0.866,9
3130,David Raya,d-raya-martin,187215,Unai Simón,u-simon-mendibil,0.859,10
187215,Unai Simón,u-simon-mendibil,16475841,Joan García,j-pons,0.891,1
187215,Unai Simón,u-simon-mendibil,187110,Álex Remiro,a-remiro-gargallo,0.885,2
187215,Unai Simón,u-simon-mendibil,5967970,Leo Román,l-roman-riquelme,0.884,3
187215,Unai Simón,u-simon-mendibil,529415,Iñaki Peña,i-pena-sotorres,0.882,4
187215,Unai Simón,u-simon-mendibil,187158,Antonio Sivera,a-sivera-salva,0.874,5
187215,Unai Simón,u-simon-mendibil,333616,Juan Musso,j-musso,0.88,6
187215,Unai Simón,u-simon-mendibil,537203,Diego Conde,d-conde-alcolado,0.872,7
187215,Unai Simón,u-simon-mendibil,189296,Sergio Herrera,s-herrera-piron,0.872,8
187215,Unai Simón,u-simon-mendibil,159276,Jan Oblak,j-oblak,0.871,9
187215,Unai Simón,u-simon-mendibil,130199,Ionuț Radu,i-radu,0.868,10
37678224,Gorka Carrera,g-carrera-zarranz,11322446,Yanis Begraoui,y-begraoui,0.985,1
37678224,Gorka Carrera,g-carrera-zarranz,92348,Benjamin Källman,b-kallman,0.985,2
37678224,Gorka Carrera,g-carrera-zarranz,2158422,Joel Grodowski,j-grodowski,0.98,3
37678224,Gorka Carrera,g-carrera-zarranz,37409508,Noel Futkeu,n-futkeu,0.974,4
37678224,Gorka Carrera,g-carrera-zarranz,37640769,Chupe,c-ruiz-rubio,0.974,5
37678224,Gorka Carrera,g-carrera-zarranz,418457,Jonas Arweiler,j-arweiler,0.972,6
37678224,Gorka Carrera,g-carrera-zarranz,37722801,Emre Ünüvar,e-unuvar,0.968,7
37678224,Gorka Carrera,g-carrera-zarranz,34573363,Orri Óskarsson,o-oskarsson,0.965,8
37678224,Gorka Carrera,g-carrera-zarranz,87152,Petur Knudsen,petur-knudsen,0.962,9
37678224,Gorka Carrera,g-carrera-zarranz,55845,Mahir Emreli,m-mdtov,0.959,10
24818803,Jan Paul van Hecke,j-van-hecke-24818803,540027,Calvin Bassey,c-bassey,0.878,1
24818803,Jan Paul van Hecke,j-van-hecke-24818803,11658171,Sepp van den Berg,s-van-den-berg,0.869,2
24818803,Jan Paul van Hecke,j-van-hecke-24818803,25284,Joachim Andersen,j-andersen,0.865,3
24818803,Jan Paul van Hecke,j-van-hecke-24818803,4536500,Marc Guéhi,m-guehi,0.863,4
24818803,Jan Paul van Hecke,j-van-hecke-24818803,3187861,Sam Beukema,s-beukema,0.868,5
24818803,Jan Paul van Hecke,j-van-hecke-24818803,3533334,Gustaf Lagerbielke,g-lagerbielke,0.864,6
24818803,Jan Paul van Hecke,j-van-hecke-24818803,25734,Calvin Verdonk,c-verdonk,0.862,7
24818803,Jan Paul van Hecke,j-van-hecke-24818803,333989,Marcos Senesi,m-senesi,0.854,8
24818803,Jan Paul van Hecke,j-van-hecke-24818803,37296248,Micky van de Ven,m-van-de-ven,0.852,9
24818803,Jan Paul van Hecke,j-van-hecke-24818803,37627036,Murillo,m-santiago-costa-dos-santos,0.851,10
84426,Mathias Jensen,m-jensen-84426,37917909,Mathias Jensen,m-jensen-37917909,0.941,1
84426,Mathias Jensen,m-jensen-84426,85764,M. Jensen,m-jensen,0.901,2
84426,Mathias Jensen,m-jensen-84426,37542362,Isak Jensen,i-jensen,0.883,3
84426,Mathias Jensen,m-jensen-84426,332047,Elliot Anderson,e-anderson,0.871,4
84426,Mathias Jensen,m-jensen-84426,8449373,Mikkel Damsgaard,m-damsgaard,0.865,5
84426,Mathias Jensen,m-jensen-84426,25284,Joachim Andersen,j-andersen,0.861,6
84426,Mathias Jensen,m-jensen-84426,4244,Josh Cullen,j-cullen,0.855,7
84426,Mathias Jensen,m-jensen-84426,37550443,Alex Scott,a-scott,0.855,8
84426,Mathias Jensen,m-jensen-84426,36633,Vitaly Janelt,v-janelt,0.86,9
84426,Mathias Jensen,m-jensen-84426,1744,Pierre-Emile Højbjerg,p-hojbjerg,0.86,10
339093,Josh Dasilva,p-dasilva,8449373,Mikkel Damsgaard,m-damsgaard,0.844,1
339093,Josh Dasilva,p-dasilva,37548047,Manu Silva,m-silva,0.85,2
339093,Josh Dasilva,p-dasilva,21072802,Florent Sanchez,f-da-silva-21072802,0.834,3
339093,Josh Dasilva,p-dasilva,538850,Mike Tresor,m-ndayishimiye,0.832,4
339093,Josh Dasilva,p-dasilva,37536911,Omari Hutchinson,o-giraud-hutchinson,0.84,5
339093,Josh Dasilva,p-dasilva,37575228,Antoni Milambo,a-milambo,0.828,6
339093,Josh Dasilva,p-dasilva,163210,Florentino,f-morris-luis,0.823,7
339093,Josh Dasilva,p-dasilva,161308,João Carvalho,j-antunes-carvalho,0.82,8
339093,Josh Dasilva,p-dasilva,21412957,Fábio Carvalho,f-carvalho,0.828,9
339093,Josh Dasilva,p-dasilva,784373,Jorge Cuenca,j-cuenca-barreno,0.827,10
28552845,Keane Lewis-Potter,k-lewis-potter,37259213,Freddie Potts,f-potts,0.875,1
28552845,Keane Lewis-Potter,k-lewis-potter,7926,Morgan Gibbs-White,m-gibbs-white,0.853,2
28552845,Keane Lewis-Potter,k-lewis-potter,37541456,Justin Devenny,j-devenny,0.858,3
28552845,Keane Lewis-Potter,k-lewis-potter,24082563,Mats Wieffer,m-wieffer,0.843,4
28552845,Keane Lewis-Potter,k-lewis-potter,37583548,Tom Watson,t-watson,0.842,5
28552845,Keane Lewis-Potter,k-lewis-potter,37536911,Omari Hutchinson,o-giraud-hutchinson,0.848,6
28552845,Keane Lewis-Potter,k-lewis-potter,538850,Mike Tresor,m-ndayishimiye,0.839,7
28552845,Keane Lewis-Potter,k-lewis-potter,540613,Kiernan Dewsbury-Hall,k-dewsbury-hall,0.836,8
28552845,Keane Lewis-Potter,k-lewis-potter,4552689,Brenden Aaronson,b-aaronson,0.834,9
28552845,Keane Lewis-Potter,k-lewis-potter,23661272,Iliman Ndiaye,i-ndiaye,0.831,10
37593153,Mateus Fernandes,m-espanha-fernandes,129602,Bruno Fernandes,b-fernandes,0.932,1
37593153,Mateus Fernandes,m-espanha-fernandes,159700,Casemiro,c-casimiro,0.867,2
37593153,Mateus Fernandes,m-espanha-fernandes,160072,João Palhinha,j-lobo-alves-palhinha-goncalves,0.868,3
37593153,Mateus Fernandes,m-espanha-fernandes,332047,Elliot Anderson,e-anderson,0.86,4
37593153,Mateus Fernandes,m-espanha-fernandes,29709995,Enzo Fernández,e-fernandez,0.852,5
37593153,Mateus Fernandes,m-espanha-fernandes,96353,Bernardo Silva,b-silva,0.859,6
37593153,Mateus Fernandes,m-espanha-fernandes,37550443,Alex Scott,a-scott,0.85,7
37593153,Mateus Fernandes,m-espanha-fernandes,4536524,James Garner,j-garner,0.85,8
37593153,Mateus Fernandes,m-espanha-fernandes,163210,Florentino,f-morris-luis,0.849,9
37593153,Mateus Fernandes,m-espanha-fernandes,459145,Bruno Guimarães,b-guimaraes-rodriguez-moura,0.849,10
911,Kyle Walker,k-walker,4659,Kyle Walker-Peters,k-walker-peters,0.864,1
911,Kyle Walker,k-walker,33166012,David Møller Wolfe,d-wolfe,0.862,2
911,Kyle Walker,k-walker,11720838,Neco Williams,n-williams,0.849,3
911,Kyle Walker,k-walker,8456257,Pedro Porro,p-porro-sauceda,0.845,4
911,Kyle Walker,k-walker,581158,Jayden Bogle,j-bogle,0.844,5
911,Kyle Walker,k-walker,7026573,Djed Spence,d-spence-7026573,0.842,6
911,Kyle Walker,k-walker,37344112,Quilindschy Hartman,q-hartman,0.849,7
911,Kyle Walker,k-walker,133951,Luca Pellegrini,l-pellegrini-133951,0.848,8
911,Kyle Walker,k-walker,6524,Matty Cash,m-cash,0.839,9
911,Kyle Walker,k-walker,37685630,El Hadji Malick Diouf,e-diouf,0.838,10
186660,Emiliano Buendía,e-buendia,37526157,Yasin Ayari,y-ayari,0.859,1
186660,Emiliano Buendía,e-buendia,7926,Morgan Gibbs-White,m-gibbs-white,0.849,2
186660,Emiliano Buendía,e-buendia,4552689,Brenden Aaronson,b-aaronson,0.848,3
186660,Emiliano Buendía,e-buendia,436921,Brais Méndez,b-mendez-portela,0.848,4
186660,Emiliano Buendía,e-buendia,37568149,Facundo Buonanotte,f-buonanotte,0.845,5
186660,Emiliano Buendía,e-buendia,186815,Pablo Fornals,p-fornals-malla,0.844,6
186660,Emiliano Buendía,e-buendia,37429246,Florian Wirtz,f-wirtz,0.842,7
186660,Emiliano Buendía,e-buendia,7643,Eberechi Eze,e-eze,0.849,8
186660,Emiliano Buendía,e-buendia,529689,Bryan Mbeumo,b-mbeumo,0.841,9
186660,Emiliano Buendía,e-buendia,16837816,Adrián Bernabé,a-bernabe-garcia,0.84,10
995,Romelu Lukaku,r-lukaku-menama,333594,Lautaro Martínez,l-martinez,0.877,1
995,Romelu Lukaku,r-lukaku-menama,129523,Duván Zapata,d-zapata-banguera,0.86,2
995,Romelu Lukaku,r-lukaku-menama,205978,Artem Dovbyk,a-dovbyk,0.846,3
995,Romelu Lukaku,r-lukaku-menama,134034,Andrea Pinamonti,a-pinamonti,0.839,4
995,Romelu Lukaku,r-lukaku-menama,129660,Álvaro Morata,a-morata-martin,0.846,5
995,Romelu Lukaku,r-lukaku-menama,96884,Christopher Nkunku,c-nkunku,0.835,6
995,Romelu Lukaku,r-lukaku-menama,37325012,Rasmus Højlund,r-hojlund,0.842,7
995,Romelu Lukaku,r-lukaku-menama,177988,Dušan Vlahović,d-vlahovi,0.841,8
995,Romelu Lukaku,r-lukaku-menama,436159,M'Bala Nzola,m-nzola,0.839,9
995,Romelu Lukaku,r-lukaku-menama,37712530,Idrissa Gueye,i-gueye-37712530,0.829,10
30062,Cody Gakpo,c-gakpo,5640849,Mohammed Kudus,m-kudus,0.866,1
30062,Cody Gakpo,c-gakpo,37602125,Ben Gannon-Doak,b-doak,0.862,2
30062,Cody Gakpo,c-gakpo,9939203,Crysencio Summerville,c-summerville,0.868,3
30062,Cody Gakpo,c-gakpo,25217662,Noni Madueke,c-madueke,0.865,4
30062,Cody Gakpo,c-gakpo,165622,Dennis Man,d-man,0.85,5
30062,Cody Gakpo,c-gakpo,37543248,Dango Ouattara,dango-ouattara,0.856,6
30062,Cody Gakpo,c-gakpo,37583548,Tom Watson,t-watson,0.846,7
30062,Cody Gakpo,c-gakpo,23697990,Jérémy Doku,j-doku,0.853,8
30062,Cody Gakpo,c-gakpo,26803,Justin Kluivert,j-kluivert,0.852,9
30062,Cody Gakpo,c-gakpo,27067062,Kevin Schade,k-schade,0.845,10
100556,Ibrahima Konaté,i-konate,11658171,Sepp van den Berg,s-van-den-berg,0.889,1
100556,Ibrahima Konaté,i-konate,4536500,Marc Guéhi,m-guehi,0.887,2
100556,Ibrahima Konaté,i-konate,5270468,Sven Botman,s-botman,0.885,3
100556,Ibrahima Konaté,i-konate,1743,Virgil van Dijk,v-van-dijk,0.872,4
100556,Ibrahima Konaté,i-konate,21762216,Malick Thiaw,m-thiaw,0.867,5
100556,Ibrahima Konaté,i-konate,2206665,Lisandro Martínez,l-martinez-2206665,0.872,6
100556,Ibrahima Konaté,i-konate,98874,Moussa Niakhaté,m-niakhate,0.862,7
100556,Ibrahima Konaté,i-konate,498161,Maximilian Kilman,m-kilman,0.862,8
100556,Ibrahima Konaté,i-konate,7124,Ezri Konsa,e-konsa-ngoyo,0.86,9
100556,Ibrahima Konaté,i-konate,22536030,Bafodé Diakité,b-diakite,0.859,10
785998,Dominik Szoboszlai,d-szoboszlai,3862700,Christoph Baumgartner,c-baumgartner,0.864,1
785998,Dominik Szoboszlai,d-szoboszlai,37563876,Diego Gómez,d-gomez-amarilla,0.857,2
785998,Dominik Szoboszlai,d-szoboszlai,2823228,Sandro Tonali,s-tonali,0.856,3
785998,Dominik Szoboszlai,d-szoboszlai,37429246,Florian Wirtz,f-wirtz,0.855,4
785998,Dominik Szoboszlai,d-szoboszlai,216612,Alexis Mac Allister,a-mac-allister,0.853,5
785998,Dominik Szoboszlai,d-szoboszlai,37342993,Ezequiel Fernández,i-fernandez-carballo,0.86,6
785998,Dominik Szoboszlai,d-szoboszlai,5270462,Ryan Gravenberch,r-gravenberch,0.852,7
785998,Dominik Szoboszlai,d-szoboszlai,52585,Konrad Laimer,k-laimer,0.858,8
785998,Dominik Szoboszlai,d-szoboszlai,5270371,Aurélien Tchouaméni,a-tchouameni,0.848,9
785998,Dominik Szoboszlai,d-szoboszlai,3156873,Tijjani Reijnders,t-reijnders,0.847,10
5270462,Ryan Gravenberch,r-gravenberch,216612,Alexis Mac Allister,a-mac-allister,0.856,1
5270462,Ryan Gravenberch,r-gravenberch,530762,Martín Zubimendi,m-zubimendi-ibanez,0.854,2
5270462,Ryan Gravenberch,r-gravenberch,100556,Ibrahima Konaté,i-konate,0.853,3
5270462,Ryan Gravenberch,r-gravenberch,785998,Dominik Szoboszlai,d-szoboszlai,0.852,4
5270462,Ryan Gravenberch,r-gravenberch,37261500,Moisés Caicedo,m-caicedo-corozo,0.851,5
5270462,Ryan Gravenberch,r-gravenberch,37563876,Diego Gómez,d-gomez-amarilla,0.848,6
5270462,Ryan Gravenberch,r-gravenberch,5640849,Mohammed Kudus,m-kudus,0.846,7
5270462,Ryan Gravenberch,r-gravenberch,4536524,James Garner,j-garner,0.845,8
5270462,Ryan Gravenberch,r-gravenberch,3156873,Tijjani Reijnders,t-reijnders,0.845,9
5270462,Ryan Gravenberch,r-gravenberch,30062,Cody Gakpo,c-gakpo,0.843,10
11298616,Evanilson,f-de-lima-barbosa,34053,Alexander Isak,a-isak,0.874,1
11298616,Evanilson,f-de-lima-barbosa,29328429,Igor Jesus,i-da-cruz,0.852,2
11298616,Evanilson,f-de-lima-barbosa,539961,Eddie Nketiah,e-nketiah,0.848,3
11298616,Evanilson,f-de-lima-barbosa,37288979,Hugo Ekitiké,h-ekitike,0.844,4
11298616,Evanilson,f-de-lima-barbosa,1065,Callum Wilson,c-wilson,0.843,5
11298616,Evanilson,f-de-lima-barbosa,458682,Jørgen Strand Larsen,j-strand-larsen,0.834,6
11298616,Evanilson,f-de-lima-barbosa,7330507,Brian Brobbey,b-brobbey,0.84,7
11298616,Evanilson,f-de-lima-barbosa,11669604,Lorenzo Lucca,l-lucca,0.84,8
11298616,Evanilson,f-de-lima-barbosa,914,Chris Wood,c-wood,0.839,9
11298616,Evanilson,f-de-lima-barbosa,21773178,Beto,n-bercique-gomes-betuncal,0.838,10
37380649,Alberto Moleiro,a-moleiro-gonzalez,37673608,Gonçalo Moreira,g-carvalho-moreira,0.863,1
37380649,Alberto Moleiro,a-moleiro-gonzalez,37656179,Lamine Yamal,l-yamal-nasraoui-ebana,0.855,2
37380649,Alberto Moleiro,a-moleiro-gonzalez,37547467,Arda Güler,a-guler,0.861,3
37380649,Alberto Moleiro,a-moleiro-gonzalez,37597737,Afonso Moreira,a-bastardo-moreira,0.857,4
37380649,Alberto Moleiro,a-moleiro-gonzalez,37596363,Fermín López,f-lopez-marin,0.856,5
37380649,Alberto Moleiro,a-moleiro-gonzalez,37729623,Franco Mastantuono,f-mastantuono,0.854,6
37380649,Alberto Moleiro,a-moleiro-gonzalez,19996814,Thiago Almada,t-almada,0.854,7
37380649,Alberto Moleiro,a-moleiro-gonzalez,37288001,Pedri,p-lopez,0.854,8
37380649,Alberto Moleiro,a-moleiro-gonzalez,27440827,Ander Barrenetxea,a-barrenetxea-muguruza,0.853,9
37380649,Alberto Moleiro,a-moleiro-gonzalez,37592734,Diego Moreira,d-da-silva-moreira,0.843,10
37545384,Máximo Perrone,m-perrone,20716664,Samuele Ricci,s-ricci,0.879,1
37545384,Máximo Perrone,m-perrone,129890,Manuel Locatelli,m-locatelli,0.864,2
37545384,Máximo Perrone,m-perrone,545244,Éderson,e-dos-santos-lourenco-da-silva,0.863,3
37545384,Máximo Perrone,m-perrone,4536538,Nicolò Fagioli,n-fagioli,0.869,4
37545384,Máximo Perrone,m-perrone,37316942,Fabio Miretti,f-miretti,0.867,5
37545384,Máximo Perrone,m-perrone,129476,Danilo Cataldi,d-cataldi,0.859,6
37545384,Máximo Perrone,m-perrone,2823228,Sandro Tonali,s-tonali,0.858,7
37545384,Máximo Perrone,m-perrone,74957,Nikola Moro,n-moro,0.864,8
37545384,Máximo Perrone,m-perrone,4545404,Khéphren Thuram,k-thuram-ulien,0.863,9
37545384,Máximo Perrone,m-perrone,37570091,Amir Richardson,a-richardson,0.849,10
5403,Harry Wilson,h-wilson,1065,Callum Wilson,c-wilson,0.899,1
5403,Harry Wilson,h-wilson,37583548,Tom Watson,t-watson,0.869,2
5403,Harry Wilson,h-wilson,61780,Leandro Trossard,l-trossard,0.859,3
5403,Harry Wilson,h-wilson,332047,Elliot Anderson,e-anderson,0.846,4
5403,Harry Wilson,h-wilson,1592,Jarrod Bowen,j-bowen,0.844,5
5403,Harry Wilson,h-wilson,9611543,Anthony Gordon,a-gordon-9611543,0.852,6
5403,Harry Wilson,h-wilson,32710,Mikel Merino,m-merino-zazon,0.851,7
5403,Harry Wilson,h-wilson,37317015,Amad Diallo,a-traore,0.85,8
5403,Harry Wilson,h-wilson,1881,Alex Iwobi,a-iwobi,0.843,9
5403,Harry Wilson,h-wilson,529689,Bryan Mbeumo,b-mbeumo,0.841,10
160217,Raúl Jiménez,r-jimenez-rodriguez,37584705,Álex Jiménez,a-jimenez-sanchez,0.876,1
160217,Raúl Jiménez,r-jimenez-rodriguez,1846739,Matheus Cunha,m-carneiro-da-cunha,0.853,2
160217,Raúl Jiménez,r-jimenez-rodriguez,52868,Hee-chan Hwang,h-hwang,0.857,3
160217,Raúl Jiménez,r-jimenez-rodriguez,37563876,Diego Gómez,d-gomez-amarilla,0.836,4
160217,Raúl Jiménez,r-jimenez-rodriguez,10692,Toni Martínez,a-martinez-lopez,0.834,5
160217,Raúl Jiménez,r-jimenez-rodriguez,159917,Diogo Jota,d-jota,0.832,6
160217,Raúl Jiménez,r-jimenez-rodriguez,914,Chris Wood,c-wood,0.84,7
160217,Raúl Jiménez,r-jimenez-rodriguez,37554917,Pablo,p-pereira-de-jesus,0.84,8
160217,Raúl Jiménez,r-jimenez-rodriguez,32710,Mikel Merino,m-merino-zazon,0.838,9
160217,Raúl Jiménez,r-jimenez-rodriguez,21773178,Beto,n-bercique-gomes-betuncal,0.834,10
7026744,Enzo Le Fée,e-le-fee,24082563,Mats Wieffer,m-wieffer,0.849,1
7026744,Enzo Le Fée,e-le-fee,23661272,Iliman Ndiaye,i-ndiaye,0.845,2
7026744,Enzo Le Fée,e-le-fee,24817375,Johann Lepenant,j-lepenant,0.849,3
7026744,Enzo Le Fée,e-le-fee,37588823,Carlos Baleba,c-noom-quomah,0.848,4
7026744,Enzo Le Fée,e-le-fee,37715699,Abdoulaye Faye,a-faye,0.843,5
7026744,Enzo Le Fée,e-le-fee,37655226,Yankuba Minteh,y-minteh,0.834,6
7026744,Enzo Le Fée,e-le-fee,37575228,Antoni Milambo,a-milambo,0.832,7
7026744,Enzo Le Fée,e-le-fee,37592734,Diego Moreira,d-da-silva-moreira,0.832,8
7026744,Enzo Le Fée,e-le-fee,37536953,Mamadou Sangaré,m-sangare,0.839,9
7026744,Enzo Le Fée,e-le-fee,2178735,Anton Stach,a-stach,0.831,10
5273,Declan Rice,d-rice,5270466,J. Timber,j-timber,0.864,1
5273,Declan Rice,d-rice,530762,Martín Zubimendi,m-zubimendi-ibanez,0.858,2
5273,Declan Rice,d-rice,1887,Granit Xhaka,g-xhaka,0.856,3
5273,Declan Rice,d-rice,17544737,William Saliba,w-saliba,0.853,4
5273,Declan Rice,d-rice,97811,Gabriel Magalhães,g-dos-santos-magalhaes,0.849,5
5273,Declan Rice,d-rice,16827155,Bukayo Saka,b-saka,0.847,6
5273,Declan Rice,d-rice,80655,Tomáš Souček,t-souek,0.843,7
5273,Declan Rice,d-rice,4536500,Marc Guéhi,m-guehi,0.832,8
5273,Declan Rice,d-rice,129890,Manuel Locatelli,m-locatelli,0.832,9
5273,Declan Rice,d-rice,1743,Virgil van Dijk,v-van-dijk,0.832,10
194167,Viktor Gyökeres,v-gyokeres,537217,Lukas Nmecha,l-nmecha,0.87,1
194167,Viktor Gyökeres,v-gyokeres,537316,Zian Flemming,z-flemming,0.855,2
194167,Viktor Gyökeres,v-gyokeres,26354,Enes Ünal,e-unal,0.853,3
194167,Viktor Gyökeres,v-gyokeres,21773355,Ayase Ueda,a-ueda,0.85,4
194167,Viktor Gyökeres,v-gyokeres,12145,Ollie Watkins,o-watkins,0.849,5
194167,Viktor Gyökeres,v-gyokeres,32695,Serhou Guirassy,s-guirassy,0.841,6
194167,Viktor Gyökeres,v-gyokeres,23697427,Armando Broja,a-broja,0.848,7
194167,Viktor Gyökeres,v-gyokeres,96950,Jean-Philippe Mateta,j-mateta,0.839,8
194167,Viktor Gyökeres,v-gyokeres,37288979,Hugo Ekitiké,h-ekitike,0.846,9
194167,Viktor Gyökeres,v-gyokeres,37260431,Tolu Arokodare,t-arokodare,0.845,10
29709995,Enzo Fernández,e-fernandez,37342993,Ezequiel Fernández,i-fernandez-carballo,0.904,1
29709995,Enzo Fernández,e-fernandez,129602,Bruno Fernandes,b-fernandes,0.874,2
29709995,Enzo Fernández,e-fernandez,27440264,Peque Fernández,g-fernandez-castellano,0.873,3
29709995,Enzo Fernández,e-fernandez,216612,Alexis Mac Allister,a-mac-allister,0.863,4
29709995,Enzo Fernández,e-fernandez,37536874,Roméo Lavia,r-lavia,0.867,5
29709995,Enzo Fernández,e-fernandez,37261500,Moisés Caicedo,m-caicedo-corozo,0.859,6
29709995,Enzo Fernández,e-fernandez,37593153,Mateus Fernandes,m-espanha-fernandes,0.852,7
29709995,Enzo Fernández,e-fernandez,23269737,Nico González,n-gonzalez-iglesias,0.849,8
29709995,Enzo Fernández,e-fernandez,73147,Mateo Kovacic,m-kovai,0.849,9
29709995,Enzo Fernández,e-fernandez,333797,Rodrigo Bentancur,r-bentancur-colman,0.846,10
34422783,Mikel Jauregizar,m-jauregizar-alboniga,37544115,Jon Gorrotxategi,j-gorrotxategi-etxaniz,0.891,1
34422783,Mikel Jauregizar,m-jauregizar-alboniga,3510281,Marc Aguado,m-aguado-pallares,0.873,2
34422783,Mikel Jauregizar,m-jauregizar-alboniga,37590340,Alejandro Rego,a-rego-mora,0.867,3
34422783,Mikel Jauregizar,m-jauregizar-alboniga,37422925,Jon Aramburu,j-aramburu,0.86,4
34422783,Mikel Jauregizar,m-jauregizar-alboniga,187167,Pepelu,j-garcia-vaya,0.86,5
34422783,Mikel Jauregizar,m-jauregizar-alboniga,25922178,Beñat Prados,b-prados-diaz,0.856,6
34422783,Mikel Jauregizar,m-jauregizar-alboniga,8092941,Jon Moncayola,j-moncayola-tollar,0.856,7
34422783,Mikel Jauregizar,m-jauregizar-alboniga,37533505,Sergi Altimira,s-altimira-clavell,0.863,8
34422783,Mikel Jauregizar,m-jauregizar-alboniga,446998,Aleix Febas,a-febas-perez,0.853,9
34422783,Mikel Jauregizar,m-jauregizar-alboniga,37571011,Javi Guerra,j-guerra-moreno,0.86,10
187110,Álex Remiro,a-remiro-gargallo,25922183,Julen Agirrezabala,j-agirrezabala,0.89,1
187110,Álex Remiro,a-remiro-gargallo,187215,Unai Simón,u-simon-mendibil,0.885,2
187110,Álex Remiro,a-remiro-gargallo,333778,Augusto Batalla,a-batalla-barga,0.87,3
187110,Álex Remiro,a-remiro-gargallo,529415,Iñaki Peña,i-pena-sotorres,0.873,4
187110,Álex Remiro,a-remiro-gargallo,187158,Antonio Sivera,a-sivera-salva,0.866,5
187110,Álex Remiro,a-remiro-gargallo,5967970,Leo Román,l-roman-riquelme,0.867,6
187110,Álex Remiro,a-remiro-gargallo,189296,Sergio Herrera,s-herrera-piron,0.857,7
187110,Álex Remiro,a-remiro-gargallo,16475841,Joan García,j-pons,0.861,8
187110,Álex Remiro,a-remiro-gargallo,130199,Ionuț Radu,i-radu,0.854,9
187110,Álex Remiro,a-remiro-gargallo,1314,Thibaut Courtois,t-courtois,0.85,10
96002,Florian Lejeune,f-lejeune,52573,Duje Caleta-Car,d-aleta-car,0.872,1
96002,Florian Lejeune,f-lejeune,12394069,Logan Costa,l-costa,0.854,2
96002,Florian Lejeune,f-lejeune,2823394,José Copete,j-arias-copete,0.853,3
96002,Florian Lejeune,f-lejeune,186795,Marcos Llorente,m-llorente-moreno,0.857,4
96002,Florian Lejeune,f-lejeune,4545389,Eric García,e-garcia,0.849,5
96002,Florian Lejeune,f-lejeune,181449,Dávid Hancko,d-hancko,0.848,6
96002,Florian Lejeune,f-lejeune,234692,Guillermo Maripán,g-maripan-loaysa,0.847,7
96002,Florian Lejeune,f-lejeune,37596373,Raúl Asencio,r-asencio-del-rosario,0.854,8
96002,Florian Lejeune,f-lejeune,532358,Adrià Pedrosa,a-giner-pedrosa,0.853,9
96002,Florian Lejeune,f-lejeune,37622162,Nobel Mendy,n-mendy-37622162,0.853,10
447094,Jorge de Frutos,j-de-frutos-sebastian,37595819,Víctor Muñoz,v-munoz-villanueva,0.87,1
447094,Jorge de Frutos,j-de-frutos-sebastian,37316483,Diego López,d-lopez-noguerol,0.864,2
447094,Jorge de Frutos,j-de-frutos-sebastian,24818355,Lucas Beltrán,l-beltran,0.862,3
447094,Jorge de Frutos,j-de-frutos-sebastian,529420,Abel Ruiz,a-ruiz-ortega,0.85,4
447094,Jorge de Frutos,j-de-frutos-sebastian,186932,Mikel Oyarzabal,m-oyarzabal-ugarte,0.855,5
447094,Jorge de Frutos,j-de-frutos-sebastian,35281051,Raúl García,r-garcia-de-haro,0.854,6
447094,Jorge de Frutos,j-de-frutos-sebastian,37598148,Joel Roca,j-roca-casals,0.853,7
447094,Jorge de Frutos,j-de-frutos-sebastian,448290,Javi Puado,j-puado-diaz,0.852,8
447094,Jorge de Frutos,j-de-frutos-sebastian,32744,Borja Mayoral,b-mayoral-moya,0.852,9
447094,Jorge de Frutos,j-de-frutos-sebastian,13981024,Largie Ramazani,l-ramazani,0.851,10
538861,Alexis Saelemaekers,a-saelemaekers,23269660,Charles De Ketelaere,c-de-ketelaere,0.883,1
538861,Alexis Saelemaekers,a-saelemaekers,5270451,Jurgen Ekkelenkamp,j-ekkelenkamp,0.858,2
538861,Alexis Saelemaekers,a-saelemaekers,23288607,Nicola Zalewski,n-zalewski,0.856,3
538861,Alexis Saelemaekers,a-saelemaekers,37343966,Giorgio Scalvini,g-scalvini,0.842,4
538861,Alexis Saelemaekers,a-saelemaekers,23698077,Gustav Isaksen,g-isaksen,0.848,5
538861,Alexis Saelemaekers,a-saelemaekers,26635,C. Stengs,c-stengs,0.847,6
538861,Alexis Saelemaekers,a-saelemaekers,37602122,Lennon Miller,l-miller,0.847,7
538861,Alexis Saelemaekers,a-saelemaekers,37532950,Kristjan Asllani,k-asllani,0.845,8
538861,Alexis Saelemaekers,a-saelemaekers,4545404,Khéphren Thuram,k-thuram-ulien,0.844,9
538861,Alexis Saelemaekers,a-saelemaekers,37538647,Vitinha,v-carvalho-oliveira,0.844,10
11705403,Nathan Collins,n-collins,37316456,Nnamdi Collins,n-collins-37316456,0.917,1
11705403,Nathan Collins,n-collins,498161,Maximilian Kilman,m-kilman,0.866,2
11705403,Nathan Collins,n-collins,12433171,Dan Ballard,d-ballard,0.857,3
11705403,Nathan Collins,n-collins,37528754,Jake O'Brien,j-obrien,0.854,4
11705403,Nathan Collins,n-collins,4536500,Marc Guéhi,m-guehi,0.853,5
11705403,Nathan Collins,n-collins,7124,Ezri Konsa,e-konsa-ngoyo,0.851,6
11705403,Nathan Collins,n-collins,151418,Kristoffer Ajer,k-vassbakk-ajer,0.849,7
11705403,Nathan Collins,n-collins,100556,Ibrahima Konaté,i-konate,0.848,8
11705403,Nathan Collins,n-collins,25284,Joachim Andersen,j-andersen,0.847,9
11705403,Nathan Collins,n-collins,22169325,James Hill,j-hill,0.852,10
27067062,Kevin Schade,k-schade,15040126,Karim Adeyemi,k-adeyemi,0.862,1
27067062,Kevin Schade,k-schade,37539420,Anton Kade,a-kade,0.859,2
27067062,Kevin Schade,k-schade,37317015,Amad Diallo,a-traore,0.857,3
27067062,Kevin Schade,k-schade,115485,András Schäfer,a-schafer,0.857,4
27067062,Kevin Schade,k-schade,37543248,Dango Ouattara,dango-ouattara,0.857,5
27067062,Kevin Schade,k-schade,1494225,Nathan Tella,n-tella,0.857,6
27067062,Kevin Schade,k-schade,25589,Milot Rashica,m-rashica,0.848,7
27067062,Kevin Schade,k-schade,349061,Marco Grüll,m-grull,0.854,8
27067062,Kevin Schade,k-schade,15434627,Samuel Chukwueze,s-chukwueze,0.853,9
27067062,Kevin Schade,k-schade,27393,Ragnar Ache,r-ache,0.853,10
80655,Tomáš Souček,t-souek,97626,Boubacar Kamara,b-kamara,0.857,1
80655,Tomáš Souček,t-souek,785998,Dominik Szoboszlai,d-szoboszlai,0.851,2
80655,Tomáš Souček,t-souek,80902,Ladislav Krejci,l-kreji,0.847,3
80655,Tomáš Souček,t-souek,173737,Sean Longstaff,s-longstaff,0.853,4
80655,Tomáš Souček,t-souek,7643,Eberechi Eze,e-eze,0.852,5
80655,Tomáš Souček,t-souek,37550443,Alex Scott,a-scott,0.843,6
80655,Tomáš Souček,t-souek,5273,Declan Rice,d-rice,0.843,7
80655,Tomáš Souček,t-souek,3156873,Tijjani Reijnders,t-reijnders,0.841,8
80655,Tomáš Souček,t-souek,459145,Bruno Guimarães,b-guimaraes-rodriguez-moura,0.84,9
80655,Tomáš Souček,t-souek,537117,Trevoh Chalobah,t-chalobah,0.84,10
2823228,Sandro Tonali,s-tonali,129890,Manuel Locatelli,m-locatelli,0.878,1
2823228,Sandro Tonali,s-tonali,33645,Joelinton,j-apolinario-de-lira,0.876,2
2823228,Sandro Tonali,s-tonali,459145,Bruno Guimarães,b-guimaraes-rodriguez-moura,0.873,3
2823228,Sandro Tonali,s-tonali,173737,Sean Longstaff,s-longstaff,0.878,4
2823228,Sandro Tonali,s-tonali,785998,Dominik Szoboszlai,d-szoboszlai,0.856,5
2823228,Sandro Tonali,s-tonali,4536538,Nicolò Fagioli,n-fagioli,0.862,6
2823228,Sandro Tonali,s-tonali,530762,Martín Zubimendi,m-zubimendi-ibanez,0.852,7
2823228,Sandro Tonali,s-tonali,37545384,Máximo Perrone,m-perrone,0.858,8
2823228,Sandro Tonali,s-tonali,130117,Nicolò Barella,n-barella,0.849,9
2823228,Sandro Tonali,s-tonali,5270468,Sven Botman,s-botman,0.855,10
80889,Martin Dúbravka,m-dubravka,37622398,Bernardo,b-parise-fontes,0.998,1
80889,Martin Dúbravka,m-dubravka,37395348,Jort Borgmans,j-borgmans,0.998,2
80889,Martin Dúbravka,m-dubravka,37255839,Youri Schoonderwaldt,y-schoonderwalt,0.997,3
80889,Martin Dúbravka,m-dubravka,2823097,Igor Vekic,igor-vekic,0.997,4
80889,Martin Dúbravka,m-dubravka,19970205,Daniel Bielica,d-bielica,0.997,5
80889,Martin Dúbravka,m-dubravka,160339,Charles,c-da-silva,0.997,6
80889,Martin Dúbravka,m-dubravka,3219352,Trevor Doornbusch,t-doornbusch,0.997,7
80889,Martin Dúbravka,m-dubravka,33779,Dominik Reimann,d-reimann,0.996,8
80889,Martin Dúbravka,m-dubravka,37595807,Tom de Graaff,t-de-graaff,0.993,9
80889,Martin Dúbravka,m-dubravka,608110,Jari De Busser,j-de-busser,0.993,10
37423141,Lesley Ugochukwu,c-ugochukwu,37564315,Dário Essugo,d-luis-essugo,0.884,1
37423141,Lesley Ugochukwu,c-ugochukwu,37259239,Tim Iroegbunam,t-iroegbunam,0.867,2
37423141,Lesley Ugochukwu,c-ugochukwu,31626713,Carney Chukwuemeka,c-chukwuemeka,0.861,3
37423141,Lesley Ugochukwu,c-ugochukwu,12542,Ethan Ampadu,e-ampadu,0.854,4
37423141,Lesley Ugochukwu,c-ugochukwu,5319,Wilfred Ndidi,o-ndidi,0.857,5
37423141,Lesley Ugochukwu,c-ugochukwu,37575228,Antoni Milambo,a-milambo,0.85,6
37423141,Lesley Ugochukwu,c-ugochukwu,37678216,Christantus Uche,c-uche,0.847,7
37423141,Lesley Ugochukwu,c-ugochukwu,37588823,Carlos Baleba,c-noom-quomah,0.854,8
37423141,Lesley Ugochukwu,c-ugochukwu,163210,Florentino,f-morris-luis,0.845,9
37423141,Lesley Ugochukwu,c-ugochukwu,5640926,Cheick Doucouré,c-doucoure,0.852,10
6524,Matty Cash,m-cash,22169325,James Hill,j-hill,0.864,1
6524,Matty Cash,m-cash,11720838,Neco Williams,n-williams,0.857,2
6524,Matty Cash,m-cash,581220,Reece James,r-james,0.854,3
6524,Matty Cash,m-cash,955,Luke Shaw,l-shaw,0.85,4
6524,Matty Cash,m-cash,4598710,Tyrick Mitchell,t-mitchell,0.85,5
6524,Matty Cash,m-cash,8456257,Pedro Porro,p-porro-sauceda,0.849,6
6524,Matty Cash,m-cash,62337,Timothy Castagne,t-castagne,0.855,7
6524,Matty Cash,m-cash,455900,Nahuel Molina,n-molina-lucero,0.855,8
6524,Matty Cash,m-cash,537493,Marcus Tavernier,m-tavernier,0.847,9
6524,Matty Cash,m-cash,12514,James Justin,j-justin,0.854,10
37296248,Micky van de Ven,m-van-de-ven,540027,Calvin Bassey,c-bassey,0.866,1
37296248,Micky van de Ven,m-van-de-ven,11658171,Sepp van den Berg,s-van-den-berg,0.863,2
37296248,Micky van de Ven,m-van-de-ven,5270466,J. Timber,j-timber,0.862,3
37296248,Micky van de Ven,m-van-de-ven,32777506,Destiny Udogie,i-udogie,0.865,4
37296248,Micky van de Ven,m-van-de-ven,24818803,Jan Paul van Hecke,j-van-hecke-24818803,0.852,5
37296248,Micky van de Ven,m-van-de-ven,7026573,Djed Spence,d-spence-7026573,0.851,6
37296248,Micky van de Ven,m-van-de-ven,37544409,Rav van den Berg,r-van-den-berg,0.858,7
37296248,Micky van de Ven,m-van-de-ven,133779,Guglielmo Vicario,g-vicario,0.848,8
37296248,Micky van de Ven,m-van-de-ven,26768,Matthijs de Ligt,m-de-ligt,0.846,9
37296248,Micky van de Ven,m-van-de-ven,23278684,Riccardo Calafiori,r-calafiori,0.838,10
37286738,Hugo Bueno,h-bueno,459653,Santiago Bueno,s-bueno-sciutto,0.911,1
37286738,Hugo Bueno,h-bueno,21781428,Matheus Nunes,m-nunes,0.869,2
37286738,Hugo Bueno,h-bueno,37584705,Álex Jiménez,a-jimenez-sanchez,0.866,3
37286738,Hugo Bueno,h-bueno,25400,Kenny Tete,k-tete,0.865,4
37286738,Hugo Bueno,h-bueno,37402348,João Gomes,gomes,0.861,5
37286738,Hugo Bueno,h-bueno,1846739,Matheus Cunha,m-carneiro-da-cunha,0.853,6
37286738,Hugo Bueno,h-bueno,37317367,Malo Gusto,m-gusto,0.852,7
37286738,Hugo Bueno,h-bueno,11720838,Neco Williams,n-williams,0.844,8
37286738,Hugo Bueno,h-bueno,13590962,Rayan Aït-Nouri,r-ait-nouri,0.845,9
37286738,Hugo Bueno,h-bueno,8456257,Pedro Porro,p-porro-sauceda,0.835,10
37402348,João Gomes,gomes,37563876,Diego Gómez,d-gomez-amarilla,0.884,1
37402348,João Gomes,gomes,608285,Angel Gomes,a-gomes,0.88,2
37402348,João Gomes,gomes,37729902,William Gomes,w-gomes-carvalho-santos,0.88,3
37402348,João Gomes,gomes,37354841,Rodrigo Gomes,r-gomes,0.877,4
37402348,João Gomes,gomes,1846739,Matheus Cunha,m-carneiro-da-cunha,0.87,5
37402348,João Gomes,gomes,37526007,André,a-trindade-da-costa-neto,0.861,6
37402348,João Gomes,gomes,160072,João Palhinha,j-lobo-alves-palhinha-goncalves,0.867,7
37402348,João Gomes,gomes,159372,André Gomes,a-tavares-gomes,0.858,8
37402348,João Gomes,gomes,21781428,Matheus Nunes,m-nunes,0.857,9
37402348,João Gomes,gomes,37286738,Hugo Bueno,h-bueno,0.861,10
37526007,André,a-trindade-da-costa-neto,95168,Benjamin André,b-andre,0.902,1
37526007,André,a-trindade-da-costa-neto,332047,Elliot Anderson,e-anderson,0.868,2
37526007,André,a-trindade-da-costa-neto,37402348,João Gomes,gomes,0.861,3
37526007,André,a-trindade-da-costa-neto,1846739,Matheus Cunha,m-carneiro-da-cunha,0.856,4
37526007,André,a-trindade-da-costa-neto,37592729,João Neves,j-goncalves-neves,0.856,5
37526007,André,a-trindade-da-costa-neto,23269737,Nico González,n-gonzalez-iglesias,0.847,6
37526007,André,a-trindade-da-costa-neto,37593153,Mateus Fernandes,m-espanha-fernandes,0.845,7
37526007,André,a-trindade-da-costa-neto,129602,Bruno Fernandes,b-fernandes,0.845,8
37526007,André,a-trindade-da-costa-neto,160072,João Palhinha,j-lobo-alves-palhinha-goncalves,0.852,9
37526007,André,a-trindade-da-costa-neto,37550443,Alex Scott,a-scott,0.842,10
5666458,Maxence Lacroix,m-lacroix,29478,Pascal Struijk,p-struijk,0.858,1
5666458,Maxence Lacroix,m-lacroix,80902,Ladislav Krejci,l-kreji,0.856,2
5666458,Maxence Lacroix,m-lacroix,21762216,Malick Thiaw,m-thiaw,0.855,3
5666458,Maxence Lacroix,m-lacroix,37261923,Emmanuel Agbadou,e-agbadou,0.859,4
5666458,Maxence Lacroix,m-lacroix,33079,Kevin Danso,k-danso,0.858,5
5666458,Maxence Lacroix,m-lacroix,333989,Marcos Senesi,m-senesi,0.85,6
5666458,Maxence Lacroix,m-lacroix,151418,Kristoffer Ajer,k-vassbakk-ajer,0.85,7
5666458,Maxence Lacroix,m-lacroix,178032,Nikola Milenković,n-milenkovi,0.849,8
5666458,Maxence Lacroix,m-lacroix,11658171,Sepp van den Berg,s-van-den-berg,0.848,9
5666458,Maxence Lacroix,m-lacroix,3861826,Jordan Beyer,l-beyer,0.855,10
96656,Nicolas Pépé,n-pepe,439683,Pepê,e-aquino-cossa,0.867,1
96656,Nicolas Pépé,n-pepe,12393293,Antony,a-dos-santos,0.86,2
96656,Nicolas Pépé,n-pepe,187167,Pepelu,j-garcia-vaya,0.851,3
96656,Nicolas Pépé,n-pepe,187032,Álex Berenguer,a-berenguer-remiro,0.853,4
96656,Nicolas Pépé,n-pepe,186815,Pablo Fornals,p-fornals-malla,0.845,5
96656,Nicolas Pépé,n-pepe,37543248,Dango Ouattara,dango-ouattara,0.852,6
96656,Nicolas Pépé,n-pepe,186370,Thomas Partey,t-partey,0.846,7
96656,Nicolas Pépé,n-pepe,15434627,Samuel Chukwueze,s-chukwueze,0.845,8
96656,Nicolas Pépé,n-pepe,96642,Maxwel Cornet,g-cornet,0.843,9
96656,Nicolas Pépé,n-pepe,7698436,Álex Baena,a-rodriguez,0.841,10
5141,Dominic Calvert-Lewin,d-calvert-lewin,219633,Richarlison,r-de-andrade,0.861,1
5141,Dominic Calvert-Lewin,d-calvert-lewin,23697427,Armando Broja,a-broja,0.859,2
5141,Dominic Calvert-Lewin,d-calvert-lewin,1639,James Tarkowski,j-tarkowski,0.85,3
5141,Dominic Calvert-Lewin,d-calvert-lewin,458682,Jørgen Strand Larsen,j-strand-larsen,0.849,4
5141,Dominic Calvert-Lewin,d-calvert-lewin,914,Chris Wood,c-wood,0.853,5
5141,Dominic Calvert-Lewin,d-calvert-lewin,154421,Erling Haaland,e-haaland,0.843,6
5141,Dominic Calvert-Lewin,d-calvert-lewin,537117,Trevoh Chalobah,t-chalobah,0.84,7
5141,Dominic Calvert-Lewin,d-calvert-lewin,96950,Jean-Philippe Mateta,j-mateta,0.84,8
5141,Dominic Calvert-Lewin,d-calvert-lewin,1826,Jordan Pickford,j-pickford,0.837,9
5141,Dominic Calvert-Lewin,d-calvert-lewin,37260431,Tolu Arokodare,t-arokodare,0.843,10
12542,Ethan Ampadu,e-ampadu,37423141,Lesley Ugochukwu,c-ugochukwu,0.854,1
12542,Ethan Ampadu,e-ampadu,37564315,Dário Essugo,d-luis-essugo,0.84,2
12542,Ethan Ampadu,e-ampadu,37575228,Antoni Milambo,a-milambo,0.838,3
12542,Ethan Ampadu,e-ampadu,37526007,André,a-trindade-da-costa-neto,0.836,4
12542,Ethan Ampadu,e-ampadu,2332,Will Hughes,w-hughes,0.844,5
12542,Ethan Ampadu,e-ampadu,37550443,Alex Scott,a-scott,0.835,6
12542,Ethan Ampadu,e-ampadu,530762,Martín Zubimendi,m-zubimendi-ibanez,0.835,7
12542,Ethan Ampadu,e-ampadu,4536524,James Garner,j-garner,0.835,8
12542,Ethan Ampadu,e-ampadu,37588823,Carlos Baleba,c-noom-quomah,0.841,9
12542,Ethan Ampadu,e-ampadu,262324,Tyler Adams,t-adams,0.84,10
339112,Joe Rodon,j-rodon,4536500,Marc Guéhi,m-guehi,0.862,1
339112,Joe Rodon,j-rodon,37261923,Emmanuel Agbadou,e-agbadou,0.864,2
339112,Joe Rodon,j-rodon,498161,Maximilian Kilman,m-kilman,0.856,3
339112,Joe Rodon,j-rodon,333989,Marcos Senesi,m-senesi,0.854,4
339112,Joe Rodon,j-rodon,537117,Trevoh Chalobah,t-chalobah,0.85,5
339112,Joe Rodon,j-rodon,21781428,Matheus Nunes,m-nunes,0.849,6
339112,Joe Rodon,j-rodon,37623459,Abdukodir Khusanov,a-khusanov,0.855,7
339112,Joe Rodon,j-rodon,21762216,Malick Thiaw,m-thiaw,0.846,8
339112,Joe Rodon,j-rodon,459653,Santiago Bueno,s-bueno-sciutto,0.851,9
339112,Joe Rodon,j-rodon,1548632,Jaka Bijol,j-bijol,0.842,10
37596384,Nico Paz,n-paz-martinez,37631801,Simone Pafundi,simone-pafundi,0.86,1
37596384,Nico Paz,n-paz-martinez,37669686,Pietro Comuzzo,p-comuzzo,0.847,2
37596384,Nico Paz,n-paz-martinez,73603,Mario Pašalić,m-paali,0.841,3
37596384,Nico Paz,n-paz-martinez,37599458,Cristian Volpato,c-volpato,0.837,4
37596384,Nico Paz,n-paz-martinez,37343966,Giorgio Scalvini,g-scalvini,0.825,5
37596384,Nico Paz,n-paz-martinez,37550680,Martin Baturina,m-baturina,0.822,6
37596384,Nico Paz,n-paz-martinez,37260234,Andrea Cambiaso,a-cambiaso,0.822,7
37596384,Nico Paz,n-paz-martinez,37343968,Tommaso Baldanzi,t-baldanzi,0.827,8
37596384,Nico Paz,n-paz-martinez,17536862,Saúl Coco,s-coco-bassey-oubina,0.818,9
37596384,Nico Paz,n-paz-martinez,37316942,Fabio Miretti,f-miretti,0.826,10
64193,Sander Berge,s-berge,62342,Youri Tielemans,y-tielemans,0.868,1
64193,Sander Berge,s-berge,97626,Boubacar Kamara,b-kamara,0.856,2
64193,Sander Berge,s-berge,172611,John McGinn,j-mcginn,0.862,3
64193,Sander Berge,s-berge,96943,Ibrahim Sangaré,i-sangare,0.861,4
64193,Sander Berge,s-berge,7926,Morgan Gibbs-White,m-gibbs-white,0.851,5
64193,Sander Berge,s-berge,11705406,Jacob Ramsey,j-ramsey,0.855,6
64193,Sander Berge,s-berge,37598755,Oscar Højlund,o-hojlund,0.853,7
64193,Sander Berge,s-berge,262324,Tyler Adams,t-adams,0.851,8
64193,Sander Berge,s-berge,3861826,Jordan Beyer,l-beyer,0.851,9
64193,Sander Berge,s-berge,37575228,Antoni Milambo,a-milambo,0.842,10
37397144,Robin Roefs,r-roefs,1011,Joel Robles,j-robles-blazquez,0.871,1
37397144,Robin Roefs,r-roefs,37257596,Bart Verbruggen,b-verbruggen,0.862,2
37397144,Robin Roefs,r-roefs,23730717,Mads Hermansen,m-hermansen,0.867,3
37397144,Robin Roefs,r-roefs,3130,David Raya,d-raya-martin,0.859,4
37397144,Robin Roefs,r-roefs,2975,Matz Sels,m-sels,0.858,5
37397144,Robin Roefs,r-roefs,9606060,Vitezslav Jaros,v-jaro,0.858,6
37397144,Robin Roefs,r-roefs,12759176,Matej Kovar,m-kova,0.856,7
37397144,Robin Roefs,r-roefs,896225,Caoimhín Kelleher,c-kelleher,0.854,8
37397144,Robin Roefs,r-roefs,32811,Timon Wellenreuther,t-wellenreuther,0.853,9
37397144,Robin Roefs,r-roefs,460159,Lucas Perri,l-estella-perri,0.853,10
16827175,Jonathan David,j-david,125482,Manor Solomon,m-solomon,0.855,1
16827175,Jonathan David,j-david,37553010,Mateo Pellegrino,m-pellegrino-casalanguila,0.846,2
16827175,Jonathan David,j-david,37260234,Andrea Cambiaso,a-cambiaso,0.834,3
16827175,Jonathan David,j-david,37713942,Robinio Vaz,r-vaz,0.839,4
16827175,Jonathan David,j-david,37568721,Giovane,g-santana-do-nascimento,0.839,5
16827175,Jonathan David,j-david,432840,Armand Laurienté,a-lauriente,0.839,6
16827175,Jonathan David,j-david,205978,Artem Dovbyk,a-dovbyk,0.839,7
16827175,Jonathan David,j-david,37732903,Jeff Ekhator,j-ekhator,0.839,8
16827175,Jonathan David,j-david,149150,Nikola Krstović,n-krstovi,0.839,9
16827175,Jonathan David,j-david,37567337,Santiago Castro,s-castro,0.837,10
28931574,João Pedro,j-junqueira-de-jesus,2889,Lucas João,l-santos-joao,0.861,1
28931574,João Pedro,j-junqueira-de-jesus,37354843,João Resende,j-moreira-resende,0.857,2
28931574,João Pedro,j-junqueira-de-jesus,219633,Richarlison,r-de-andrade,0.852,3
28931574,João Pedro,j-junqueira-de-jesus,21773178,Beto,n-bercique-gomes-betuncal,0.85,4
28931574,João Pedro,j-junqueira-de-jesus,29328429,Igor Jesus,i-da-cruz,0.842,5
28931574,João Pedro,j-junqueira-de-jesus,529689,Bryan Mbeumo,b-mbeumo,0.841,6
28931574,João Pedro,j-junqueira-de-jesus,32777430,Nick Woltemade,n-woltemade,0.84,7
28931574,João Pedro,j-junqueira-de-jesus,23697427,Armando Broja,a-broja,0.845,8
28931574,João Pedro,j-junqueira-de-jesus,537316,Zian Flemming,z-flemming,0.844,9
28931574,João Pedro,j-junqueira-de-jesus,1846739,Matheus Cunha,m-carneiro-da-cunha,0.836,10
37259180,Levi Colwill,l-colwill,537117,Trevoh Chalobah,t-chalobah,0.887,1
37259180,Levi Colwill,l-colwill,4545394,Benoît Badiashile,b-badiashile-mukinayi,0.881,2
37259180,Levi Colwill,l-colwill,37536874,Roméo Lavia,r-lavia,0.877,3
37259180,Levi Colwill,l-colwill,23311159,Ian Maatsen,i-maatsen,0.873,4
37259180,Levi Colwill,l-colwill,37317367,Malo Gusto,m-gusto,0.865,5
37259180,Levi Colwill,l-colwill,4536500,Marc Guéhi,m-guehi,0.864,6
37259180,Levi Colwill,l-colwill,23278684,Riccardo Calafiori,r-calafiori,0.861,7
37259180,Levi Colwill,l-colwill,5241,Tosin Adarabioyo,o-adarabioyo,0.864,8
37259180,Levi Colwill,l-colwill,37261500,Moisés Caicedo,m-caicedo-corozo,0.855,9
37259180,Levi Colwill,l-colwill,37676786,Ayden Heaven,a-heaven,0.861,10
190168,Gorka Guruzeta,g-guruzeta-rodriguez,34700,Ante Budimir,a-budimir,0.857,1
190168,Gorka Guruzeta,g-guruzeta-rodriguez,35281051,Raúl García,r-garcia-de-haro,0.863,2
190168,Gorka Guruzeta,g-guruzeta-rodriguez,37568657,Roberto Fernández,r-fernandez-jaen,0.855,3
190168,Gorka Guruzeta,g-guruzeta-rodriguez,461664,Alexandre Zurawski,a-zurawski,0.856,4
190168,Gorka Guruzeta,g-guruzeta-rodriguez,186932,Mikel Oyarzabal,m-oyarzabal-ugarte,0.856,5
190168,Gorka Guruzeta,g-guruzeta-rodriguez,10692,Toni Martínez,a-martinez-lopez,0.848,6
190168,Gorka Guruzeta,g-guruzeta-rodriguez,240195,Cucho Hernández,j-hernandez-suarez,0.846,7
190168,Gorka Guruzeta,g-guruzeta-rodriguez,186965,Rafa Mir,r-mir-vicente,0.845,8
190168,Gorka Guruzeta,g-guruzeta-rodriguez,529420,Abel Ruiz,a-ruiz-ortega,0.844,9
190168,Gorka Guruzeta,g-guruzeta-rodriguez,186358,Álvaro García,a-garcia-rivera,0.851,10
9308118,Andrei Rațiu,a-ratiu,24468965,Javi López,j-lopez-carballo,0.863,1
9308118,Andrei Rațiu,a-ratiu,455900,Nahuel Molina,n-molina-lucero,0.861,2
9308118,Andrei Rațiu,a-ratiu,6006071,Sergio Carreira,s-carreira-vilarino,0.854,3
9308118,Andrei Rațiu,a-ratiu,130199,Ionuț Radu,i-radu,0.852,4
9308118,Andrei Rațiu,a-ratiu,21539177,Víctor García,v-garcia-raja,0.854,5
9308118,Andrei Rațiu,a-ratiu,2060,Pablo Maffeo,p-maffeo-becerra,0.846,6
9308118,Andrei Rațiu,a-ratiu,24837941,Matteo Ruggeri,m-ruggeri,0.853,7
9308118,Andrei Rațiu,a-ratiu,465803,Gabriel Suazo,g-suazo-urbina,0.851,8
9308118,Andrei Rațiu,a-ratiu,443792,Nahuel Tenaglia,n-tenaglia,0.842,9
9308118,Andrei Rațiu,a-ratiu,181449,Dávid Hancko,d-hancko,0.841,10
37655226,Yankuba Minteh,y-minteh,37543248,Dango Ouattara,dango-ouattara,0.875,1
37655226,Yankuba Minteh,y-minteh,23661272,Iliman Ndiaye,i-ndiaye,0.868,2
37655226,Yankuba Minteh,y-minteh,19978623,Dan Ndoye,d-ndoye,0.866,3
37655226,Yankuba Minteh,y-minteh,37317015,Amad Diallo,a-traore,0.863,4
37655226,Yankuba Minteh,y-minteh,25217662,Noni Madueke,c-madueke,0.861,5
37655226,Yankuba Minteh,y-minteh,4536529,Noah Okafor,n-okafor,0.86,6
37655226,Yankuba Minteh,y-minteh,9939203,Crysencio Summerville,c-summerville,0.856,7
37655226,Yankuba Minteh,y-minteh,10990678,Antoine Semenyo,a-semenyo,0.848,8
37655226,Yankuba Minteh,y-minteh,37593240,Wilson Odobert,w-odobert,0.852,9
37655226,Yankuba Minteh,y-minteh,21782390,Georginio Rutter,g-rutter,0.844,10
268,Luka Modrić,l-modri,73147,Mateo Kovacic,m-kovai,0.872,1
268,Luka Modrić,l-modri,185972,Isco,f-alarcon-suarez,0.871,2
268,Luka Modrić,l-modri,5270371,Aurélien Tchouaméni,a-tchouameni,0.847,3
268,Luka Modrić,l-modri,260862,Federico Valverde,f-valverde-dipetta,0.846,4
268,Luka Modrić,l-modri,129890,Manuel Locatelli,m-locatelli,0.843,5
268,Luka Modrić,l-modri,73906,Nikola Vlašić,n-vlai,0.841,6
268,Luka Modrić,l-modri,4574,Aleix García,a-garcia-serrano,0.837,7
268,Luka Modrić,l-modri,785998,Dominik Szoboszlai,d-szoboszlai,0.834,8
268,Luka Modrić,l-modri,3862358,Enzo Leopold,e-leopold,0.833,9
268,Luka Modrić,l-modri,27850,Stanislav Lobotka,s-lobotka,0.841,10
25930711,Strahinja Pavlović,s-pavlovi,36681,Marin Pongracic,m-pongracic,0.861,1
25930711,Strahinja Pavlović,s-pavlovi,37582044,Aleksandar Pavlovic,a-pavlovi,0.862,2
25930711,Strahinja Pavlović,s-pavlovi,28931733,Odilon Kossounou,k-odilon,0.851,3
25930711,Strahinja Pavlović,s-pavlovi,37539577,Thomas Kristensen,t-kristensen,0.854,4
25930711,Strahinja Pavlović,s-pavlovi,37533245,Federico Gatti,f-gatti,0.853,5
25930711,Strahinja Pavlović,s-pavlovi,37699427,Matteo Palma,m-palma,0.853,6
25930711,Strahinja Pavlović,s-pavlovi,37343966,Giorgio Scalvini,g-scalvini,0.844,7
25930711,Strahinja Pavlović,s-pavlovi,37529525,Tarik Muharemović,t-muharemovic,0.844,8
25930711,Strahinja Pavlović,s-pavlovi,36265,Vangelis Pavlidis,v-pavlidis,0.843,9
25930711,Strahinja Pavlović,s-pavlovi,1452150,Sebastian Walukiewicz,s-walukiewicz,0.843,10
96755,Gaëtan Perrin,g-perrin,24883,Giovanni Korte,g-korte,0.858,1
96755,Gaëtan Perrin,g-perrin,418375,Christopher Antwi-Adjei,c-antwi-adjej,0.852,2
96755,Gaëtan Perrin,g-perrin,21413511,Elias Achouri,m-achouri,0.851,3
96755,Gaëtan Perrin,g-perrin,37296279,Derik Lacerda,derik-lacerda,0.849,4
96755,Gaëtan Perrin,g-perrin,25663,Alessio Da Cruz,alessio-da-cruz,0.849,5
96755,Gaëtan Perrin,g-perrin,165702,Olimpiu Moruțan,olimpiu-moruan,0.847,6
96755,Gaëtan Perrin,g-perrin,10995439,Jérémy Le Douaron,j-le-douaron,0.845,7
96755,Gaëtan Perrin,g-perrin,21782220,Lamine Gueye,m-gueye-21782220,0.844,8
96755,Gaëtan Perrin,g-perrin,28746,Koen Kostons,k-kostons,0.843,9
96755,Gaëtan Perrin,g-perrin,111645,Louis Mafouta,l-mafouta,0.84,10
4545389,Eric García,e-garcia,21539177,Víctor García,v-garcia-raja,0.94,1
4545389,Eric García,e-garcia,16475841,Joan García,j-pons,0.914,2
4545389,Eric García,e-garcia,4574,Aleix García,a-garcia-serrano,0.905,3
4545389,Eric García,e-garcia,37656468,Andrés García,a-garcia-robledo,0.903,4
4545389,Eric García,e-garcia,537666,Fran García,f-garcia-torres,0.9,5
4545389,Eric García,e-garcia,186358,Álvaro García,a-garcia-rivera,0.899,6
4545389,Eric García,e-garcia,37593253,Gonzalo García,g-garcia-torres,0.898,7
4545389,Eric García,e-garcia,37541244,Arnau Martínez,a-martinez,0.88,8
4545389,Eric García,e-garcia,35281051,Raúl García,r-garcia-de-haro,0.885,9
4545389,Eric García,e-garcia,25922180,Álvaro Núñez,a-nunez-cobo,0.874,10
37261110,Zeki Amdouni,m-amdouni,28602,Dani van der Moot,d-van-der-moot,0.838,1
37261110,Zeki Amdouni,m-amdouni,187680,Amath Ndiaye,a-ndiaye,0.829,2
37261110,Zeki Amdouni,m-amdouni,21073415,Mohamed Daramy,m-daramy,0.826,3
37261110,Zeki Amdouni,m-amdouni,9636187,Michael Breij,m-breij,0.82,4
37261110,Zeki Amdouni,m-amdouni,21413511,Elias Achouri,m-achouri,0.817,5
37261110,Zeki Amdouni,m-amdouni,12844289,Muhamet Hyseni,muhamet-hyseni,0.825,6
37261110,Zeki Amdouni,m-amdouni,37297042,Fer Niño,fer-nino,0.809,7
37261110,Zeki Amdouni,m-amdouni,3510293,Rober González,r-gonzalez-bayon,0.808,8
37261110,Zeki Amdouni,m-amdouni,30755,Enzo Stroo,e-stroo,0.817,9
37261110,Zeki Amdouni,m-amdouni,42980,Mete Demir,mete-demir,0.805,10
37351292,Maxime Estève,m-esteve,4536500,Marc Guéhi,m-guehi,0.858,1
37351292,Maxime Estève,m-esteve,100556,Ibrahima Konaté,i-konate,0.854,2
37351292,Maxime Estève,m-esteve,37261923,Emmanuel Agbadou,e-agbadou,0.857,3
37351292,Maxime Estève,m-esteve,2206665,Lisandro Martínez,l-martinez-2206665,0.855,4
37351292,Maxime Estève,m-esteve,21762216,Malick Thiaw,m-thiaw,0.847,5
37351292,Maxime Estève,m-esteve,1548632,Jaka Bijol,j-bijol,0.843,6
37351292,Maxime Estève,m-esteve,22536030,Bafodé Diakité,b-diakite,0.843,7
37351292,Maxime Estève,m-esteve,25400,Kenny Tete,k-tete,0.84,8
37351292,Maxime Estève,m-esteve,5666458,Maxence Lacroix,m-lacroix,0.84,9
37351292,Maxime Estève,m-esteve,529856,Jean-Clair Todibo,j-todibo,0.847,10
13591496,Carlos Augusto,c-zopalato-neves,37571579,Nicolò Bertola,n-bertola,0.871,1
13591496,Carlos Augusto,c-zopalato-neves,7655,Lloyd Kelly,l-kelly,0.864,2
13591496,Carlos Augusto,c-zopalato-neves,37705907,Mariano Troilo,m-troilo,0.867,3
13591496,Carlos Augusto,c-zopalato-neves,37656089,Jacobo Ramón,j-naveros,0.858,4
13591496,Carlos Augusto,c-zopalato-neves,37737620,Tiago Gabriel,t-coelho-oliveira,0.858,5
13591496,Carlos Augusto,c-zopalato-neves,37529525,Tarik Muharemović,t-muharemovic,0.853,6
13591496,Carlos Augusto,c-zopalato-neves,133797,Alessandro Bastoni,a-bastoni,0.853,7
13591496,Carlos Augusto,c-zopalato-neves,36681,Marin Pongracic,m-pongracic,0.853,8
13591496,Carlos Augusto,c-zopalato-neves,37539577,Thomas Kristensen,t-kristensen,0.859,9
13591496,Carlos Augusto,c-zopalato-neves,524309,Leo Østigård,l-skiri-oestigaard,0.858,10
159700,Casemiro,c-casimiro,129602,Bruno Fernandes,b-fernandes,0.874,1
159700,Casemiro,c-casimiro,37593153,Mateus Fernandes,m-espanha-fernandes,0.867,2
159700,Casemiro,c-casimiro,332047,Elliot Anderson,e-anderson,0.857,3
159700,Casemiro,c-casimiro,73147,Mateo Kovacic,m-kovai,0.851,4
159700,Casemiro,c-casimiro,459145,Bruno Guimarães,b-guimaraes-rodriguez-moura,0.849,5
159700,Casemiro,c-casimiro,205411,Fred,f-rodrigues-santos,0.847,6
159700,Casemiro,c-casimiro,893705,Manuel Ugarte,m-ugarte-ribeiro,0.853,7
159700,Casemiro,c-casimiro,4545513,Curtis Jones,c-jones,0.849,8
159700,Casemiro,c-casimiro,537121,Mason Mount,m-mount,0.849,9
159700,Casemiro,c-casimiro,1992,Paul Pogba,p-pogba,0.841,10
164061,Diogo Dalot,j-dalot-teixeira,5252,Aaron Wan-Bissaka,a-wan-bissaka,0.86,1
164061,Diogo Dalot,j-dalot-teixeira,160206,Victor Lindelöf,v-nilsson-lindelof,0.851,2
164061,Diogo Dalot,j-dalot-teixeira,8456257,Pedro Porro,p-porro-sauceda,0.843,3
164061,Diogo Dalot,j-dalot-teixeira,37600357,Leny Yoro,l-yoro,0.85,4
164061,Diogo Dalot,j-dalot-teixeira,955,Luke Shaw,l-shaw,0.842,5
164061,Diogo Dalot,j-dalot-teixeira,581220,Reece James,r-james,0.839,6
164061,Diogo Dalot,j-dalot-teixeira,11720838,Neco Williams,n-williams,0.837,7
164061,Diogo Dalot,j-dalot-teixeira,37316835,Conor Bradley,c-bradley,0.841,8
164061,Diogo Dalot,j-dalot-teixeira,5270466,J. Timber,j-timber,0.831,9
164061,Diogo Dalot,j-dalot-teixeira,37593153,Mateus Fernandes,m-espanha-fernandes,0.829,10
7124,Ezri Konsa,e-konsa-ngoyo,380970,Pau Torres,p-francisco-torres,0.87,1
7124,Ezri Konsa,e-konsa-ngoyo,1094,Tyrone Mings,t-mings,0.875,2
7124,Ezri Konsa,e-konsa-ngoyo,100556,Ibrahima Konaté,i-konate,0.86,3
7124,Ezri Konsa,e-konsa-ngoyo,4536500,Marc Guéhi,m-guehi,0.857,4
7124,Ezri Konsa,e-konsa-ngoyo,333989,Marcos Senesi,m-senesi,0.856,5
7124,Ezri Konsa,e-konsa-ngoyo,498161,Maximilian Kilman,m-kilman,0.855,6
7124,Ezri Konsa,e-konsa-ngoyo,97626,Boubacar Kamara,b-kamara,0.854,7
7124,Ezri Konsa,e-konsa-ngoyo,22169325,James Hill,j-hill,0.86,8
7124,Ezri Konsa,e-konsa-ngoyo,17544737,William Saliba,w-saliba,0.851,9
7124,Ezri Konsa,e-konsa-ngoyo,11705403,Nathan Collins,n-collins,0.851,10
8456257,Pedro Porro,p-porro-sauceda,7026573,Djed Spence,d-spence-7026573,0.864,1
8456257,Pedro Porro,p-porro-sauceda,28716,Noussair Mazraoui,n-mazraoui,0.87,2
8456257,Pedro Porro,p-porro-sauceda,37317367,Malo Gusto,m-gusto,0.86,3
8456257,Pedro Porro,p-porro-sauceda,5270466,J. Timber,j-timber,0.856,4
8456257,Pedro Porro,p-porro-sauceda,37627749,Julio Soler,j-soler-barreto,0.861,5
8456257,Pedro Porro,p-porro-sauceda,581220,Reece James,r-james,0.852,6
8456257,Pedro Porro,p-porro-sauceda,37584705,Álex Jiménez,a-jimenez-sanchez,0.85,7
8456257,Pedro Porro,p-porro-sauceda,6524,Matty Cash,m-cash,0.849,8
8456257,Pedro Porro,p-porro-sauceda,32777506,Destiny Udogie,i-udogie,0.854,9
8456257,Pedro Porro,p-porro-sauceda,37656468,Andrés García,a-garcia-robledo,0.845,10
129926,Matteo Politano,m-politano,132721,Giovanni Di Lorenzo,g-di-lorenzo,0.859,1
129926,Matteo Politano,m-politano,129677,Mattia Zaccagni,m-zaccagni,0.847,2
129926,Matteo Politano,m-politano,132126,Riccardo Orsolini,r-orsolini,0.853,3
129926,Matteo Politano,m-politano,432840,Armand Laurienté,a-lauriente,0.852,4
129926,Matteo Politano,m-politano,186321,Samu Castillejo,samu-castillejo,0.848,5
129926,Matteo Politano,m-politano,496775,Pedro Neto,p-lomba-neto,0.84,6
129926,Matteo Politano,m-politano,436159,M'Bala Nzola,m-nzola,0.845,7
129926,Matteo Politano,m-politano,23288058,Sebastiano Esposito,s-esposito,0.844,8
129926,Matteo Politano,m-politano,96642,Maxwel Cornet,g-cornet,0.844,9
129926,Matteo Politano,m-politano,11298787,Billal Brahimi,b-brahimi,0.835,10
4545513,Curtis Jones,c-jones,23269737,Nico González,n-gonzalez-iglesias,0.86,1
4545513,Curtis Jones,c-jones,332047,Elliot Anderson,e-anderson,0.859,2
4545513,Curtis Jones,c-jones,37550443,Alex Scott,a-scott,0.853,3
4545513,Curtis Jones,c-jones,37593153,Mateus Fernandes,m-espanha-fernandes,0.851,4
4545513,Curtis Jones,c-jones,159700,Casemiro,c-casimiro,0.849,5
4545513,Curtis Jones,c-jones,73147,Mateo Kovacic,m-kovai,0.842,6
4545513,Curtis Jones,c-jones,33645,Joelinton,j-apolinario-de-lira,0.841,7
4545513,Curtis Jones,c-jones,2332,Will Hughes,w-hughes,0.849,8
4545513,Curtis Jones,c-jones,4536524,James Garner,j-garner,0.841,9
4545513,Curtis Jones,c-jones,37526007,André,a-trindade-da-costa-neto,0.841,10
37381778,Milos Kerkez,milos-kerkez,21072805,Rayan Cherki,m-cherki,0.865,1
37381778,Milos Kerkez,milos-kerkez,28543553,Adrien Truffert,a-truffert,0.851,2
37381778,Milos Kerkez,milos-kerkez,896225,Caoimhín Kelleher,c-kelleher,0.848,3
37381778,Milos Kerkez,milos-kerkez,785998,Dominik Szoboszlai,d-szoboszlai,0.846,4
37381778,Milos Kerkez,milos-kerkez,32777506,Destiny Udogie,i-udogie,0.85,5
37381778,Milos Kerkez,milos-kerkez,8456257,Pedro Porro,p-porro-sauceda,0.842,6
37381778,Milos Kerkez,milos-kerkez,5270466,J. Timber,j-timber,0.841,7
37381778,Milos Kerkez,milos-kerkez,11720838,Neco Williams,n-williams,0.841,8
37381778,Milos Kerkez,milos-kerkez,23269659,Maxim De Cuyper,m-de-cuyper,0.846,9
37381778,Milos Kerkez,milos-kerkez,37296248,Micky van de Ven,m-van-de-ven,0.837,10
537493,Marcus Tavernier,m-tavernier,37550443,Alex Scott,a-scott,0.848,1
537493,Marcus Tavernier,m-tavernier,6524,Matty Cash,m-cash,0.847,2
537493,Marcus Tavernier,m-tavernier,23311159,Ian Maatsen,i-maatsen,0.849,3
537493,Marcus Tavernier,m-tavernier,540027,Calvin Bassey,c-bassey,0.84,4
537493,Marcus Tavernier,m-tavernier,3156873,Tijjani Reijnders,t-reijnders,0.838,5
537493,Marcus Tavernier,m-tavernier,36633,Vitaly Janelt,v-janelt,0.845,6
537493,Marcus Tavernier,m-tavernier,24818803,Jan Paul van Hecke,j-van-hecke-24818803,0.835,7
537493,Marcus Tavernier,m-tavernier,173737,Sean Longstaff,s-longstaff,0.842,8
537493,Marcus Tavernier,m-tavernier,37563876,Diego Gómez,d-gomez-amarilla,0.832,9
537493,Marcus Tavernier,m-tavernier,73906,Nikola Vlašić,n-vlai,0.832,10
24468970,Yéremy Pino,y-jesus-pino-santos,26823,Martin Ødegaard,m-odegaard-26823,0.845,1
24468970,Yéremy Pino,y-jesus-pino-santos,30062,Cody Gakpo,c-gakpo,0.833,2
24468970,Yéremy Pino,y-jesus-pino-santos,186815,Pablo Fornals,p-fornals-malla,0.833,3
24468970,Yéremy Pino,y-jesus-pino-santos,32792,Jacob Bruun Larsen,j-bruun-larsen,0.838,4
24468970,Yéremy Pino,y-jesus-pino-santos,23269679,Fábio Silva,f-soares-silva,0.838,5
24468970,Yéremy Pino,y-jesus-pino-santos,37429246,Florian Wirtz,f-wirtz,0.83,6
24468970,Yéremy Pino,y-jesus-pino-santos,529689,Bryan Mbeumo,b-mbeumo,0.829,7
24468970,Yéremy Pino,y-jesus-pino-santos,29328429,Igor Jesus,i-da-cruz,0.829,8
24468970,Yéremy Pino,y-jesus-pino-santos,4536529,Noah Okafor,n-okafor,0.835,9
24468970,Yéremy Pino,y-jesus-pino-santos,37678216,Christantus Uche,c-uche,0.826,10
37350704,Adam Wharton,a-wharton,7643,Eberechi Eze,e-eze,0.85,1
37350704,Adam Wharton,a-wharton,4536524,James Garner,j-garner,0.841,2
37350704,Adam Wharton,a-wharton,4536500,Marc Guéhi,m-guehi,0.839,3
37350704,Adam Wharton,a-wharton,37583548,Tom Watson,t-watson,0.838,4
37350704,Adam Wharton,a-wharton,37550443,Alex Scott,a-scott,0.834,5
37350704,Adam Wharton,a-wharton,97626,Boubacar Kamara,b-kamara,0.828,6
37350704,Adam Wharton,a-wharton,336133,Phil Foden,p-foden,0.826,7
37350704,Adam Wharton,a-wharton,37536911,Omari Hutchinson,o-giraud-hutchinson,0.834,8
37350704,Adam Wharton,a-wharton,537493,Marcus Tavernier,m-tavernier,0.825,9
37350704,Adam Wharton,a-wharton,173737,Sean Longstaff,s-longstaff,0.832,10
1232,Andrej Kramaric,a-kramari,37341965,Roko Simic,r-imi,0.865,1
1232,Andrej Kramaric,a-kramari,46092,Ermedin Demirovic,e-demirovi,0.841,2
1232,Andrej Kramaric,a-kramari,37659709,Andrija Maksimovic,a-maksimovi,0.848,3
1232,Andrej Kramaric,a-kramari,432832,Samuel Essende,s-essende,0.84,4
1232,Andrej Kramaric,a-kramari,459660,Romano Schmid,r-schmid,0.839,5
1232,Andrej Kramaric,a-kramari,34987,Tim Kleindienst,t-kleindienst,0.838,6
1232,Andrej Kramaric,a-kramari,35159,Niklas Hauptmann,n-hauptmann,0.845,7
1232,Andrej Kramaric,a-kramari,30264,Martijn Kaars,m-kaars,0.837,8
1232,Andrej Kramaric,a-kramari,310486,Ritsu Doan,r-doan,0.837,9
1232,Andrej Kramaric,a-kramari,32585,Nadiem Amiri,n-amiri,0.845,10
31146,Oliver Baumann,o-baumann,32642,Marvin Schwäbe,m-schwabe,0.882,1
31146,Oliver Baumann,o-baumann,32338,Robin Zentner,r-zentner,0.878,2
31146,Oliver Baumann,o-baumann,2483331,Finn Dahmen,f-dahmen,0.87,3
31146,Oliver Baumann,o-baumann,37347607,Jonathan Fischer,j-fischer,0.869,4
31146,Oliver Baumann,o-baumann,418113,Moritz Nicolas,m-nicolas,0.869,5
31146,Oliver Baumann,o-baumann,34737,Mark Flekken,m-flekken,0.864,6
31146,Oliver Baumann,o-baumann,27067136,Diant Ramaj,d-ramaj,0.861,7
31146,Oliver Baumann,o-baumann,11676280,Noah Atubolu,n-atubolu,0.86,8
31146,Oliver Baumann,o-baumann,30642,Manuel Neuer,m-neuer,0.864,9
31146,Oliver Baumann,o-baumann,32406,Michael Zetterer,m-zetterer,0.863,10
80304,Vladimír Coufal,v-coufal,78282,Dimitrios Giannoulis,d-giannoulis,0.857,1
80304,Vladimír Coufal,v-coufal,31855,Jeremy Toljan,j-toljan,0.85,2
80304,Vladimír Coufal,v-coufal,31636,Mitchell Weiser,m-weiser,0.845,3
80304,Vladimír Coufal,v-coufal,102002,Jonathan Clauss,j-clauss,0.845,4
80304,Vladimír Coufal,v-coufal,37341806,Yan Couto,y-couto,0.833,5
80304,Vladimír Coufal,v-coufal,36119,David Raum,d-raum,0.832,6
80304,Vladimír Coufal,v-coufal,74160,Borna Sosa,b-sosa,0.84,7
80304,Vladimír Coufal,v-coufal,1592,Jarrod Bowen,j-bowen,0.831,8
80304,Vladimír Coufal,v-coufal,5270466,J. Timber,j-timber,0.829,9
80304,Vladimír Coufal,v-coufal,6524,Matty Cash,m-cash,0.829,10
34084,Gregor Kobel,g-kobel,11676280,Noah Atubolu,n-atubolu,0.867,1
34084,Gregor Kobel,g-kobel,35364,Robin Koch,r-koch,0.866,2
34084,Gregor Kobel,g-kobel,32550,Alexander Nübel,a-nubel,0.865,3
34084,Gregor Kobel,g-kobel,34737,Mark Flekken,m-flekken,0.861,4
34084,Gregor Kobel,g-kobel,30642,Manuel Neuer,m-neuer,0.867,5
34084,Gregor Kobel,g-kobel,2483331,Finn Dahmen,f-dahmen,0.86,6
34084,Gregor Kobel,g-kobel,32642,Marvin Schwäbe,m-schwabe,0.866,7
34084,Gregor Kobel,g-kobel,32406,Michael Zetterer,m-zetterer,0.865,8
34084,Gregor Kobel,g-kobel,1494392,Kamil Grabara,k-grabara,0.855,9
34084,Gregor Kobel,g-kobel,27067136,Diant Ramaj,d-ramaj,0.854,10
29478,Pascal Struijk,p-struijk,151418,Kristoffer Ajer,k-vassbakk-ajer,0.858,1
29478,Pascal Struijk,p-struijk,5666458,Maxence Lacroix,m-lacroix,0.858,2
29478,Pascal Struijk,p-struijk,11658171,Sepp van den Berg,s-van-den-berg,0.856,3
29478,Pascal Struijk,p-struijk,4536500,Marc Guéhi,m-guehi,0.85,4
29478,Pascal Struijk,p-struijk,24818803,Jan Paul van Hecke,j-van-hecke-24818803,0.85,5
29478,Pascal Struijk,p-struijk,1548632,Jaka Bijol,j-bijol,0.849,6
29478,Pascal Struijk,p-struijk,21762216,Malick Thiaw,m-thiaw,0.849,7
29478,Pascal Struijk,p-struijk,33079,Kevin Danso,k-danso,0.855,8
29478,Pascal Struijk,p-struijk,537117,Trevoh Chalobah,t-chalobah,0.848,9
29478,Pascal Struijk,p-struijk,1639,James Tarkowski,j-tarkowski,0.847,10
432881,Illan Meslier,i-meslier,456589,Gabriel Batista,g-batista-de-souza,0.849,1
432881,Illan Meslier,i-meslier,203433,Cihan Topaloğlu,c-topaloglu,0.849,2
432881,Illan Meslier,i-meslier,2846636,Furkan Bekleviç,f-beklevic,0.848,3
432881,Illan Meslier,i-meslier,37595294,Aitor Fraga,a-fraga-torres,0.847,4
432881,Illan Meslier,i-meslier,200879,Ertuğrul Taşkıran,m-taskiran,0.847,5
432881,Illan Meslier,i-meslier,34077,Christian Ortag,c-ortag,0.847,6
432881,Illan Meslier,i-meslier,458457,J. Dakir,j-dakir,0.847,7
432881,Illan Meslier,i-meslier,539477,Elías Ólafsson,e-olafsson,0.847,8
432881,Illan Meslier,i-meslier,201473,Okan Kocuk,o-kocuk,0.846,9
432881,Illan Meslier,i-meslier,37722674,Anders Ravn,anders-ravn,0.846,10
581158,Jayden Bogle,j-bogle,11720838,Neco Williams,n-williams,0.851,1
581158,Jayden Bogle,j-bogle,27440826,Aaron Hickey,a-hickey,0.851,2
581158,Jayden Bogle,j-bogle,37685630,El Hadji Malick Diouf,e-diouf,0.841,3
581158,Jayden Bogle,j-bogle,6524,Matty Cash,m-cash,0.837,4
581158,Jayden Bogle,j-bogle,37600942,Michael Kayode,m-kayode,0.836,5
581158,Jayden Bogle,j-bogle,37584705,Álex Jiménez,a-jimenez-sanchez,0.836,6
581158,Jayden Bogle,j-bogle,4659,Kyle Walker-Peters,k-walker-peters,0.844,7
581158,Jayden Bogle,j-bogle,7026573,Djed Spence,d-spence-7026573,0.835,8
581158,Jayden Bogle,j-bogle,25400,Kenny Tete,k-tete,0.832,9
581158,Jayden Bogle,j-bogle,22169325,James Hill,j-hill,0.84,10
31909,Marc Oliver Kempf,m-kempf,37347607,Jonathan Fischer,j-fischer,0.849,1
31909,Marc Oliver Kempf,m-kempf,31772,Niklas Stark,n-stark,0.845,2
31909,Marc Oliver Kempf,m-kempf,23222415,Joël Schmied,j-schmied,0.844,3
31909,Marc Oliver Kempf,m-kempf,33612,Jordan Torunarigha,j-torunarigha,0.842,4
31909,Marc Oliver Kempf,m-kempf,37687230,David Santos Daiber,d-daiber,0.84,5
31909,Marc Oliver Kempf,m-kempf,537599,Amos Pieper,a-pieper,0.84,6
31909,Marc Oliver Kempf,m-kempf,37581984,Aljoscha Kemlein,a-kemlein,0.84,7
31909,Marc Oliver Kempf,m-kempf,1872881,Dimitrije Kamenovic,d-kamenovi,0.839,8
31909,Marc Oliver Kempf,m-kempf,32525,Nico Elvedi,n-elvedi,0.829,9
31909,Marc Oliver Kempf,m-kempf,37518779,Filippo Terracciano,f-terracciano,0.829,10
129771,Gianluigi Donnarumma,g-donnarumma,96227,Mike Maignan,m-maignan,0.884,1
129771,Gianluigi Donnarumma,g-donnarumma,1826,Jordan Pickford,j-pickford,0.858,2
129771,Gianluigi Donnarumma,g-donnarumma,12647,Dean Henderson,d-henderson,0.857,3
129771,Gianluigi Donnarumma,g-donnarumma,2763,Nick Pope,n-pope,0.859,4
129771,Gianluigi Donnarumma,g-donnarumma,133779,Guglielmo Vicario,g-vicario,0.852,5
129771,Gianluigi Donnarumma,g-donnarumma,155896,Vanja Milinković-Savić,v-milinkovi-savi,0.848,6
129771,Gianluigi Donnarumma,g-donnarumma,129638,Alex Meret,a-meret,0.852,7
129771,Gianluigi Donnarumma,g-donnarumma,95393,Alphonse Areola,a-areola,0.849,8
129771,Gianluigi Donnarumma,g-donnarumma,129820,Alisson,a-becker,0.84,9
129771,Gianluigi Donnarumma,g-donnarumma,14685650,Giorgi Mamardashvili,g-mamardashvili,0.845,10
21781428,Matheus Nunes,m-nunes,25922180,Álvaro Núñez,a-nunez-cobo,0.887,1
21781428,Matheus Nunes,m-nunes,25400,Kenny Tete,k-tete,0.869,2
21781428,Matheus Nunes,m-nunes,13590962,Rayan Aït-Nouri,r-ait-nouri,0.874,3
21781428,Matheus Nunes,m-nunes,37286738,Hugo Bueno,h-bueno,0.869,4
21781428,Matheus Nunes,m-nunes,37627036,Murillo,m-santiago-costa-dos-santos,0.86,5
21781428,Matheus Nunes,m-nunes,1846739,Matheus Cunha,m-carneiro-da-cunha,0.86,6
21781428,Matheus Nunes,m-nunes,160072,João Palhinha,j-lobo-alves-palhinha-goncalves,0.864,7
21781428,Matheus Nunes,m-nunes,37402348,João Gomes,gomes,0.857,8
21781428,Matheus Nunes,m-nunes,37522785,Gonçalo Inácio,g-inacio,0.854,9
21781428,Matheus Nunes,m-nunes,459653,Santiago Bueno,s-bueno-sciutto,0.86,10
37562487,Nico O'Reilly,n-oreilly,37528754,Jake O'Brien,j-obrien,0.859,1
37562487,Nico O'Reilly,n-oreilly,6524,Matty Cash,m-cash,0.841,2
37562487,Nico O'Reilly,n-oreilly,37376834,Nicolò Savona,n-savona,0.839,3
37562487,Nico O'Reilly,n-oreilly,37259181,Bashir Humphreys,b-humphreys,0.844,4
37562487,Nico O'Reilly,n-oreilly,80902,Ladislav Krejci,l-kreji,0.835,5
37562487,Nico O'Reilly,n-oreilly,37526157,Yasin Ayari,y-ayari,0.834,6
37562487,Nico O'Reilly,n-oreilly,193196,Gabriel Gudmundsson,g-gudmundsson,0.833,7
37562487,Nico O'Reilly,n-oreilly,7993,Rico Henry,r-henry,0.839,8
37562487,Nico O'Reilly,n-oreilly,37525712,Caleb Wiley,c-wiley,0.839,9
37562487,Nico O'Reilly,n-oreilly,37656468,Andrés García,a-garcia-robledo,0.831,10
1887,Granit Xhaka,g-xhaka,5273,Declan Rice,d-rice,0.856,1
1887,Granit Xhaka,g-xhaka,530762,Martín Zubimendi,m-zubimendi-ibanez,0.844,2
1887,Granit Xhaka,g-xhaka,129890,Manuel Locatelli,m-locatelli,0.839,3
1887,Granit Xhaka,g-xhaka,186734,Dani Ceballos,d-ceballos-fernandez,0.845,4
1887,Granit Xhaka,g-xhaka,17544737,William Saliba,w-saliba,0.835,5
1887,Granit Xhaka,g-xhaka,26823,Martin Ødegaard,m-odegaard-26823,0.843,6
1887,Granit Xhaka,g-xhaka,64193,Sander Berge,s-berge,0.835,7
1887,Granit Xhaka,g-xhaka,23269737,Nico González,n-gonzalez-iglesias,0.833,8
1887,Granit Xhaka,g-xhaka,538907,Albert Sambi Lokonga,a-sambi-lokonga,0.841,9
1887,Granit Xhaka,g-xhaka,198051,Denis Zakaria,d-zakaria-lako-lado,0.832,10
37322757,Jay Matete,jay-matete,37588122,Gonçalo Nogueira,g-teixeira-nogueira,0.988,1
37322757,Jay Matete,jay-matete,37710212,Mohammed Odriss,m-odriss,0.982,2
37322757,Jay Matete,jay-matete,37644037,Sacha Bansé,s-banse,0.981,3
37322757,Jay Matete,jay-matete,186910,Rodri,rodri,0.979,4
37322757,Jay Matete,jay-matete,37621397,Mathias de Amorim,m-de-amorim,0.975,5
37322757,Jay Matete,jay-matete,540342,Celil Yüksel,c-yuksel,0.973,6
37322757,Jay Matete,jay-matete,37718673,Jordy Bawuah,j-bawuah,0.972,7
37322757,Jay Matete,jay-matete,37711542,Lars Mol,l-mol,0.972,8
37322757,Jay Matete,jay-matete,34533,Andreas Geipl,a-geipl,0.97,9
37322757,Jay Matete,jay-matete,37440603,Zico Buurmeester,z-buurmeester,0.969,10
448448,Marc Cucurella,m-cucurella,23311159,Ian Maatsen,i-maatsen,0.859,1
448448,Marc Cucurella,m-cucurella,4536500,Marc Guéhi,m-guehi,0.852,2
448448,Marc Cucurella,m-cucurella,955,Luke Shaw,l-shaw,0.851,3
448448,Marc Cucurella,m-cucurella,37259180,Levi Colwill,l-colwill,0.849,4
448448,Marc Cucurella,m-cucurella,37261500,Moisés Caicedo,m-caicedo-corozo,0.846,5
448448,Marc Cucurella,m-cucurella,97669,Nordi Mukiele,n-mukiele-mulere,0.845,6
448448,Marc Cucurella,m-cucurella,37459072,Lewis Hall,l-hall,0.851,7
448448,Marc Cucurella,m-cucurella,4598710,Tyrick Mitchell,t-mitchell,0.843,8
448448,Marc Cucurella,m-cucurella,23278684,Riccardo Calafiori,r-calafiori,0.842,9
448448,Marc Cucurella,m-cucurella,11720838,Neco Williams,n-williams,0.841,10
496775,Pedro Neto,p-lomba-neto,37337129,Martim Neto,m-carvalho-neto,0.933,1
496775,Pedro Neto,p-lomba-neto,21773178,Beto,n-bercique-gomes-betuncal,0.857,2
496775,Pedro Neto,p-lomba-neto,1846739,Matheus Cunha,m-carneiro-da-cunha,0.85,3
496775,Pedro Neto,p-lomba-neto,37592729,João Neves,j-goncalves-neves,0.856,4
496775,Pedro Neto,p-lomba-neto,7055,Ivan Cavaleiro,i-neves-abreu-cavaleiro,0.846,5
496775,Pedro Neto,p-lomba-neto,97692,Gonçalo Guedes,g-ganchinho-guedes,0.849,6
496775,Pedro Neto,p-lomba-neto,4254,Bertrand Traoré,b-traore,0.848,7
496775,Pedro Neto,p-lomba-neto,96642,Maxwel Cornet,g-cornet,0.845,8
496775,Pedro Neto,p-lomba-neto,37678216,Christantus Uche,c-uche,0.836,9
496775,Pedro Neto,p-lomba-neto,537759,Reiss Nelson,r-nelson,0.843,10
537117,Trevoh Chalobah,t-chalobah,4536500,Marc Guéhi,m-guehi,0.897,1
537117,Trevoh Chalobah,t-chalobah,21762216,Malick Thiaw,m-thiaw,0.887,2
537117,Trevoh Chalobah,t-chalobah,37259180,Levi Colwill,l-colwill,0.887,3
537117,Trevoh Chalobah,t-chalobah,4655,Fikayo Tomori,f-tomori,0.876,4
537117,Trevoh Chalobah,t-chalobah,11311795,Wesley Fofana,w-fofana,0.874,5
537117,Trevoh Chalobah,t-chalobah,5241,Tosin Adarabioyo,o-adarabioyo,0.87,6
537117,Trevoh Chalobah,t-chalobah,23697427,Armando Broja,a-broja,0.864,7
537117,Trevoh Chalobah,t-chalobah,25284,Joachim Andersen,j-andersen,0.857,8
537117,Trevoh Chalobah,t-chalobah,1548632,Jaka Bijol,j-bijol,0.855,9
537117,Trevoh Chalobah,t-chalobah,4545394,Benoît Badiashile,b-badiashile-mukinayi,0.862,10
37317367,Malo Gusto,m-gusto,23311159,Ian Maatsen,i-maatsen,0.872,1
37317367,Malo Gusto,m-gusto,37259180,Levi Colwill,l-colwill,0.865,2
37317367,Malo Gusto,m-gusto,4545394,Benoît Badiashile,b-badiashile-mukinayi,0.869,3
37317367,Malo Gusto,m-gusto,8456257,Pedro Porro,p-porro-sauceda,0.86,4
37317367,Malo Gusto,m-gusto,24799911,Tino Livramento,v-livramento,0.863,5
37317367,Malo Gusto,m-gusto,12514,James Justin,j-justin,0.858,6
37317367,Malo Gusto,m-gusto,11311795,Wesley Fofana,w-fofana,0.855,7
37317367,Malo Gusto,m-gusto,5270466,J. Timber,j-timber,0.846,8
37317367,Malo Gusto,m-gusto,37286738,Hugo Bueno,h-bueno,0.852,9
37317367,Malo Gusto,m-gusto,537117,Trevoh Chalobah,t-chalobah,0.845,10
37704787,Aleksa Puric,a-puric,37297497,Carlos Puga,c-puga-medina,0.857,1
37704787,Aleksa Puric,a-puric,37551089,Marc Pubill,m-pubill-pages,0.847,2
37704787,Aleksa Puric,a-puric,34422783,Mikel Jauregizar,m-jauregizar-alboniga,0.837,3
37704787,Aleksa Puric,a-puric,25922178,Beñat Prados,b-prados-diaz,0.832,4
37704787,Aleksa Puric,a-puric,96660,Baptiste Santamaria,b-santamaria,0.839,5
37704787,Aleksa Puric,a-puric,37543405,Carlos Domínguez,c-dominguez-caceres,0.839,6
37704787,Aleksa Puric,a-puric,3510281,Marc Aguado,m-aguado-pallares,0.83,7
37704787,Aleksa Puric,a-puric,447240,Unai Núñez,u-nunez-gestoso,0.837,8
37704787,Aleksa Puric,a-puric,4243068,Aihen Muñoz,a-munoz-capellan,0.836,9
37704787,Aleksa Puric,a-puric,37722929,Joan Martínez,j-martinez-lozano,0.835,10
186063,Iñigo Ruiz de Galarreta,i-ruiz-de-galarreta-etxeberria,37544115,Jon Gorrotxategi,j-gorrotxategi-etxaniz,0.886,1
186063,Iñigo Ruiz de Galarreta,i-ruiz-de-galarreta-etxeberria,3510281,Marc Aguado,m-aguado-pallares,0.872,2
186063,Iñigo Ruiz de Galarreta,i-ruiz-de-galarreta-etxeberria,34422783,Mikel Jauregizar,m-jauregizar-alboniga,0.865,3
186063,Iñigo Ruiz de Galarreta,i-ruiz-de-galarreta-etxeberria,8092941,Jon Moncayola,j-moncayola-tollar,0.846,4
186063,Iñigo Ruiz de Galarreta,i-ruiz-de-galarreta-etxeberria,132604,Santiago Colombatto,s-colombatto,0.852,5
186063,Iñigo Ruiz de Galarreta,i-ruiz-de-galarreta-etxeberria,37569279,Hugo Sotelo,h-sotelo,0.852,6
186063,Iñigo Ruiz de Galarreta,i-ruiz-de-galarreta-etxeberria,530762,Martín Zubimendi,m-zubimendi-ibanez,0.844,7
186063,Iñigo Ruiz de Galarreta,i-ruiz-de-galarreta-etxeberria,30446852,Urko González de Zárate,u-gonzalez-de-zarate-quiros,0.848,8
186063,Iñigo Ruiz de Galarreta,i-ruiz-de-galarreta-etxeberria,27440827,Ander Barrenetxea,a-barrenetxea-muguruza,0.846,9
186063,Iñigo Ruiz de Galarreta,i-ruiz-de-galarreta-etxeberria,189286,Fran Beltrán,f-beltran-peinado,0.846,10
32550,Alexander Nübel,a-nubel,418113,Moritz Nicolas,m-nicolas,0.878,1
32550,Alexander Nübel,a-nubel,1494392,Kamil Grabara,k-grabara,0.875,2
32550,Alexander Nübel,a-nubel,30642,Manuel Neuer,m-neuer,0.877,3
32550,Alexander Nübel,a-nubel,34084,Gregor Kobel,g-kobel,0.865,4
32550,Alexander Nübel,a-nubel,11676280,Noah Atubolu,n-atubolu,0.864,5
32550,Alexander Nübel,a-nubel,2483331,Finn Dahmen,f-dahmen,0.86,6
32550,Alexander Nübel,a-nubel,32642,Marvin Schwäbe,m-schwabe,0.864,7
32550,Alexander Nübel,a-nubel,34737,Mark Flekken,m-flekken,0.855,8
32550,Alexander Nübel,a-nubel,27067136,Diant Ramaj,d-ramaj,0.854,9
32550,Alexander Nübel,a-nubel,32338,Robin Zentner,r-zentner,0.852,10
4536572,Angelo Stiller,a-stiller,37558984,Lukas Ullrich,l-ullrich,0.867,1
4536572,Angelo Stiller,a-stiller,32379,Maximilian Eggestein,m-eggestein,0.864,2
4536572,Angelo Stiller,a-stiller,37582044,Aleksandar Pavlovic,a-pavlovi,0.867,3
4536572,Angelo Stiller,a-stiller,36440,Patrick Sontheimer,p-sontheimer,0.858,4
4536572,Angelo Stiller,a-stiller,37581984,Aljoscha Kemlein,a-kemlein,0.862,5
4536572,Angelo Stiller,a-stiller,37342993,Ezequiel Fernández,i-fernandez-carballo,0.86,6
4536572,Angelo Stiller,a-stiller,32384,Maximilian Mittelstädt,m-mittelstadt,0.859,7
4536572,Angelo Stiller,a-stiller,3862352,Nico Schlotterbeck,n-schlotterbeck,0.857,8
4536572,Angelo Stiller,a-stiller,37661898,Leon Avdullahu,l-avdullahu,0.846,9
4536572,Angelo Stiller,a-stiller,459660,Romano Schmid,r-schmid,0.846,10
333778,Augusto Batalla,a-batalla-barga,187158,Antonio Sivera,a-sivera-salva,0.877,1
333778,Augusto Batalla,a-batalla-barga,16475841,Joan García,j-pons,0.882,2
333778,Augusto Batalla,a-batalla-barga,25922183,Julen Agirrezabala,j-agirrezabala,0.875,3
333778,Augusto Batalla,a-batalla-barga,529415,Iñaki Peña,i-pena-sotorres,0.88,4
333778,Augusto Batalla,a-batalla-barga,187110,Álex Remiro,a-remiro-gargallo,0.87,5
333778,Augusto Batalla,a-batalla-barga,5967970,Leo Román,l-roman-riquelme,0.875,6
333778,Augusto Batalla,a-batalla-barga,537203,Diego Conde,d-conde-alcolado,0.866,7
333778,Augusto Batalla,a-batalla-barga,187215,Unai Simón,u-simon-mendibil,0.865,8
333778,Augusto Batalla,a-batalla-barga,130199,Ionuț Radu,i-radu,0.86,9
333778,Augusto Batalla,a-batalla-barga,3130,David Raya,d-raya-martin,0.86,10
445829,Pedro Díaz,p-diaz-fanjul,533905,Sergio Lozano,s-lozano-lluch,0.874,1
445829,Pedro Díaz,p-diaz-fanjul,37630678,Junior Diaz,m-diaz,0.877,2
445829,Pedro Díaz,p-diaz-fanjul,241036,Luis Díaz,l-diaz-marulanda,0.876,3
445829,Pedro Díaz,p-diaz-fanjul,532364,Pol Lozano,p-lozano-vizuete,0.868,4
445829,Pedro Díaz,p-diaz-fanjul,27440264,Peque Fernández,g-fernandez-castellano,0.858,5
445829,Pedro Díaz,p-diaz-fanjul,447240,Unai Núñez,u-nunez-gestoso,0.856,6
445829,Pedro Díaz,p-diaz-fanjul,37592574,Rafa Rodríguez,r-rodriguez-ruiz,0.854,7
445829,Pedro Díaz,p-diaz-fanjul,37601802,Mario Martín,m-martin-rielves,0.854,8
445829,Pedro Díaz,p-diaz-fanjul,37555046,Nelson Deossa,n-deossa-suarez,0.853,9
445829,Pedro Díaz,p-diaz-fanjul,337588,Grady Diangana,g-diangana,0.852,10
2461,Lewis Dunk,l-dunk,1094,Tyrone Mings,t-mings,0.853,1
2461,Lewis Dunk,l-dunk,6504,Adam Webster,a-webster,0.841,2
2461,Lewis Dunk,l-dunk,784373,Jorge Cuenca,j-cuenca-barreno,0.847,3
2461,Lewis Dunk,l-dunk,333989,Marcos Senesi,m-senesi,0.838,4
2461,Lewis Dunk,l-dunk,37261500,Moisés Caicedo,m-caicedo-corozo,0.838,5
2461,Lewis Dunk,l-dunk,4536500,Marc Guéhi,m-guehi,0.835,6
2461,Lewis Dunk,l-dunk,37257596,Bart Verbruggen,b-verbruggen,0.833,7
2461,Lewis Dunk,l-dunk,881,Michael Keane,m-keane,0.829,8
2461,Lewis Dunk,l-dunk,25734,Calvin Verdonk,c-verdonk,0.836,9
2461,Lewis Dunk,l-dunk,22169325,James Hill,j-hill,0.835,10
4655,Fikayo Tomori,f-tomori,14726357,Pierre Kalulu,p-kalulu-kyatengwa,0.896,1
4655,Fikayo Tomori,f-tomori,537117,Trevoh Chalobah,t-chalobah,0.876,2
4655,Fikayo Tomori,f-tomori,198062,Manuel Akanji,m-akanji,0.872,3
4655,Fikayo Tomori,f-tomori,129202,Alessio Romagnoli,a-romagnoli,0.868,4
4655,Fikayo Tomori,f-tomori,7655,Lloyd Kelly,l-kelly,0.866,5
4655,Fikayo Tomori,f-tomori,133797,Alessandro Bastoni,a-bastoni,0.866,6
4655,Fikayo Tomori,f-tomori,4536500,Marc Guéhi,m-guehi,0.865,7
4655,Fikayo Tomori,f-tomori,133391,Nicolò Casale,n-casale,0.869,8
4655,Fikayo Tomori,f-tomori,37343966,Giorgio Scalvini,g-scalvini,0.86,9
4655,Fikayo Tomori,f-tomori,99534,Evan Ndicka,o-ndicka,0.853,10
3510051,Youssouf Fofana,y-fofana,37590635,Malick Fofana,m-fofana-37590635,0.888,1
3510051,Youssouf Fofana,y-fofana,37719366,Rayan Fofana,r-fofana,0.884,2
3510051,Youssouf Fofana,y-fofana,37555964,David Datro Fofana,d-fofana,0.863,3
3510051,Youssouf Fofana,y-fofana,23269660,Charles De Ketelaere,c-de-ketelaere,0.854,4
3510051,Youssouf Fofana,y-fofana,96227,Mike Maignan,m-maignan,0.844,5
3510051,Youssouf Fofana,y-fofana,11311795,Wesley Fofana,w-fofana,0.846,6
3510051,Youssouf Fofana,y-fofana,37582178,Ismaël Koné,i-kone,0.836,7
3510051,Youssouf Fofana,y-fofana,14726357,Pierre Kalulu,p-kalulu-kyatengwa,0.835,8
3510051,Youssouf Fofana,y-fofana,6301,Seko Fofana,s-fofana,0.834,9
3510051,Youssouf Fofana,y-fofana,540251,Rafael Leão,r-conceicao-leao,0.837,10
881,Michael Keane,m-keane,37528754,Jake O'Brien,j-obrien,0.846,1
881,Michael Keane,m-keane,12433171,Dan Ballard,d-ballard,0.833,2
881,Michael Keane,m-keane,2461,Lewis Dunk,l-dunk,0.829,3
881,Michael Keane,m-keane,2884,Harry Maguire,h-maguire,0.834,4
881,Michael Keane,m-keane,627,Danny Welbeck,d-tackie-mensah-welbeck,0.834,5
881,Michael Keane,m-keane,159700,Casemiro,c-casimiro,0.824,6
881,Michael Keane,m-keane,80902,Ladislav Krejci,l-kreji,0.824,7
881,Michael Keane,m-keane,333731,Cristian Romero,c-romero,0.821,8
881,Michael Keane,m-keane,459653,Santiago Bueno,s-bueno-sciutto,0.829,9
881,Michael Keane,m-keane,29478,Pascal Struijk,p-struijk,0.818,10
537271,Vitaliy Mykolenko,v-mykolenko,95368,Lucas Digne,l-digne,0.871,1
537271,Vitaliy Mykolenko,v-mykolenko,37509395,Yegor Yarmolyuk,y-yarmoliuk,0.849,2
537271,Vitaliy Mykolenko,v-mykolenko,540027,Calvin Bassey,c-bassey,0.845,3
537271,Vitaliy Mykolenko,v-mykolenko,25284,Joachim Andersen,j-andersen,0.844,4
537271,Vitaliy Mykolenko,v-mykolenko,581067,Antonee Robinson,a-robinson,0.851,5
537271,Vitaliy Mykolenko,v-mykolenko,23278684,Riccardo Calafiori,r-calafiori,0.84,6
537271,Vitaliy Mykolenko,v-mykolenko,4598726,Dwight McNeil,d-mcneil,0.847,7
537271,Vitaliy Mykolenko,v-mykolenko,62337,Timothy Castagne,t-castagne,0.847,8
537271,Vitaliy Mykolenko,v-mykolenko,37659710,Veljko Milosavljevic,v-milosavljevi,0.846,9
537271,Vitaliy Mykolenko,v-mykolenko,7958,Ben Godfrey,b-godfrey,0.839,10
32796138,Félix Correia,f-sanches-correia,37597737,Afonso Moreira,a-bastardo-moreira,0.893,1
32796138,Félix Correia,f-sanches-correia,29328428,Igor Paixão,i-barbosa-da-paixao,0.884,2
32796138,Félix Correia,f-sanches-correia,37592734,Diego Moreira,d-da-silva-moreira,0.865,3
32796138,Félix Correia,f-sanches-correia,540261,Thierry Correia,t-rendall-correia,0.865,4
32796138,Félix Correia,f-sanches-correia,97439,Romain Del Castillo,r-del-castillo,0.865,5
32796138,Félix Correia,f-sanches-correia,7691269,Lassine Sinayoko,l-sinayoko,0.854,6
32796138,Félix Correia,f-sanches-correia,15875734,Osame Sahraoui,o-sahraoui,0.857,7
32796138,Félix Correia,f-sanches-correia,96733,Gauthier Hein,g-hein,0.854,8
32796138,Félix Correia,f-sanches-correia,37633774,Gessime Yassine,g-yassine,0.853,9
32796138,Félix Correia,f-sanches-correia,25548824,Tiago Gouveia,t-antunes-gouveia,0.853,10
74060,Dani Olmo,d-olmo-carvajal,37596363,Fermín López,f-lopez-marin,0.869,1
74060,Dani Olmo,d-olmo-carvajal,37656179,Lamine Yamal,l-yamal-nasraoui-ebana,0.852,2
74060,Dani Olmo,d-olmo-carvajal,533905,Sergio Lozano,s-lozano-lluch,0.842,3
74060,Dani Olmo,d-olmo-carvajal,37380649,Alberto Moleiro,a-moleiro-gonzalez,0.85,4
74060,Dani Olmo,d-olmo-carvajal,37288001,Pedri,p-lopez,0.847,5
74060,Dani Olmo,d-olmo-carvajal,19996814,Thiago Almada,t-almada,0.847,6
74060,Dani Olmo,d-olmo-carvajal,8092941,Jon Moncayola,j-moncayola-tollar,0.838,7
74060,Dani Olmo,d-olmo-carvajal,52585,Konrad Laimer,k-laimer,0.843,8
74060,Dani Olmo,d-olmo-carvajal,37527162,Pablo Torre,p-torre-carral,0.843,9
74060,Dani Olmo,d-olmo-carvajal,37584217,Marc Casadó,m-casado-torras,0.842,10
448389,Ferran Torres,f-torres-garcia,23269740,Ansu Fati,a-fati,0.852,1
448389,Ferran Torres,f-torres-garcia,529420,Abel Ruiz,a-ruiz-ortega,0.845,2
448389,Ferran Torres,f-torres-garcia,447094,Jorge de Frutos,j-de-frutos-sebastian,0.849,3
448389,Ferran Torres,f-torres-garcia,37527162,Pablo Torre,p-torre-carral,0.848,4
448389,Ferran Torres,f-torres-garcia,31000,Robert Lewandowski,r-lewandowski,0.838,5
448389,Ferran Torres,f-torres-garcia,160120,André Silva,a-valente-silva,0.837,6
448389,Ferran Torres,f-torres-garcia,159917,Diogo Jota,d-jota,0.828,7
448389,Ferran Torres,f-torres-garcia,74060,Dani Olmo,d-olmo-carvajal,0.836,8
448389,Ferran Torres,f-torres-garcia,37595819,Víctor Muñoz,v-munoz-villanueva,0.835,9
448389,Ferran Torres,f-torres-garcia,37316483,Diego López,d-lopez-noguerol,0.834,10
3071,Jacob Murphy,j-murphy-3071,37536911,Omari Hutchinson,o-giraud-hutchinson,0.856,1
3071,Jacob Murphy,j-murphy-3071,340344,Marcus Edwards,m-edwards,0.856,2
3071,Jacob Murphy,j-murphy-3071,537316,Zian Flemming,z-flemming,0.851,3
3071,Jacob Murphy,j-murphy-3071,496775,Pedro Neto,p-lomba-neto,0.842,4
3071,Jacob Murphy,j-murphy-3071,529689,Bryan Mbeumo,b-mbeumo,0.841,5
3071,Jacob Murphy,j-murphy-3071,37543248,Dango Ouattara,dango-ouattara,0.847,6
3071,Jacob Murphy,j-murphy-3071,37286732,Oscar Bobb,o-bobb,0.846,7
3071,Jacob Murphy,j-murphy-3071,537759,Reiss Nelson,r-nelson,0.845,8
3071,Jacob Murphy,j-murphy-3071,37317015,Amad Diallo,a-traore,0.844,9
3071,Jacob Murphy,j-murphy-3071,52868,Hee-chan Hwang,h-hwang,0.844,10
32777430,Nick Woltemade,n-woltemade,37260431,Tolu Arokodare,t-arokodare,0.863,1
32777430,Nick Woltemade,n-woltemade,914,Chris Wood,c-wood,0.861,2
32777430,Nick Woltemade,n-woltemade,7330507,Brian Brobbey,b-brobbey,0.86,3
32777430,Nick Woltemade,n-woltemade,537217,Lukas Nmecha,l-nmecha,0.857,4
32777430,Nick Woltemade,n-woltemade,537316,Zian Flemming,z-flemming,0.854,5
32777430,Nick Woltemade,n-woltemade,21773178,Beto,n-bercique-gomes-betuncal,0.852,6
32777430,Nick Woltemade,n-woltemade,219633,Richarlison,r-de-andrade,0.851,7
32777430,Nick Woltemade,n-woltemade,4243070,Lyle Foster,l-foster,0.851,8
32777430,Nick Woltemade,n-woltemade,37367975,Szymon Wlodarczyk,s-wlodarczyk,0.851,9
32777430,Nick Woltemade,n-woltemade,27067062,Kevin Schade,k-schade,0.84,10
7987,Josh Laurent,j-laurent,163210,Florentino,f-morris-luis,0.85,1
7987,Josh Laurent,j-laurent,784373,Jorge Cuenca,j-cuenca-barreno,0.847,2
7987,Josh Laurent,j-laurent,37550443,Alex Scott,a-scott,0.837,3
7987,Josh Laurent,j-laurent,5666458,Maxence Lacroix,m-lacroix,0.833,4
7987,Josh Laurent,j-laurent,530762,Martín Zubimendi,m-zubimendi-ibanez,0.832,5
7987,Josh Laurent,j-laurent,23269737,Nico González,n-gonzalez-iglesias,0.831,6
7987,Josh Laurent,j-laurent,538850,Mike Tresor,m-ndayishimiye,0.83,7
7987,Josh Laurent,j-laurent,22536030,Bafodé Diakité,b-diakite,0.829,8
7987,Josh Laurent,j-laurent,37766974,Abdul Moro,a-salam-moro,0.828,9
7987,Josh Laurent,j-laurent,96745,Youssef Aït Bennasser,y-ait-bennasser,0.835,10
537422,J. Teze,j-teze,25922235,Arthur Theate,a-theate,0.861,1
537422,J. Teze,j-teze,98874,Moussa Niakhaté,m-niakhate,0.859,2
537422,J. Teze,j-teze,527351,Lilian Brassier,l-brassier,0.86,3
537422,J. Teze,j-teze,37630678,Junior Diaz,m-diaz,0.859,4
537422,J. Teze,j-teze,37947728,Tylel Tati,t-tati,0.845,5
537422,J. Teze,j-teze,21802856,Arouna Sangante,a-sangante,0.852,6
537422,J. Teze,j-teze,37423017,Samson Baidoo,s-baidoo,0.842,7
537422,J. Teze,j-teze,37421962,Otávio,otavio-ataide,0.849,8
537422,J. Teze,j-teze,129794,Emerson,e-palmieri-dos-santos,0.849,9
537422,J. Teze,j-teze,37676603,Arsène Kouassi,k-kouassi,0.841,10
37533560,Ange-Yoan Bonny,a-bonny,129600,Federico Bonazzoli,f-bonazzoli,0.885,1
37533560,Ange-Yoan Bonny,a-bonny,96642,Maxwel Cornet,g-cornet,0.857,2
37533560,Ange-Yoan Bonny,a-bonny,37568149,Facundo Buonanotte,f-buonanotte,0.844,3
37533560,Ange-Yoan Bonny,a-bonny,37568721,Giovane,g-santana-do-nascimento,0.85,4
37533560,Ange-Yoan Bonny,a-bonny,26635,C. Stengs,c-stengs,0.845,5
37533560,Ange-Yoan Bonny,a-bonny,2178915,Nicolas Kühn,n-kuhn,0.845,6
37533560,Ange-Yoan Bonny,a-bonny,125482,Manor Solomon,m-solomon,0.845,7
37533560,Ange-Yoan Bonny,a-bonny,134034,Andrea Pinamonti,a-pinamonti,0.836,8
37533560,Ange-Yoan Bonny,a-bonny,37438667,Kamaldeen Sulemana,k-sulemana,0.844,9
37533560,Ange-Yoan Bonny,a-bonny,37316942,Fabio Miretti,f-miretti,0.843,10
529689,Bryan Mbeumo,b-mbeumo,1881,Alex Iwobi,a-iwobi,0.864,1
529689,Bryan Mbeumo,b-mbeumo,37429246,Florian Wirtz,f-wirtz,0.858,2
529689,Bryan Mbeumo,b-mbeumo,16827155,Bukayo Saka,b-saka,0.854,3
529689,Bryan Mbeumo,b-mbeumo,19978623,Dan Ndoye,d-ndoye,0.856,4
529689,Bryan Mbeumo,b-mbeumo,37288979,Hugo Ekitiké,h-ekitike,0.855,5
529689,Bryan Mbeumo,b-mbeumo,10990678,Antoine Semenyo,a-semenyo,0.846,6
529689,Bryan Mbeumo,b-mbeumo,942,Serge Gnabry,s-gnabry,0.845,7
529689,Bryan Mbeumo,b-mbeumo,96722,Ismaïla Sarr,i-sarr,0.849,8
529689,Bryan Mbeumo,b-mbeumo,5403,Harry Wilson,h-wilson,0.841,9
529689,Bryan Mbeumo,b-mbeumo,8449373,Mikkel Damsgaard,m-damsgaard,0.841,10
1846739,Matheus Cunha,m-carneiro-da-cunha,37402348,João Gomes,gomes,0.87,1
1846739,Matheus Cunha,m-carneiro-da-cunha,21781428,Matheus Nunes,m-nunes,0.86,2
1846739,Matheus Cunha,m-carneiro-da-cunha,37526007,André,a-trindade-da-costa-neto,0.856,3
1846739,Matheus Cunha,m-carneiro-da-cunha,160217,Raúl Jiménez,r-jimenez-rodriguez,0.853,4
1846739,Matheus Cunha,m-carneiro-da-cunha,459145,Bruno Guimarães,b-guimaraes-rodriguez-moura,0.852,5
1846739,Matheus Cunha,m-carneiro-da-cunha,25400,Kenny Tete,k-tete,0.851,6
1846739,Matheus Cunha,m-carneiro-da-cunha,496775,Pedro Neto,p-lomba-neto,0.85,7
1846739,Matheus Cunha,m-carneiro-da-cunha,23269679,Fábio Silva,f-soares-silva,0.854,8
1846739,Matheus Cunha,m-carneiro-da-cunha,160072,João Palhinha,j-lobo-alves-palhinha-goncalves,0.854,9
1846739,Matheus Cunha,m-carneiro-da-cunha,37286738,Hugo Bueno,h-bueno,0.853,10
160072,João Palhinha,j-lobo-alves-palhinha-goncalves,37593153,Mateus Fernandes,m-espanha-fernandes,0.868,1
160072,João Palhinha,j-lobo-alves-palhinha-goncalves,37402348,João Gomes,gomes,0.867,2
160072,João Palhinha,j-lobo-alves-palhinha-goncalves,21781428,Matheus Nunes,m-nunes,0.864,3
160072,João Palhinha,j-lobo-alves-palhinha-goncalves,530762,Martín Zubimendi,m-zubimendi-ibanez,0.862,4
160072,João Palhinha,j-lobo-alves-palhinha-goncalves,163210,Florentino,f-morris-luis,0.861,5
160072,João Palhinha,j-lobo-alves-palhinha-goncalves,25400,Kenny Tete,k-tete,0.86,6
160072,João Palhinha,j-lobo-alves-palhinha-goncalves,1846739,Matheus Cunha,m-carneiro-da-cunha,0.854,7
160072,João Palhinha,j-lobo-alves-palhinha-goncalves,37526007,André,a-trindade-da-costa-neto,0.852,8
160072,João Palhinha,j-lobo-alves-palhinha-goncalves,97626,Boubacar Kamara,b-kamara,0.85,9
160072,João Palhinha,j-lobo-alves-palhinha-goncalves,37550443,Alex Scott,a-scott,0.85,10
338180,Eljif Elmas,e-elmas,29184,Teun Koopmeiners,t-koopmeiners,0.868,1
338180,Eljif Elmas,e-elmas,129467,Bryan Cristante,b-cristante,0.856,2
338180,Eljif Elmas,e-elmas,133127,Nicolò Zaniolo,n-zaniolo,0.855,3
338180,Eljif Elmas,e-elmas,533905,Sergio Lozano,s-lozano-lluch,0.853,4
338180,Eljif Elmas,e-elmas,24816762,Tomas Suslov,t-suslov,0.847,5
338180,Eljif Elmas,e-elmas,73603,Mario Pašalić,m-paali,0.853,6
338180,Eljif Elmas,e-elmas,37599458,Cristian Volpato,c-volpato,0.852,7
338180,Eljif Elmas,e-elmas,27850,Stanislav Lobotka,s-lobotka,0.852,8
338180,Eljif Elmas,e-elmas,10966288,Peer Koopmeiners,p-koopmeiners,0.852,9
338180,Eljif Elmas,e-elmas,26635,C. Stengs,c-stengs,0.85,10
37260431,Tolu Arokodare,t-arokodare,23697427,Armando Broja,a-broja,0.874,1
37260431,Tolu Arokodare,t-arokodare,32777430,Nick Woltemade,n-woltemade,0.863,2
37260431,Tolu Arokodare,t-arokodare,458682,Jørgen Strand Larsen,j-strand-larsen,0.86,3
37260431,Tolu Arokodare,t-arokodare,37714583,Jonah Kusi-Asare,j-kusi-asare,0.867,4
37260431,Tolu Arokodare,t-arokodare,7330507,Brian Brobbey,b-brobbey,0.865,5
37260431,Tolu Arokodare,t-arokodare,37678216,Christantus Uche,c-uche,0.854,6
37260431,Tolu Arokodare,t-arokodare,37543248,Dango Ouattara,dango-ouattara,0.86,7
37260431,Tolu Arokodare,t-arokodare,26354,Enes Ünal,e-unal,0.856,8
37260431,Tolu Arokodare,t-arokodare,4243070,Lyle Foster,l-foster,0.855,9
37260431,Tolu Arokodare,t-arokodare,29328429,Igor Jesus,i-da-cruz,0.847,10
37632336,Eli Kroupi,e-kroupi,37664293,Charalampos Kostoulas,c-kostoulas,0.844,1
37632336,Eli Kroupi,e-kroupi,149150,Nikola Krstović,n-krstovi,0.84,2
37632336,Eli Kroupi,e-kroupi,37590634,Chemsdine Talbi,c-talbi,0.84,3
37632336,Eli Kroupi,e-kroupi,5640849,Mohammed Kudus,m-kudus,0.831,4
37632336,Eli Kroupi,e-kroupi,80902,Ladislav Krejci,l-kreji,0.83,5
37632336,Eli Kroupi,e-kroupi,540173,Sandro Kulenovic,s-kulenovic,0.838,6
37632336,Eli Kroupi,e-kroupi,49353,Vedat Muriqi,v-muriqi,0.829,7
37632336,Eli Kroupi,e-kroupi,5666460,Wilson Isidor,w-isidor,0.836,8
37632336,Eli Kroupi,e-kroupi,30062,Cody Gakpo,c-gakpo,0.827,9
37632336,Eli Kroupi,e-kroupi,37575228,Antoni Milambo,a-milambo,0.824,10
18218609,Chris Richards,c-richards,581206,Omar Richards,o-richards,0.915,1
18218609,Chris Richards,c-richards,22169325,James Hill,j-hill,0.868,2
18218609,Chris Richards,c-richards,37570091,Amir Richardson,a-richardson,0.855,3
18218609,Chris Richards,c-richards,37528754,Jake O'Brien,j-obrien,0.851,4
18218609,Chris Richards,c-richards,6524,Matty Cash,m-cash,0.843,5
18218609,Chris Richards,c-richards,537117,Trevoh Chalobah,t-chalobah,0.842,6
18218609,Chris Richards,c-richards,4536500,Marc Guéhi,m-guehi,0.842,7
18218609,Chris Richards,c-richards,498161,Maximilian Kilman,m-kilman,0.839,8
18218609,Chris Richards,c-richards,37627036,Murillo,m-santiago-costa-dos-santos,0.837,9
18218609,Chris Richards,c-richards,33166012,David Møller Wolfe,d-wolfe,0.842,10
37678216,Christantus Uche,c-uche,15434627,Samuel Chukwueze,s-chukwueze,0.878,1
37678216,Christantus Uche,c-uche,25217662,Noni Madueke,c-madueke,0.873,2
37678216,Christantus Uche,c-uche,23661272,Iliman Ndiaye,i-ndiaye,0.858,3
37678216,Christantus Uche,c-uche,19978623,Dan Ndoye,d-ndoye,0.86,4
37678216,Christantus Uche,c-uche,37543248,Dango Ouattara,dango-ouattara,0.858,5
37678216,Christantus Uche,c-uche,240195,Cucho Hernández,j-hernandez-suarez,0.85,6
37678216,Christantus Uche,c-uche,37423141,Lesley Ugochukwu,c-ugochukwu,0.847,7
37678216,Christantus Uche,c-uche,4536529,Noah Okafor,n-okafor,0.854,8
37678216,Christantus Uche,c-uche,37260431,Tolu Arokodare,t-arokodare,0.854,9
37678216,Christantus Uche,c-uche,4243070,Lyle Foster,l-foster,0.853,10
33784,Grischa Prömel,g-promel,27441544,Tim Lemperle,t-lemperle,0.856,1
33784,Grischa Prömel,g-promel,35159,Niklas Hauptmann,n-hauptmann,0.855,2
33784,Grischa Prömel,g-promel,27066712,Paul Nebel,p-nebel,0.846,3
33784,Grischa Prömel,g-promel,3862700,Christoph Baumgartner,c-baumgartner,0.838,4
33784,Grischa Prömel,g-promel,31864,Kevin Stöger,k-stoger,0.844,5
33784,Grischa Prömel,g-promel,37686388,Luis Engelns,l-engelns,0.843,6
33784,Grischa Prömel,g-promel,459660,Romano Schmid,r-schmid,0.834,7
33784,Grischa Prömel,g-promel,37586403,Rômulo,r-cardoso-da-cruz,0.842,8
33784,Grischa Prömel,g-promel,20691939,Marvin Pieringer,m-pieringer,0.841,9
33784,Grischa Prömel,g-promel,37645043,Assan Ouédraogo,f-ouedraogo,0.84,10
32819099,Fisnik Asllani,f-asllani,37532950,Kristjan Asllani,k-asllani,0.921,1
32819099,Fisnik Asllani,f-asllani,37566137,Ismaël Gharbi,i-gharbi,0.852,2
32819099,Fisnik Asllani,f-asllani,37645082,Ilyas Ansah,i-ansah,0.858,3
32819099,Fisnik Asllani,f-asllani,37912237,Christian Kofane,c-kofane,0.858,4
32819099,Fisnik Asllani,f-asllani,310486,Ritsu Doan,r-doan,0.85,5
32819099,Fisnik Asllani,f-asllani,37698005,Conrad Harder,c-harder,0.854,6
32819099,Fisnik Asllani,f-asllani,37755719,Alexander Røssing-Lelesiit,a-rossing-lelesiit,0.853,7
32819099,Fisnik Asllani,f-asllani,37588260,Keke Topp,k-topp,0.852,8
32819099,Fisnik Asllani,f-asllani,37922937,Yan Diomande,y-diomande,0.851,9
32819099,Fisnik Asllani,f-asllani,34987,Tim Kleindienst,t-kleindienst,0.843,10
37661898,Leon Avdullahu,l-avdullahu,37582150,Daniel Elfadli,d-elfadli,0.869,1
37661898,Leon Avdullahu,l-avdullahu,34880,Robert Andrich,r-andrich,0.862,2
37661898,Leon Avdullahu,l-avdullahu,37582044,Aleksandar Pavlovic,a-pavlovi,0.86,3
37661898,Leon Avdullahu,l-avdullahu,37266405,Denis Huseinbasic,d-huseinbasic,0.859,4
37661898,Leon Avdullahu,l-avdullahu,2178943,Robin Fellhauer,r-fellhauer,0.849,5
37661898,Leon Avdullahu,l-avdullahu,37344301,Albian Hajdari,a-hajdari,0.856,6
37661898,Leon Avdullahu,l-avdullahu,141099,Danel Sinani,d-sinani,0.856,7
37661898,Leon Avdullahu,l-avdullahu,96364,Ellyes Skhiri,e-skhiri,0.855,8
37661898,Leon Avdullahu,l-avdullahu,37787101,Love Arrhov,p-arrhov,0.846,9
37661898,Leon Avdullahu,l-avdullahu,32525,Nico Elvedi,n-elvedi,0.846,10
37402346,Natan,natan-37402346,96741,Clément Lenglet,c-lenglet,0.827,1
37402346,Natan,natan-37402346,12394069,Logan Costa,l-costa,0.821,2
37402346,Natan,natan-37402346,37656790,Pau Cubarsí,p-cubarsi-paredes,0.818,3
37402346,Natan,natan-37402346,469717,Ronald Araujo,r-araujo-da-silva,0.824,4
37402346,Natan,natan-37402346,537595,Óscar Mingueza,o-mingueza-garcia,0.822,5
37402346,Natan,natan-37402346,31626779,Carlos Romero,c-romero-serrano,0.812,6
37402346,Natan,natan-37402346,37947728,Tylel Tati,t-tati,0.811,7
37402346,Natan,natan-37402346,9308118,Andrei Rațiu,a-ratiu,0.81,8
37402346,Natan,natan-37402346,3510288,Dani Vivian,d-vivian-moreno,0.81,9
37402346,Natan,natan-37402346,37689559,Vitor Reis,v-de-oliveira-nunes-dos-reis,0.808,10
260862,Federico Valverde,f-valverde-dipetta,23688922,Eduardo Camavinga,e-camavinga,0.887,1
260862,Federico Valverde,f-valverde-dipetta,5270371,Aurélien Tchouaméni,a-tchouameni,0.872,2
260862,Federico Valverde,f-valverde-dipetta,37255840,Jude Bellingham,j-bellingham,0.863,3
260862,Federico Valverde,f-valverde-dipetta,37288001,Pedri,p-lopez,0.86,4
260862,Federico Valverde,f-valverde-dipetta,31837,Antonio Rüdiger,a-rudiger,0.858,5
260862,Federico Valverde,f-valverde-dipetta,186734,Dani Ceballos,d-ceballos-fernandez,0.857,6
260862,Federico Valverde,f-valverde-dipetta,268,Luka Modrić,l-modri,0.846,7
260862,Federico Valverde,f-valverde-dipetta,26536,Frenkie de Jong,f-de-jong,0.851,8
260862,Federico Valverde,f-valverde-dipetta,25489,Sofyan Amrabat,s-amrabat,0.851,9
260862,Federico Valverde,f-valverde-dipetta,600687,Vinicius Junior,vinicius,0.838,10
5270371,Aurélien Tchouaméni,a-tchouameni,23688922,Eduardo Camavinga,e-camavinga,0.894,1
5270371,Aurélien Tchouaméni,a-tchouameni,260862,Federico Valverde,f-valverde-dipetta,0.872,2
5270371,Aurélien Tchouaméni,a-tchouameni,5666457,Batista Mendy,b-mendy,0.871,3
5270371,Aurélien Tchouaméni,a-tchouameni,37255840,Jude Bellingham,j-bellingham,0.865,4
5270371,Aurélien Tchouaméni,a-tchouameni,530762,Martín Zubimendi,m-zubimendi-ibanez,0.864,5
5270371,Aurélien Tchouaméni,a-tchouameni,4545430,Vitinha,v-machado-ferreira,0.861,6
5270371,Aurélien Tchouaméni,a-tchouameni,25489,Sofyan Amrabat,s-amrabat,0.865,7
5270371,Aurélien Tchouaméni,a-tchouameni,8092941,Jon Moncayola,j-moncayola-tollar,0.855,8
5270371,Aurélien Tchouaméni,a-tchouameni,37593237,Warren Zaïre-Emery,w-zaire-emery,0.861,9
5270371,Aurélien Tchouaméni,a-tchouameni,37288001,Pedri,p-lopez,0.86,10
37547467,Arda Güler,a-guler,37255840,Jude Bellingham,j-bellingham,0.865,1
37547467,Arda Güler,a-guler,37656179,Lamine Yamal,l-yamal-nasraoui-ebana,0.864,2
37547467,Arda Güler,a-guler,37288001,Pedri,p-lopez,0.864,3
37547467,Arda Güler,a-guler,37380649,Alberto Moleiro,a-moleiro-gonzalez,0.861,4
37547467,Arda Güler,a-guler,5270371,Aurélien Tchouaméni,a-tchouameni,0.85,5
37547467,Arda Güler,a-guler,37596363,Fermín López,f-lopez-marin,0.855,6
37547467,Arda Güler,a-guler,37593237,Warren Zaïre-Emery,w-zaire-emery,0.85,7
37547467,Arda Güler,a-guler,4545376,Orkun Kökçü,o-kokcu,0.846,8
37547467,Arda Güler,a-guler,260862,Federico Valverde,f-valverde-dipetta,0.838,9
37547467,Arda Güler,a-guler,37729623,Franco Mastantuono,f-mastantuono,0.845,10
32695,Serhou Guirassy,s-guirassy,37660433,Herba Guirassy,b-guirassy,0.926,1
32695,Serhou Guirassy,s-guirassy,433458,Amine Gouiri,a-gouiri,0.885,2
32695,Serhou Guirassy,s-guirassy,37912237,Christian Kofane,c-kofane,0.875,3
32695,Serhou Guirassy,s-guirassy,37709478,Cyriaque Irié,c-irie,0.867,4
32695,Serhou Guirassy,s-guirassy,41077,Deniz Undav,d-undav,0.867,5
32695,Serhou Guirassy,s-guirassy,46092,Ermedin Demirovic,e-demirovi,0.856,6
32695,Serhou Guirassy,s-guirassy,34987,Tim Kleindienst,t-kleindienst,0.854,7
32695,Serhou Guirassy,s-guirassy,432832,Samuel Essende,s-essende,0.853,8
32695,Serhou Guirassy,s-guirassy,37291444,Andréas Hountondji,a-hountondji,0.859,9
32695,Serhou Guirassy,s-guirassy,37259284,Justin Njinmah,j-njinmah,0.859,10
37407422,Daniel Svensson,d-svensson,191367,Mattias Svanberg,m-svanberg,0.87,1
37407422,Daniel Svensson,d-svensson,84528,Rasmus Kristensen,r-kristensen,0.861,2
37407422,Daniel Svensson,d-svensson,37700699,Keita Kosugi,k-kosugi,0.859,3
37407422,Daniel Svensson,d-svensson,37600647,Kosta Nedeljkovic,k-nedeljkovi,0.861,4
37407422,Daniel Svensson,d-svensson,33980252,Sebastian Sebulonsen,s-sebulonsen,0.86,5
37407422,Daniel Svensson,d-svensson,36119,David Raum,d-raum,0.853,6
37407422,Daniel Svensson,d-svensson,32728,Waldemar Anton,w-anton,0.849,7
37407422,Daniel Svensson,d-svensson,190972,Eric Smith,e-smith,0.854,8
37407422,Daniel Svensson,d-svensson,34737,Mark Flekken,m-flekken,0.847,9
37407422,Daniel Svensson,d-svensson,32525,Nico Elvedi,n-elvedi,0.846,10
189585,Santi Comesaña,s-comesana-veiga,8092941,Jon Moncayola,j-moncayola-tollar,0.857,1
189585,Santi Comesaña,s-comesana-veiga,187167,Pepelu,j-garcia-vaya,0.851,2
189585,Santi Comesaña,s-comesana-veiga,37402078,José Ángel Carmona,jose-angel-carmona,0.849,3
189585,Santi Comesaña,s-comesana-veiga,7698447,Germán Valera,g-karabinaite,0.848,4
189585,Santi Comesaña,s-comesana-veiga,4545461,Antonio Blanco,a-blanco-conde,0.848,5
189585,Santi Comesaña,s-comesana-veiga,22168912,Lucien Agoumé,l-agoume,0.855,6
189585,Santi Comesaña,s-comesana-veiga,34422783,Mikel Jauregizar,m-jauregizar-alboniga,0.846,7
189585,Santi Comesaña,s-comesana-veiga,36481676,Samú Costa,s-costa,0.853,8
189585,Santi Comesaña,s-comesana-veiga,37541244,Arnau Martínez,a-martinez,0.845,9
189585,Santi Comesaña,s-comesana-veiga,37297497,Carlos Puga,c-puga-medina,0.852,10
31238822,Tajon Buchanan,t-buchanan,37391524,Tyrhys Dolan,t-dolan,0.854,1
31238822,Tajon Buchanan,t-buchanan,7698447,Germán Valera,g-karabinaite,0.843,2
31238822,Tajon Buchanan,t-buchanan,37316483,Diego López,d-lopez-noguerol,0.844,3
31238822,Tajon Buchanan,t-buchanan,19996814,Thiago Almada,t-almada,0.844,4
31238822,Tajon Buchanan,t-buchanan,37297124,Abde Ezzalzouli,a-ezzalzouli,0.844,5
31238822,Tajon Buchanan,t-buchanan,13981024,Largie Ramazani,l-ramazani,0.844,6
31238822,Tajon Buchanan,t-buchanan,37422925,Jon Aramburu,j-aramburu,0.836,7
31238822,Tajon Buchanan,t-buchanan,240195,Cucho Hernández,j-hernandez-suarez,0.836,8
31238822,Tajon Buchanan,t-buchanan,37666773,Adrián Liso,a-liso-lahoz,0.836,9
31238822,Tajon Buchanan,t-buchanan,37259638,David Affengruber,d-affengruber,0.836,10
37692095,Samir El Mourabet,s-el-mourabet,937,Nabil Bentaleb,n-bentaleb,0.887,1
37692095,Samir El Mourabet,s-el-mourabet,13155985,Charles Vanhoutte,c-vanhoutte,0.87,2
37692095,Samir El Mourabet,s-el-mourabet,37316836,Tyler Morton,t-morton,0.869,3
37692095,Samir El Mourabet,s-el-mourabet,37622174,Abdoul Ouattara,g-ouattara,0.869,4
37692095,Samir El Mourabet,s-el-mourabet,37372396,Tom Louchet,t-louchet,0.865,5
37692095,Samir El Mourabet,s-el-mourabet,23698162,Joris Chotard,j-chotard,0.864,6
37692095,Samir El Mourabet,s-el-mourabet,37644042,Pathé Mboup,p-mboup,0.863,7
37692095,Samir El Mourabet,s-el-mourabet,37536953,Mamadou Sangaré,m-sangare,0.862,8
37692095,Samir El Mourabet,s-el-mourabet,527765,Mahdi Camara,m-camara-527765,0.862,9
37692095,Samir El Mourabet,s-el-mourabet,24817375,Johann Lepenant,j-lepenant,0.861,10
23288607,Nicola Zalewski,n-zalewski,129677,Mattia Zaccagni,m-zaccagni,0.881,1
23288607,Nicola Zalewski,n-zalewski,37599458,Cristian Volpato,c-volpato,0.877,2
23288607,Nicola Zalewski,n-zalewski,133127,Nicolò Zaniolo,n-zaniolo,0.865,3
23288607,Nicola Zalewski,n-zalewski,538861,Alexis Saelemaekers,a-saelemaekers,0.856,4
23288607,Nicola Zalewski,n-zalewski,37544805,Matteo Cancellieri,m-cancellieri,0.861,5
23288607,Nicola Zalewski,n-zalewski,37343968,Tommaso Baldanzi,t-baldanzi,0.86,6
23288607,Nicola Zalewski,n-zalewski,10967415,Alessandro Zanoli,a-zanoli,0.859,7
23288607,Nicola Zalewski,n-zalewski,24816762,Tomas Suslov,t-suslov,0.848,8
23288607,Nicola Zalewski,n-zalewski,37316942,Fabio Miretti,f-miretti,0.853,9
23288607,Nicola Zalewski,n-zalewski,37631801,Simone Pafundi,simone-pafundi,0.851,10
336133,Phil Foden,p-foden,37255840,Jude Bellingham,j-bellingham,0.857,1
336133,Phil Foden,p-foden,28912747,Cole Palmer,c-palmer,0.86,2
336133,Phil Foden,p-foden,129602,Bruno Fernandes,b-fernandes,0.843,3
336133,Phil Foden,p-foden,1116,Jack Grealish,j-grealish,0.842,4
336133,Phil Foden,p-foden,96353,Bernardo Silva,b-silva,0.848,5
336133,Phil Foden,p-foden,26823,Martin Ødegaard,m-odegaard-26823,0.846,6
336133,Phil Foden,p-foden,154421,Erling Haaland,e-haaland,0.835,7
336133,Phil Foden,p-foden,538034,Jadon Sancho,j-sancho,0.839,8
336133,Phil Foden,p-foden,4536524,James Garner,j-garner,0.829,9
336133,Phil Foden,p-foden,29709995,Enzo Fernández,e-fernandez,0.828,10
21072805,Rayan Cherki,m-cherki,37429246,Florian Wirtz,f-wirtz,0.872,1
21072805,Rayan Cherki,m-cherki,37288979,Hugo Ekitiké,h-ekitike,0.865,2
21072805,Rayan Cherki,m-cherki,26823,Martin Ødegaard,m-odegaard-26823,0.865,3
21072805,Rayan Cherki,m-cherki,37381778,Milos Kerkez,milos-kerkez,0.865,4
21072805,Rayan Cherki,m-cherki,26803,Justin Kluivert,j-kluivert,0.864,5
21072805,Rayan Cherki,m-cherki,37531504,Mathys Tel,m-tel,0.86,6
21072805,Rayan Cherki,m-cherki,37317369,Bradley Barcola,b-barcola,0.859,7
21072805,Rayan Cherki,m-cherki,37255818,Ramiz Zerrouki,r-zerrouki,0.849,8
21072805,Rayan Cherki,m-cherki,37593237,Warren Zaïre-Emery,w-zaire-emery,0.856,9
21072805,Rayan Cherki,m-cherki,37656838,Senny Mayulu,s-mayulu,0.855,10
25284,Joachim Andersen,j-andersen,332047,Elliot Anderson,e-anderson,0.88,1
25284,Joachim Andersen,j-andersen,151418,Kristoffer Ajer,k-vassbakk-ajer,0.878,2
25284,Joachim Andersen,j-andersen,4536500,Marc Guéhi,m-guehi,0.87,3
25284,Joachim Andersen,j-andersen,151507,Andreas Hanche-Olsen,a-hanche-olsen,0.872,4
25284,Joachim Andersen,j-andersen,24818803,Jan Paul van Hecke,j-van-hecke-24818803,0.865,5
25284,Joachim Andersen,j-andersen,5270466,J. Timber,j-timber,0.865,6
25284,Joachim Andersen,j-andersen,1167415,Bremer,g-bremer-silva-nascimento,0.867,7
25284,Joachim Andersen,j-andersen,333989,Marcos Senesi,m-senesi,0.857,8
25284,Joachim Andersen,j-andersen,537117,Trevoh Chalobah,t-chalobah,0.857,9
25284,Joachim Andersen,j-andersen,80902,Ladislav Krejci,l-kreji,0.857,10
258137,Omar Alderete,o-alderete-fernandez,36073933,Morato,f-rodrigues,0.862,1
258137,Omar Alderete,o-alderete-fernandez,37627036,Murillo,m-santiago-costa-dos-santos,0.852,2
258137,Omar Alderete,o-alderete-fernandez,5666458,Maxence Lacroix,m-lacroix,0.849,3
258137,Omar Alderete,o-alderete-fernandez,21781428,Matheus Nunes,m-nunes,0.849,4
258137,Omar Alderete,o-alderete-fernandez,11347016,Mohammed Salisu,m-karim,0.846,5
258137,Omar Alderete,o-alderete-fernandez,498161,Maximilian Kilman,m-kilman,0.845,6
258137,Omar Alderete,o-alderete-fernandez,459653,Santiago Bueno,s-bueno-sciutto,0.852,7
258137,Omar Alderete,o-alderete-fernandez,37541244,Arnau Martínez,a-martinez,0.844,8
258137,Omar Alderete,o-alderete-fernandez,25922235,Arthur Theate,a-theate,0.844,9
258137,Omar Alderete,o-alderete-fernandez,16837815,Jon Pacheco,j-pacheco-dozagarat,0.85,10
37630179,Noah Sadiki,n-sadiki,22536030,Bafodé Diakité,b-diakite,0.855,1
37630179,Noah Sadiki,n-sadiki,37575228,Antoni Milambo,a-milambo,0.854,2
37630179,Noah Sadiki,n-sadiki,96943,Ibrahim Sangaré,i-sangare,0.854,3
37630179,Noah Sadiki,n-sadiki,37564315,Dário Essugo,d-luis-essugo,0.843,4
37630179,Noah Sadiki,n-sadiki,37550443,Alex Scott,a-scott,0.84,5
37630179,Noah Sadiki,n-sadiki,96364,Ellyes Skhiri,e-skhiri,0.846,6
37630179,Noah Sadiki,n-sadiki,37588823,Carlos Baleba,c-noom-quomah,0.846,7
37630179,Noah Sadiki,n-sadiki,37423141,Lesley Ugochukwu,c-ugochukwu,0.838,8
37630179,Noah Sadiki,n-sadiki,459480,Hjalmar Ekdal,h-ekdal,0.835,9
37630179,Noah Sadiki,n-sadiki,23661272,Iliman Ndiaye,i-ndiaye,0.832,10
37538035,Nathaniel Brown,n-brown,28912973,Archie Brown,a-brown,0.929,1
37538035,Nathaniel Brown,n-brown,84528,Rasmus Kristensen,r-kristensen,0.862,2
37538035,Nathaniel Brown,n-brown,190972,Eric Smith,e-smith,0.866,3
37538035,Nathaniel Brown,n-brown,33701,Marco Friedl,m-friedl,0.856,4
37538035,Nathaniel Brown,n-brown,17158438,Joe Scally,j-scally,0.855,5
37538035,Nathaniel Brown,n-brown,37700699,Keita Kosugi,k-kosugi,0.848,6
37538035,Nathaniel Brown,n-brown,198230,Cédric Zesiger,c-zesiger,0.848,7
37538035,Nathaniel Brown,n-brown,32384,Maximilian Mittelstädt,m-mittelstadt,0.855,8
37538035,Nathaniel Brown,n-brown,33980252,Sebastian Sebulonsen,s-sebulonsen,0.855,9
37538035,Nathaniel Brown,n-brown,36119,David Raum,d-raum,0.847,10
31077,Willi Orbán,w-orban,24469115,Castello Lukeba,c-lukeba,0.857,1
31077,Willi Orbán,w-orban,100556,Ibrahima Konaté,i-konate,0.847,2
31077,Willi Orbán,w-orban,53557,Attila Szalai,a-szalai,0.849,3
31077,Willi Orbán,w-orban,32372,Fabian Schär,f-schar,0.839,4
31077,Willi Orbán,w-orban,114021,Roland Sallai,r-sallai,0.834,5
31077,Willi Orbán,w-orban,52585,Konrad Laimer,k-laimer,0.84,6
31077,Willi Orbán,w-orban,33770,Stefan Posch,s-posch,0.839,7
31077,Willi Orbán,w-orban,31836,Jonathan Tah,j-tah,0.839,8
31077,Willi Orbán,w-orban,37675898,Karim Coulibaly,a-coulibaly,0.839,9
31077,Willi Orbán,w-orban,45593,Jeff Chabot,j-chabot,0.839,10
3862700,Christoph Baumgartner,c-baumgartner,459660,Romano Schmid,r-schmid,0.866,1
3862700,Christoph Baumgartner,c-baumgartner,785998,Dominik Szoboszlai,d-szoboszlai,0.864,2
3862700,Christoph Baumgartner,c-baumgartner,52585,Konrad Laimer,k-laimer,0.87,3
3862700,Christoph Baumgartner,c-baumgartner,5270483,Wouter Burger,w-burger,0.862,4
3862700,Christoph Baumgartner,c-baumgartner,24817439,Fabian Rieder,f-rieder,0.86,5
3862700,Christoph Baumgartner,c-baumgartner,37645043,Assan Ouédraogo,f-ouedraogo,0.856,6
3862700,Christoph Baumgartner,c-baumgartner,37342993,Ezequiel Fernández,i-fernandez-carballo,0.855,7
3862700,Christoph Baumgartner,c-baumgartner,310486,Ritsu Doan,r-doan,0.846,8
3862700,Christoph Baumgartner,c-baumgartner,4574,Aleix García,a-garcia-serrano,0.844,9
3862700,Christoph Baumgartner,c-baumgartner,32582,Marcel Sabitzer,m-sabitzer,0.852,10
31237395,Nicolas Seiwald,n-seiwald,37266099,Rocco Reitz,r-reitz,0.87,1
31237395,Nicolas Seiwald,n-seiwald,27066902,Yannik Engelhardt,y-engelhardt,0.858,2
31237395,Nicolas Seiwald,n-seiwald,37546753,Jenson Seelt,j-seelt,0.858,3
31237395,Nicolas Seiwald,n-seiwald,31772,Niklas Stark,n-stark,0.856,4
31237395,Nicolas Seiwald,n-seiwald,37582217,Tom Bischof,t-bischof,0.856,5
31237395,Nicolas Seiwald,n-seiwald,459660,Romano Schmid,r-schmid,0.848,6
31237395,Nicolas Seiwald,n-seiwald,32379,Maximilian Eggestein,m-eggestein,0.847,7
31237395,Nicolas Seiwald,n-seiwald,23222415,Joël Schmied,j-schmied,0.854,8
31237395,Nicolas Seiwald,n-seiwald,37581984,Aljoscha Kemlein,a-kemlein,0.854,9
31237395,Nicolas Seiwald,n-seiwald,37656783,Chema Andrés,j-andres-baixauli,0.853,10
37922937,Yan Diomande,y-diomande,37618570,Ousmane Diomande,o-diomande,0.881,1
37922937,Yan Diomande,y-diomande,37658280,Bazoumana Touré,b-toure,0.877,2
37922937,Yan Diomande,y-diomande,310486,Ritsu Doan,r-doan,0.87,3
37922937,Yan Diomande,y-diomande,37400407,Johan Bakayoko,j-bakayoko,0.876,4
37922937,Yan Diomande,y-diomande,37316428,Sinaly Diomandé,s-diomande,0.873,5
37922937,Yan Diomande,y-diomande,37912237,Christian Kofane,c-kofane,0.873,6
37922937,Yan Diomande,y-diomande,46092,Ermedin Demirovic,e-demirovi,0.863,7
37922937,Yan Diomande,y-diomande,37317015,Amad Diallo,a-traore,0.867,8
37922937,Yan Diomande,y-diomande,9606076,Han-Noah Massengo,h-massengo,0.864,9
37922937,Yan Diomande,y-diomande,241036,Luis Díaz,l-diaz-marulanda,0.862,10
4574,Aleix García,a-garcia-serrano,4545389,Eric García,e-garcia,0.905,1
4574,Aleix García,a-garcia-serrano,16475841,Joan García,j-pons,0.888,2
4574,Aleix García,a-garcia-serrano,21539177,Víctor García,v-garcia-raja,0.887,3
4574,Aleix García,a-garcia-serrano,37656468,Andrés García,a-garcia-robledo,0.88,4
4574,Aleix García,a-garcia-serrano,37342993,Ezequiel Fernández,i-fernandez-carballo,0.881,5
4574,Aleix García,a-garcia-serrano,37593253,Gonzalo García,g-garcia-torres,0.871,6
4574,Aleix García,a-garcia-serrano,35281051,Raúl García,r-garcia-de-haro,0.862,7
4574,Aleix García,a-garcia-serrano,23269737,Nico González,n-gonzalez-iglesias,0.854,8
4574,Aleix García,a-garcia-serrano,186358,Álvaro García,a-garcia-rivera,0.857,9
4574,Aleix García,a-garcia-serrano,32362,Joshua Kimmich,j-kimmich,0.855,10
37601342,Eliesse Ben Seghir,e-ben-seghir,37566137,Ismaël Gharbi,i-gharbi,0.873,1
37601342,Eliesse Ben Seghir,e-ben-seghir,37625409,Adam Daghim,a-daghim,0.859,2
37601342,Eliesse Ben Seghir,e-ben-seghir,96364,Ellyes Skhiri,e-skhiri,0.852,3
37601342,Eliesse Ben Seghir,e-ben-seghir,37651943,Tidiam Gomis,t-gomis,0.844,4
37601342,Eliesse Ben Seghir,e-ben-seghir,37536482,Farès Chaïbi,f-chaibi,0.851,5
37601342,Eliesse Ben Seghir,e-ben-seghir,96307,Franck Honorat,f-honorat,0.851,6
37601342,Eliesse Ben Seghir,e-ben-seghir,2158512,Chris Führich,c-fuhrich,0.851,7
37601342,Eliesse Ben Seghir,e-ben-seghir,37755719,Alexander Røssing-Lelesiit,a-rossing-lelesiit,0.849,8
37601342,Eliesse Ben Seghir,e-ben-seghir,36440,Patrick Sontheimer,p-sontheimer,0.841,9
37601342,Eliesse Ben Seghir,e-ben-seghir,97292,Martin Terrier,m-terrier,0.848,10
581000,Robert Sánchez,r-lynch-sanchez,26294,Davinson Sánchez,d-sanchez-mina,0.875,1
581000,Robert Sánchez,r-lynch-sanchez,159483,José Sá,j-malheiro-de-sa,0.872,2
581000,Robert Sánchez,r-lynch-sanchez,1343,Emiliano Martínez,d-martinez,0.864,3
581000,Robert Sánchez,r-lynch-sanchez,187215,Unai Simón,u-simon-mendibil,0.863,4
581000,Robert Sánchez,r-lynch-sanchez,3130,David Raya,d-raya-martin,0.859,5
581000,Robert Sánchez,r-lynch-sanchez,12647,Dean Henderson,d-henderson,0.858,6
581000,Robert Sánchez,r-lynch-sanchez,155896,Vanja Milinković-Savić,v-milinkovi-savi,0.857,7
581000,Robert Sánchez,r-lynch-sanchez,1300,Alexis Sánchez,a-sanchez-sanchez,0.863,8
581000,Robert Sánchez,r-lynch-sanchez,16475841,Joan García,j-pons,0.86,9
581000,Robert Sánchez,r-lynch-sanchez,9438,Aaron Ramsdale,a-ramsdale,0.859,10
37261500,Moisés Caicedo,m-caicedo-corozo,530762,Martín Zubimendi,m-zubimendi-ibanez,0.873,1
37261500,Moisés Caicedo,m-caicedo-corozo,37536874,Roméo Lavia,r-lavia,0.875,2
37261500,Moisés Caicedo,m-caicedo-corozo,37257596,Bart Verbruggen,b-verbruggen,0.86,3
37261500,Moisés Caicedo,m-caicedo-corozo,29709995,Enzo Fernández,e-fernandez,0.859,4
37261500,Moisés Caicedo,m-caicedo-corozo,4536500,Marc Guéhi,m-guehi,0.858,5
37261500,Moisés Caicedo,m-caicedo-corozo,61780,Leandro Trossard,l-trossard,0.864,6
37261500,Moisés Caicedo,m-caicedo-corozo,37259180,Levi Colwill,l-colwill,0.855,7
37261500,Moisés Caicedo,m-caicedo-corozo,216612,Alexis Mac Allister,a-mac-allister,0.855,8
37261500,Moisés Caicedo,m-caicedo-corozo,5270462,Ryan Gravenberch,r-gravenberch,0.851,9
37261500,Moisés Caicedo,m-caicedo-corozo,537117,Trevoh Chalobah,t-chalobah,0.85,10
25514,Alexander Sørloth,a-sorloth,37568657,Roberto Fernández,r-fernandez-jaen,0.856,1
25514,Alexander Sørloth,a-sorloth,34053,Alexander Isak,a-isak,0.862,2
25514,Alexander Sørloth,a-sorloth,240195,Cucho Hernández,j-hernandez-suarez,0.849,3
25514,Alexander Sørloth,a-sorloth,537316,Zian Flemming,z-flemming,0.855,4
25514,Alexander Sørloth,a-sorloth,22169317,Akor Adams,a-adams-22169317,0.854,5
25514,Alexander Sørloth,a-sorloth,34700,Ante Budimir,a-budimir,0.845,6
25514,Alexander Sørloth,a-sorloth,37666773,Adrián Liso,a-liso-lahoz,0.841,7
25514,Alexander Sørloth,a-sorloth,190168,Gorka Guruzeta,g-guruzeta-rodriguez,0.849,8
25514,Alexander Sørloth,a-sorloth,186932,Mikel Oyarzabal,m-oyarzabal-ugarte,0.847,9
25514,Alexander Sørloth,a-sorloth,154421,Erling Haaland,e-haaland,0.837,10
185571,Koke,j-resurreccion-merodio,5270371,Aurélien Tchouaméni,a-tchouameni,0.842,1
185571,Koke,j-resurreccion-merodio,26536,Frenkie de Jong,f-de-jong,0.845,2
185571,Koke,j-resurreccion-merodio,37288001,Pedri,p-lopez,0.842,3
185571,Koke,j-resurreccion-merodio,12394069,Logan Costa,l-costa,0.833,4
185571,Koke,j-resurreccion-merodio,268,Luka Modrić,l-modri,0.832,5
185571,Koke,j-resurreccion-merodio,159276,Jan Oblak,j-oblak,0.828,6
185571,Koke,j-resurreccion-merodio,260862,Federico Valverde,f-valverde-dipetta,0.828,7
185571,Koke,j-resurreccion-merodio,187167,Pepelu,j-garcia-vaya,0.826,8
185571,Koke,j-resurreccion-merodio,185972,Isco,f-alarcon-suarez,0.822,9
185571,Koke,j-resurreccion-merodio,1314,Thibaut Courtois,t-courtois,0.821,10
474354,Mousa Tamari,m-al-tamari,15875734,Osame Sahraoui,o-sahraoui,0.858,1
474354,Mousa Tamari,m-al-tamari,37614052,Ernest Nuamah,e-appiah-nuamah,0.849,2
474354,Mousa Tamari,m-al-tamari,37633774,Gessime Yassine,g-yassine,0.853,3
474354,Mousa Tamari,m-al-tamari,62400,Moses Simon,m-simon,0.851,4
474354,Mousa Tamari,m-al-tamari,37597737,Afonso Moreira,a-bastardo-moreira,0.85,5
474354,Mousa Tamari,m-al-tamari,62734,Jean-Luc Dompé,m-diarra-dompe,0.849,6
474354,Mousa Tamari,m-al-tamari,62600,Ally Samatta,m-samatta,0.839,7
474354,Mousa Tamari,m-al-tamari,37676603,Arsène Kouassi,k-kouassi,0.838,8
474354,Mousa Tamari,m-al-tamari,96348,Adrien Thomasson,a-thomasson,0.846,9
474354,Mousa Tamari,m-al-tamari,37592734,Diego Moreira,d-da-silva-moreira,0.838,10
37530985,Quentin Merlin,q-merlin,37676603,Arsène Kouassi,k-kouassi,0.857,1
37530985,Quentin Merlin,q-merlin,37262099,Nuno Mendes,n-mendes,0.859,2
37530985,Quentin Merlin,q-merlin,65528,Matthieu Udol,m-udol,0.849,3
37530985,Quentin Merlin,q-merlin,37316600,Guela Doué,g-doue,0.853,4
37530985,Quentin Merlin,q-merlin,37590868,Kassoum Ouattara,k-ouattara,0.845,5
37530985,Quentin Merlin,q-merlin,129794,Emerson,e-palmieri-dos-santos,0.845,6
37530985,Quentin Merlin,q-merlin,98711,Ruben Aguilar,r-aguilar,0.842,7
37530985,Quentin Merlin,q-merlin,25081,Joshua Brenet,j-brenet,0.841,8
37530985,Quentin Merlin,q-merlin,187260,Achraf Hakimi,a-hakimi-mouh,0.833,9
37530985,Quentin Merlin,q-merlin,335521,Facundo Medina,f-medina-335521,0.839,10
2158512,Chris Führich,c-fuhrich,31913,Vincenzo Grifo,v-grifo,0.864,1
2158512,Chris Führich,c-fuhrich,37566137,Ismaël Gharbi,i-gharbi,0.855,2
2158512,Chris Führich,c-fuhrich,310486,Ritsu Doan,r-doan,0.853,3
2158512,Chris Führich,c-fuhrich,37601342,Eliesse Ben Seghir,e-ben-seghir,0.851,4
2158512,Chris Führich,c-fuhrich,97292,Martin Terrier,m-terrier,0.857,5
2158512,Chris Führich,c-fuhrich,37922937,Yan Diomande,y-diomande,0.857,6
2158512,Chris Führich,c-fuhrich,36440,Patrick Sontheimer,p-sontheimer,0.849,7
2158512,Chris Führich,c-fuhrich,349061,Marco Grüll,m-grull,0.856,8
2158512,Chris Führich,c-fuhrich,12426453,Jamie Leweling,j-leweling,0.853,9
2158512,Chris Führich,c-fuhrich,96307,Franck Honorat,f-honorat,0.851,10
37546475,Pablo Marín,p-marin-tejada,32819198,Rafa Marín,r-marin-zamora,0.905,1
37546475,Pablo Marín,p-marin-tejada,37601802,Mario Martín,m-martin-rielves,0.899,2
37546475,Pablo Marín,p-marin-tejada,37680048,Jon Martín,j-martin-vicente,0.871,3
37546475,Pablo Marín,p-marin-tejada,21427729,Iván Martín,i-martin-nunez,0.866,4
37546475,Pablo Marín,p-marin-tejada,37541244,Arnau Martínez,a-martinez,0.847,5
37546475,Pablo Marín,p-marin-tejada,37571011,Javi Guerra,j-guerra-moreno,0.848,6
37546475,Pablo Marín,p-marin-tejada,37357510,Gerard Martín,g-martin-langreo,0.846,7
37546475,Pablo Marín,p-marin-tejada,36481676,Samú Costa,s-costa,0.845,8
37546475,Pablo Marín,p-marin-tejada,25922178,Beñat Prados,b-prados-diaz,0.835,9
37546475,Pablo Marín,p-marin-tejada,10692,Toni Martínez,a-martinez-lopez,0.833,10
2510817,Óscar Valentín,o-martin-luengo,132406,Martin Valjent,m-valjent,0.731,1
2510817,Óscar Valentín,o-martin-luengo,37369430,Nahuel Noll,n-noll,0.704,2
2510817,Óscar Valentín,o-martin-luengo,162164,Mory Diaw,m-diaw,0.704,3
2510817,Óscar Valentín,o-martin-luengo,1525082,A. Kappenberger,a-kappenberger,0.702,4
2510817,Óscar Valentín,o-martin-luengo,37692120,E. Bayrak,e-bayrak,0.701,5
2510817,Óscar Valentín,o-martin-luengo,37459084,Emil Møller,emil-moller,0.701,6
2510817,Óscar Valentín,o-martin-luengo,37607859,Magnus Lysholm,magnus-lysholm,0.701,7
2510817,Óscar Valentín,o-martin-luengo,30758,Doriano Marvin Kortstam,d-kortstam,0.701,8
2510817,Óscar Valentín,o-martin-luengo,784482,Daniel Lønborg Thøgersen,daniel-lonborg-thogersen,0.701,9
2510817,Óscar Valentín,o-martin-luengo,418556,Till Schumacher,t-schumacher,0.701,10
21803152,Pep Chavarría,j-chavarria-perez,6006071,Sergio Carreira,s-carreira-vilarino,0.859,1
21803152,Pep Chavarría,j-chavarria-perez,37714190,Pau Navarro,p-navarro-badenes,0.853,2
21803152,Pep Chavarría,j-chavarria-perez,37543901,Omar El Hilali,o-el-hilali,0.851,3
21803152,Pep Chavarría,j-chavarria-perez,465803,Gabriel Suazo,g-suazo-urbina,0.851,4
21803152,Pep Chavarría,j-chavarria-perez,37537864,Álvaro Carreras,a-carreras,0.851,5
21803152,Pep Chavarría,j-chavarria-perez,37656790,Pau Cubarsí,p-cubarsi-paredes,0.843,6
21803152,Pep Chavarría,j-chavarria-perez,37402078,José Ángel Carmona,jose-angel-carmona,0.84,7
21803152,Pep Chavarría,j-chavarria-perez,3510288,Dani Vivian,d-vivian-moreno,0.839,8
21803152,Pep Chavarría,j-chavarria-perez,9308118,Andrei Rațiu,a-ratiu,0.838,9
21803152,Pep Chavarría,j-chavarria-perez,37652784,Javi Rodríguez,j-rodriguez-galiano,0.846,10
96884,Christopher Nkunku,c-nkunku,2178915,Nicolas Kühn,n-kuhn,0.853,1
96884,Christopher Nkunku,c-nkunku,24818280,Benjamin Sesko,b-eko,0.849,2
96884,Christopher Nkunku,c-nkunku,32438,Christian Pulisic,c-pulisic,0.845,3
96884,Christopher Nkunku,c-nkunku,995,Romelu Lukaku,r-lukaku-menama,0.835,4
96884,Christopher Nkunku,c-nkunku,432872,Randal Kolo Muani,r-kolo-muani,0.842,5
96884,Christopher Nkunku,c-nkunku,177988,Dušan Vlahović,d-vlahovi,0.841,6
96884,Christopher Nkunku,c-nkunku,80675,Patrik Schick,p-schick,0.841,7
96884,Christopher Nkunku,c-nkunku,37325012,Rasmus Højlund,r-hojlund,0.841,8
96884,Christopher Nkunku,c-nkunku,52585,Konrad Laimer,k-laimer,0.84,9
96884,Christopher Nkunku,c-nkunku,129660,Álvaro Morata,a-morata-martin,0.839,10
1065,Callum Wilson,c-wilson,5403,Harry Wilson,h-wilson,0.899,1
1065,Callum Wilson,c-wilson,914,Chris Wood,c-wood,0.865,2
1065,Callum Wilson,c-wilson,11298616,Evanilson,f-de-lima-barbosa,0.843,3
1065,Callum Wilson,c-wilson,9611543,Anthony Gordon,a-gordon-9611543,0.849,4
1065,Callum Wilson,c-wilson,34053,Alexander Isak,a-isak,0.848,5
1065,Callum Wilson,c-wilson,627,Danny Welbeck,d-tackie-mensah-welbeck,0.845,6
1065,Callum Wilson,c-wilson,10601,Harvey Barnes,h-barnes,0.841,7
1065,Callum Wilson,c-wilson,458682,Jørgen Strand Larsen,j-strand-larsen,0.827,8
1065,Callum Wilson,c-wilson,33645,Joelinton,j-apolinario-de-lira,0.824,9
1065,Callum Wilson,c-wilson,160217,Raúl Jiménez,r-jimenez-rodriguez,0.824,10
37685630,El Hadji Malick Diouf,e-diouf,99157,Yehvann Diouf,y-diouf,0.867,1
37685630,El Hadji Malick Diouf,e-diouf,25738,Ferdi Kadıoğlu,f-kadioglu,0.85,2
37685630,El Hadji Malick Diouf,e-diouf,193196,Gabriel Gudmundsson,g-gudmundsson,0.848,3
37685630,El Hadji Malick Diouf,e-diouf,7026573,Djed Spence,d-spence-7026573,0.847,4
37685630,El Hadji Malick Diouf,e-diouf,37600942,Michael Kayode,m-kayode,0.846,5
37685630,El Hadji Malick Diouf,e-diouf,37584176,Lucas Pires,l-pires-silva,0.852,6
37685630,El Hadji Malick Diouf,e-diouf,13590962,Rayan Aït-Nouri,r-ait-nouri,0.851,7
37685630,El Hadji Malick Diouf,e-diouf,4659,Kyle Walker-Peters,k-walker-peters,0.851,8
37685630,El Hadji Malick Diouf,e-diouf,95368,Lucas Digne,l-digne,0.85,9
37685630,El Hadji Malick Diouf,e-diouf,96799,Issa Diop,i-diop,0.85,10
23661272,Iliman Ndiaye,i-ndiaye,19978623,Dan Ndoye,d-ndoye,0.922,1
23661272,Iliman Ndiaye,i-ndiaye,36074594,Abdoulaye Ndiaye,n-ndiaye,0.886,2
23661272,Iliman Ndiaye,i-ndiaye,64188,Cherif Ndiaye,p-ndiaye,0.885,3
23661272,Iliman Ndiaye,i-ndiaye,37317015,Amad Diallo,a-traore,0.876,4
23661272,Iliman Ndiaye,i-ndiaye,10990678,Antoine Semenyo,a-semenyo,0.868,5
23661272,Iliman Ndiaye,i-ndiaye,37655226,Yankuba Minteh,y-minteh,0.868,6
23661272,Iliman Ndiaye,i-ndiaye,37526157,Yasin Ayari,y-ayari,0.868,7
23661272,Iliman Ndiaye,i-ndiaye,37543248,Dango Ouattara,dango-ouattara,0.872,8
23661272,Iliman Ndiaye,i-ndiaye,37288979,Hugo Ekitiké,h-ekitike,0.867,9
23661272,Iliman Ndiaye,i-ndiaye,430403,Krépin Diatta,k-diatta,0.866,10
1878,Marcus Rashford,m-rashford,37316549,Alejandro Garnacho,a-garnacho,0.867,1
1878,Marcus Rashford,m-rashford,12393293,Antony,a-dos-santos,0.862,2
1878,Marcus Rashford,m-rashford,538034,Jadon Sancho,j-sancho,0.86,3
1878,Marcus Rashford,m-rashford,96611,Kylian Mbappé,k-mbappe,0.851,4
1878,Marcus Rashford,m-rashford,20333643,Mason Greenwood,m-greenwood,0.848,5
1878,Marcus Rashford,m-rashford,186801,Iñaki Williams,i-williams-arthuer,0.853,6
1878,Marcus Rashford,m-rashford,160258,Raphinha,raphinha-160258,0.844,7
1878,Marcus Rashford,m-rashford,21394947,Julián Alvarez,j-alvarez,0.843,8
1878,Marcus Rashford,m-rashford,159700,Casemiro,c-casimiro,0.835,9
1878,Marcus Rashford,m-rashford,35281051,Raúl García,r-garcia-de-haro,0.839,10
37357510,Gerard Martín,g-martin-langreo,37680048,Jon Martín,j-martin-vicente,0.949,1
37357510,Gerard Martín,g-martin-langreo,21427729,Iván Martín,i-martin-nunez,0.925,2
37357510,Gerard Martín,g-martin-langreo,186983,Aarón Martín,a-martin-caricol,0.92,3
37357510,Gerard Martín,g-martin-langreo,37601802,Mario Martín,m-martin-rielves,0.92,4
37357510,Gerard Martín,g-martin-langreo,37541244,Arnau Martínez,a-martinez,0.911,5
37357510,Gerard Martín,g-martin-langreo,32819198,Rafa Marín,r-marin-zamora,0.899,6
37357510,Gerard Martín,g-martin-langreo,24468965,Javi López,j-lopez-carballo,0.892,7
37357510,Gerard Martín,g-martin-langreo,37722929,Joan Martínez,j-martinez-lozano,0.878,8
37357510,Gerard Martín,g-martin-langreo,37553159,Gabri Martínez,g-martinez-aguilera,0.877,9
37357510,Gerard Martín,g-martin-langreo,4545389,Eric García,e-garcia,0.87,10
28912805,Anthony Elanga,a-elanga,37316549,Alejandro Garnacho,a-garnacho,0.87,1
28912805,Anthony Elanga,a-elanga,37392849,Jaidon Anthony,j-anthony,0.864,2
28912805,Anthony Elanga,a-elanga,37317015,Amad Diallo,a-traore,0.863,3
28912805,Anthony Elanga,a-elanga,7330507,Brian Brobbey,b-brobbey,0.862,4
28912805,Anthony Elanga,a-elanga,537316,Zian Flemming,z-flemming,0.859,5
28912805,Anthony Elanga,a-elanga,37543248,Dango Ouattara,dango-ouattara,0.853,6
28912805,Anthony Elanga,a-elanga,30062,Cody Gakpo,c-gakpo,0.844,7
28912805,Anthony Elanga,a-elanga,34053,Alexander Isak,a-isak,0.849,8
28912805,Anthony Elanga,a-elanga,538034,Jadon Sancho,j-sancho,0.846,9
28912805,Anthony Elanga,a-elanga,5640849,Mohammed Kudus,m-kudus,0.838,10
28912753,Mika Biereth,m-bieveth,37530901,Maghnes Akliouche,m-akliouche,0.819,1
28912753,Mika Biereth,m-bieveth,4415,Jeff Reine-Adélaïde,j-reine-adelaide,0.824,2
28912753,Mika Biereth,m-bieveth,26823,Martin Ødegaard,m-odegaard-26823,0.824,3
28912753,Mika Biereth,m-bieveth,32777470,Hákon Arnar Haraldsson,h-haraldsson,0.818,4
28912753,Mika Biereth,m-bieveth,20333643,Mason Greenwood,m-greenwood,0.809,5
28912753,Mika Biereth,m-bieveth,1494446,Emile Smith Rowe,e-smith-rowe,0.817,6
28912753,Mika Biereth,m-bieveth,37676603,Arsène Kouassi,k-kouassi,0.807,7
28912753,Mika Biereth,m-bieveth,37597737,Afonso Moreira,a-bastardo-moreira,0.816,8
28912753,Mika Biereth,m-bieveth,537759,Reiss Nelson,r-nelson,0.815,9
28912753,Mika Biereth,m-bieveth,24468970,Yéremy Pino,y-jesus-pino-santos,0.806,10
99000,Marcus Thuram,m-thuram,3187862,Terem Moffi,t-moffi,0.861,1
99000,Marcus Thuram,m-thuram,37597771,Franculino,f-gluda-dju,0.85,2
99000,Marcus Thuram,m-thuram,55845,Mahir Emreli,m-mdtov,0.849,3
99000,Marcus Thuram,m-thuram,1921,Michy Batshuayi,m-batshuayi-tunga,0.845,4
99000,Marcus Thuram,m-thuram,418457,Jonas Arweiler,j-arweiler,0.841,5
99000,Marcus Thuram,m-thuram,32553,Joel Pohjanpalo,j-pohjanpalo,0.839,6
99000,Marcus Thuram,m-thuram,11322446,Yanis Begraoui,y-begraoui,0.839,7
99000,Marcus Thuram,m-thuram,5270463,Danilo,d-pereira-da-silva,0.838,8
99000,Marcus Thuram,m-thuram,3139,Tammy Abraham,k-bakumo-abraham,0.835,9
99000,Marcus Thuram,m-thuram,37640769,Chupe,c-ruiz-rubio,0.842,10
241036,Luis Díaz,l-diaz-marulanda,445829,Pedro Díaz,p-diaz-fanjul,0.876,1
241036,Luis Díaz,l-diaz-marulanda,37922937,Yan Diomande,y-diomande,0.862,2
241036,Luis Díaz,l-diaz-marulanda,310486,Ritsu Doan,r-doan,0.853,3
241036,Luis Díaz,l-diaz-marulanda,37630678,Junior Diaz,m-diaz,0.86,4
241036,Luis Díaz,l-diaz-marulanda,37317015,Amad Diallo,a-traore,0.857,5
241036,Luis Díaz,l-diaz-marulanda,15040126,Karim Adeyemi,k-adeyemi,0.856,6
241036,Luis Díaz,l-diaz-marulanda,37429246,Florian Wirtz,f-wirtz,0.844,7
241036,Luis Díaz,l-diaz-marulanda,37400407,Johan Bakayoko,j-bakayoko,0.851,8
241036,Luis Díaz,l-diaz-marulanda,942,Serge Gnabry,s-gnabry,0.843,9
241036,Luis Díaz,l-diaz-marulanda,1494225,Nathan Tella,n-tella,0.85,10
37317015,Amad Diallo,a-traore,37543248,Dango Ouattara,dango-ouattara,0.895,1
37317015,Amad Diallo,a-traore,96723,Habib Diallo,h-diallo,0.894,2
37317015,Amad Diallo,a-traore,23661272,Iliman Ndiaye,i-ndiaye,0.876,3
37317015,Amad Diallo,a-traore,4254,Bertrand Traoré,b-traore,0.879,4
37317015,Amad Diallo,a-traore,430403,Krépin Diatta,k-diatta,0.878,5
37317015,Amad Diallo,a-traore,37655226,Yankuba Minteh,y-minteh,0.863,6
37317015,Amad Diallo,a-traore,37922937,Yan Diomande,y-diomande,0.867,7
37317015,Amad Diallo,a-traore,27067062,Kevin Schade,k-schade,0.857,8
37317015,Amad Diallo,a-traore,28912805,Anthony Elanga,a-elanga,0.863,9
37317015,Amad Diallo,a-traore,37674290,Assane Diao,a-diao-diaoune,0.86,10
37600357,Leny Yoro,l-yoro,2206665,Lisandro Martínez,l-martinez-2206665,0.859,1
37600357,Leny Yoro,l-yoro,164061,Diogo Dalot,j-dalot-teixeira,0.85,2
37600357,Leny Yoro,l-yoro,160206,Victor Lindelöf,v-nilsson-lindelof,0.852,3
37600357,Leny Yoro,l-yoro,955,Luke Shaw,l-shaw,0.844,4
37600357,Leny Yoro,l-yoro,2884,Harry Maguire,h-maguire,0.851,5
37600357,Leny Yoro,l-yoro,37540234,Kobbie Mainoo,k-mainoo,0.851,6
37600357,Leny Yoro,l-yoro,4391,Axel Tuanzebe,a-tuanzebe,0.849,7
37600357,Leny Yoro,l-yoro,1849,Eric Bailly,e-bailly,0.848,8
37600357,Leny Yoro,l-yoro,5270468,Sven Botman,s-botman,0.846,9
37600357,Leny Yoro,l-yoro,100556,Ibrahima Konaté,i-konate,0.838,10
1343,Emiliano Martínez,d-martinez,2206665,Lisandro Martínez,l-martinez-2206665,0.884,1
1343,Emiliano Martínez,d-martinez,581000,Robert Sánchez,r-lynch-sanchez,0.864,2
1343,Emiliano Martínez,d-martinez,1826,Jordan Pickford,j-pickford,0.864,3
1343,Emiliano Martínez,d-martinez,1008,Sam Johnstone,s-johnstone,0.86,4
1343,Emiliano Martínez,d-martinez,186418,Gerónimo Rulli,g-rulli,0.853,5
1343,Emiliano Martínez,d-martinez,3130,David Raya,d-raya-martin,0.852,6
1343,Emiliano Martínez,d-martinez,2763,Nick Pope,n-pope,0.858,7
1343,Emiliano Martínez,d-martinez,31342,Bernd Leno,b-leno,0.85,8
1343,Emiliano Martínez,d-martinez,187215,Unai Simón,u-simon-mendibil,0.85,9
1343,Emiliano Martínez,d-martinez,37541244,Arnau Martínez,a-martinez,0.846,10
219633,Richarlison,r-de-andrade,5141,Dominic Calvert-Lewin,d-calvert-lewin,0.861,1
219633,Richarlison,r-de-andrade,29328429,Igor Jesus,i-da-cruz,0.856,2
219633,Richarlison,r-de-andrade,21773178,Beto,n-bercique-gomes-betuncal,0.86,3
219633,Richarlison,r-de-andrade,28931574,João Pedro,j-junqueira-de-jesus,0.852,4
219633,Richarlison,r-de-andrade,32777430,Nick Woltemade,n-woltemade,0.851,5
219633,Richarlison,r-de-andrade,160258,Raphinha,raphinha-160258,0.856,6
219633,Richarlison,r-de-andrade,37407204,Igor Thiago,thiago-37407204,0.84,7
219633,Richarlison,r-de-andrade,37678216,Christantus Uche,c-uche,0.837,8
219633,Richarlison,r-de-andrade,37288979,Hugo Ekitiké,h-ekitike,0.844,9
219633,Richarlison,r-de-andrade,5640849,Mohammed Kudus,m-kudus,0.835,10
14338024,Dejan Kulusevski,d-kulusevski,1494712,Matt O'Riley,m-oriley,0.847,1
14338024,Dejan Kulusevski,d-kulusevski,37648056,Sami Ouaissa,s-ouaissa,0.841,2
14338024,Dejan Kulusevski,d-kulusevski,37656061,Ethan Mbappé,e-mbappe-lottin,0.843,3
14338024,Dejan Kulusevski,d-kulusevski,37616526,Andrey,a-felisberto-dos-santos,0.835,4
14338024,Dejan Kulusevski,d-kulusevski,37716600,Lander Astiazaran,l-astiazaran-escabias,0.835,5
14338024,Dejan Kulusevski,d-kulusevski,6838,James Maddison,j-maddison,0.835,6
14338024,Dejan Kulusevski,d-kulusevski,37503644,Jakob Breum,j-breum,0.842,7
14338024,Dejan Kulusevski,d-kulusevski,37325813,Santiago García González,s-garcia-gonzalez,0.841,8
14338024,Dejan Kulusevski,d-kulusevski,34088,Raphael Obermair,r-obermair,0.832,9
14338024,Dejan Kulusevski,d-kulusevski,83417,M. Jensen,m-jensen-83417,0.839,10
129433,Leonardo Spinazzola,l-spinazzola,129440,Davide Zappacosta,d-zappacosta,0.878,1
129433,Leonardo Spinazzola,l-spinazzola,5283409,Gabriele Zappa,g-zappa,0.878,2
129433,Leonardo Spinazzola,l-spinazzola,435939,Federico Baschirotto,f-baschirotto,0.866,3
129433,Leonardo Spinazzola,l-spinazzola,52296,Valentino Lazaro,v-lazaro,0.871,4
129433,Leonardo Spinazzola,l-spinazzola,133951,Luca Pellegrini,l-pellegrini-133951,0.866,5
129433,Leonardo Spinazzola,l-spinazzola,129842,Federico Dimarco,f-dimarco,0.863,6
129433,Leonardo Spinazzola,l-spinazzola,16546879,Marcus Pedersen,m-pedersen,0.856,7
129433,Leonardo Spinazzola,l-spinazzola,132721,Giovanni Di Lorenzo,g-di-lorenzo,0.845,8
129433,Leonardo Spinazzola,l-spinazzola,37653289,Marco Palestra,m-palestra,0.844,9
129433,Leonardo Spinazzola,l-spinazzola,129429,Federico Bernardeschi,f-bernardeschi,0.849,10
96950,Jean-Philippe Mateta,j-mateta,26354,Enes Ünal,e-unal,0.867,1
96950,Jean-Philippe Mateta,j-mateta,37288979,Hugo Ekitiké,h-ekitike,0.863,2
96950,Jean-Philippe Mateta,j-mateta,537316,Zian Flemming,z-flemming,0.863,3
96950,Jean-Philippe Mateta,j-mateta,23697427,Armando Broja,a-broja,0.858,4
96950,Jean-Philippe Mateta,j-mateta,37543248,Dango Ouattara,dango-ouattara,0.854,5
96950,Jean-Philippe Mateta,j-mateta,62600,Ally Samatta,m-samatta,0.844,6
96950,Jean-Philippe Mateta,j-mateta,537217,Lukas Nmecha,l-nmecha,0.85,7
96950,Jean-Philippe Mateta,j-mateta,5141,Dominic Calvert-Lewin,d-calvert-lewin,0.84,8
96950,Jean-Philippe Mateta,j-mateta,7643,Eberechi Eze,e-eze,0.847,9
96950,Jean-Philippe Mateta,j-mateta,4536500,Marc Guéhi,m-guehi,0.837,10
32853,Kevin Akpoguma,k-akpoguma,33612,Jordan Torunarigha,j-torunarigha,0.868,1
32853,Kevin Akpoguma,k-akpoguma,37700699,Keita Kosugi,k-kosugi,0.844,2
32853,Kevin Akpoguma,k-akpoguma,32641,Lukas Klostermann,l-klostermann,0.843,3
32853,Kevin Akpoguma,k-akpoguma,37308225,Jordy Makengo,j-makengo-37308225,0.849,4
32853,Kevin Akpoguma,k-akpoguma,37558984,Lukas Ullrich,l-ullrich,0.84,5
32853,Kevin Akpoguma,k-akpoguma,33980252,Sebastian Sebulonsen,s-sebulonsen,0.847,6
32853,Kevin Akpoguma,k-akpoguma,8932826,Warmed Omari,w-omari,0.846,7
32853,Kevin Akpoguma,k-akpoguma,3861479,Felix Agu,f-agu,0.846,8
32853,Kevin Akpoguma,k-akpoguma,31909,Marc Oliver Kempf,m-kempf,0.845,9
32853,Kevin Akpoguma,k-akpoguma,37675898,Karim Coulibaly,a-coulibaly,0.845,10
34831,Ihlas Bebou,i-bebou,37910046,Mert Erkan,m-erkan,0.984,1
34831,Ihlas Bebou,i-bebou,37266141,Marten Winkler,m-winkler,0.981,2
34831,Ihlas Bebou,i-bebou,37395414,Patrick Brouwer,p-brouwer,0.976,3
34831,Ihlas Bebou,i-bebou,37538532,Emeka Nnamani,emeka-nnamani,0.974,4
34831,Ihlas Bebou,i-bebou,37600887,Christian Gammelgaard,christian-gammelgaard,0.975,5
34831,Ihlas Bebou,i-bebou,84554,Oliver Kjærgaard,oliver-kjergaard,0.974,6
34831,Ihlas Bebou,i-bebou,83665,Patrick Mortensen,patrick-mortensen,0.972,7
34831,Ihlas Bebou,i-bebou,21427690,Faride Alidou,f-alidou,0.972,8
34831,Ihlas Bebou,i-bebou,19970141,C. Jensen,c-jensen,0.971,9
34831,Ihlas Bebou,i-bebou,25274,Mohamed Hamdaoui,m-hamdaoui,0.971,10
31626002,Alexander Prass,a-prass,37700699,Keita Kosugi,k-kosugi,0.862,1
31626002,Alexander Prass,a-prass,84528,Rasmus Kristensen,r-kristensen,0.861,2
31626002,Alexander Prass,a-prass,33770,Stefan Posch,s-posch,0.865,3
31626002,Alexander Prass,a-prass,33980252,Sebastian Sebulonsen,s-sebulonsen,0.861,4
31626002,Alexander Prass,a-prass,37528761,Jens Castrop,j-castrop,0.86,5
31626002,Alexander Prass,a-prass,32384,Maximilian Mittelstädt,m-mittelstadt,0.86,6
31626002,Alexander Prass,a-prass,36119,David Raum,d-raum,0.852,7
31626002,Alexander Prass,a-prass,37577470,Aaron Zehnter,a-zehnter,0.858,8
31626002,Alexander Prass,a-prass,6983809,Tom Krauß,t-krauss,0.858,9
31626002,Alexander Prass,a-prass,35281182,Lorenz Assignon,l-assignon,0.858,10
240195,Cucho Hernández,j-hernandez-suarez,37297313,Isaac Romero,i-romero-bernal,0.871,1
240195,Cucho Hernández,j-hernandez-suarez,37380652,Iván Romero,i-romero-de-avila-araque,0.869,2
240195,Cucho Hernández,j-hernandez-suarez,37396571,Martín Satriano,m-satriano,0.865,3
240195,Cucho Hernández,j-hernandez-suarez,37568657,Roberto Fernández,r-fernandez-jaen,0.851,4
240195,Cucho Hernández,j-hernandez-suarez,37678216,Christantus Uche,c-uche,0.85,5
240195,Cucho Hernández,j-hernandez-suarez,37297124,Abde Ezzalzouli,a-ezzalzouli,0.856,6
240195,Cucho Hernández,j-hernandez-suarez,31626779,Carlos Romero,c-romero-serrano,0.848,7
240195,Cucho Hernández,j-hernandez-suarez,5640849,Mohammed Kudus,m-kudus,0.847,8
240195,Cucho Hernández,j-hernandez-suarez,37666773,Adrián Liso,a-liso-lahoz,0.845,9
240195,Cucho Hernández,j-hernandez-suarez,37646866,Karl Etta Eyong,k-etta-eyong,0.852,10
12393293,Antony,a-dos-santos,37392849,Jaidon Anthony,j-anthony,0.881,1
12393293,Antony,a-dos-santos,1878,Marcus Rashford,m-rashford,0.862,2
12393293,Antony,a-dos-santos,96656,Nicolas Pépé,n-pepe,0.86,3
12393293,Antony,a-dos-santos,163190,Francisco Trincão,f-machado-mota-de-castro-trincao,0.847,4
12393293,Antony,a-dos-santos,23269740,Ansu Fati,a-fati,0.851,5
12393293,Antony,a-dos-santos,7346228,Rodrygo,r-silva-de-goes,0.851,6
12393293,Antony,a-dos-santos,19996814,Thiago Almada,t-almada,0.849,7
12393293,Antony,a-dos-santos,1849,Eric Bailly,e-bailly,0.847,8
12393293,Antony,a-dos-santos,25489,Sofyan Amrabat,s-amrabat,0.845,9
12393293,Antony,a-dos-santos,205635,Viktor Tsygankov,v-tsygankov,0.843,10
1314,Thibaut Courtois,t-courtois,159276,Jan Oblak,j-oblak,0.874,1
1314,Thibaut Courtois,t-courtois,187215,Unai Simón,u-simon-mendibil,0.856,2
1314,Thibaut Courtois,t-courtois,16475841,Joan García,j-pons,0.862,3
1314,Thibaut Courtois,t-courtois,5967970,Leo Román,l-roman-riquelme,0.86,4
1314,Thibaut Courtois,t-courtois,187110,Álex Remiro,a-remiro-gargallo,0.85,5
1314,Thibaut Courtois,t-courtois,186587,David Soria,d-soria-solis,0.847,6
1314,Thibaut Courtois,t-courtois,12394069,Logan Costa,l-costa,0.847,7
1314,Thibaut Courtois,t-courtois,34084,Gregor Kobel,g-kobel,0.844,8
1314,Thibaut Courtois,t-courtois,3130,David Raya,d-raya-martin,0.844,9
1314,Thibaut Courtois,t-courtois,155896,Vanja Milinković-Savić,v-milinkovi-savi,0.842,10
32728,Waldemar Anton,w-anton,25922235,Arthur Theate,a-theate,0.864,1
32728,Waldemar Anton,w-anton,31836,Jonathan Tah,j-tah,0.87,2
32728,Waldemar Anton,w-anton,31561,Matthias Ginter,m-ginter,0.861,3
32728,Waldemar Anton,w-anton,32525,Nico Elvedi,n-elvedi,0.858,4
32728,Waldemar Anton,w-anton,198230,Cédric Zesiger,c-zesiger,0.857,5
32728,Waldemar Anton,w-anton,31772,Niklas Stark,n-stark,0.863,6
32728,Waldemar Anton,w-anton,465580,Hiroki Ito,h-ito,0.862,7
32728,Waldemar Anton,w-anton,46982,Tobias Müller,t-muller,0.859,8
32728,Waldemar Anton,w-anton,37558984,Lukas Ullrich,l-ullrich,0.852,9
32728,Waldemar Anton,w-anton,37544409,Rav van den Berg,r-van-den-berg,0.858,10
23277923,Maximilian Beier,m-beier,46092,Ermedin Demirovic,e-demirovi,0.85,1
23277923,Maximilian Beier,m-beier,310486,Ritsu Doan,r-doan,0.85,2
23277923,Maximilian Beier,m-beier,97292,Martin Terrier,m-terrier,0.857,3
23277923,Maximilian Beier,m-beier,537629,Niklas Beste,j-beste,0.853,4
23277923,Maximilian Beier,m-beier,24817439,Fabian Rieder,f-rieder,0.851,5
23277923,Maximilian Beier,m-beier,3861826,Jordan Beyer,l-beyer,0.849,6
23277923,Maximilian Beier,m-beier,37590619,Nelson Weiper,n-weiper,0.849,7
23277923,Maximilian Beier,m-beier,459660,Romano Schmid,r-schmid,0.84,8
23277923,Maximilian Beier,m-beier,37645082,Ilyas Ansah,i-ansah,0.846,9
23277923,Maximilian Beier,m-beier,37566137,Ismaël Gharbi,i-gharbi,0.838,10
37581777,Jobe Bellingham,j-bellingham-37581777,37255840,Jude Bellingham,j-bellingham,0.89,1
37581777,Jobe Bellingham,j-bellingham-37581777,31626713,Carney Chukwuemeka,c-chukwuemeka,0.858,2
37581777,Jobe Bellingham,j-bellingham-37581777,2178933,Keven Schlotterbeck,k-schlotterbeck,0.857,3
37581777,Jobe Bellingham,j-bellingham-37581777,23277869,Malik Tillman,m-tillman,0.84,4
37581777,Jobe Bellingham,j-bellingham-37581777,34432365,Giovanni Reyna,g-reyna,0.839,5
37581777,Jobe Bellingham,j-bellingham-37581777,3862352,Nico Schlotterbeck,n-schlotterbeck,0.838,6
37581777,Jobe Bellingham,j-bellingham-37581777,37259163,Jarell Quansah,j-quansah,0.837,7
37581777,Jobe Bellingham,j-bellingham-37581777,21762194,Nicolai Remberg,n-remberg,0.836,8
37581777,Jobe Bellingham,j-bellingham-37581777,15040126,Karim Adeyemi,k-adeyemi,0.834,9
37581777,Jobe Bellingham,j-bellingham-37581777,459660,Romano Schmid,r-schmid,0.824,10
12394069,Logan Costa,l-costa,37588118,Alberto Costa,a-costa,0.894,1
12394069,Logan Costa,l-costa,36481676,Samú Costa,s-costa,0.893,2
12394069,Logan Costa,l-costa,163094,Diogo Costa,d-meireles-costa,0.884,3
12394069,Logan Costa,l-costa,4545389,Eric García,e-garcia,0.868,4
12394069,Logan Costa,l-costa,96741,Clément Lenglet,c-lenglet,0.868,5
12394069,Logan Costa,l-costa,37652784,Javi Rodríguez,j-rodriguez-galiano,0.872,6
12394069,Logan Costa,l-costa,37622162,Nobel Mendy,n-mendy-37622162,0.869,7
12394069,Logan Costa,l-costa,25922180,Álvaro Núñez,a-nunez-cobo,0.862,8
12394069,Logan Costa,l-costa,460160,Éder Militão,e-gabriel-militao,0.867,9
12394069,Logan Costa,l-costa,16837815,Jon Pacheco,j-pacheco-dozagarat,0.866,10
193196,Gabriel Gudmundsson,g-gudmundsson,28454,Albert Gudmundsson,a-gudmundsson,0.89,1
193196,Gabriel Gudmundsson,g-gudmundsson,11720838,Neco Williams,n-williams,0.863,2
193196,Gabriel Gudmundsson,g-gudmundsson,37685630,El Hadji Malick Diouf,e-diouf,0.848,3
193196,Gabriel Gudmundsson,g-gudmundsson,7026573,Djed Spence,d-spence-7026573,0.848,4
193196,Gabriel Gudmundsson,g-gudmundsson,37376834,Nicolò Savona,n-savona,0.845,5
193196,Gabriel Gudmundsson,g-gudmundsson,84528,Rasmus Kristensen,r-kristensen,0.844,6
193196,Gabriel Gudmundsson,g-gudmundsson,95368,Lucas Digne,l-digne,0.85,7
193196,Gabriel Gudmundsson,g-gudmundsson,25738,Ferdi Kadıoğlu,f-kadioglu,0.842,8
193196,Gabriel Gudmundsson,g-gudmundsson,6524,Matty Cash,m-cash,0.84,9
193196,Gabriel Gudmundsson,g-gudmundsson,25400,Kenny Tete,k-tete,0.839,10
129860,Edoardo Goldaniga,e-goldaniga,518833,Matteo Gabbia,m-gabbia,0.859,1
129860,Edoardo Goldaniga,e-goldaniga,28931733,Odilon Kossounou,k-odilon,0.852,2
129860,Edoardo Goldaniga,e-goldaniga,220040,Yerry Mina,y-mina-gonzalez,0.855,3
129860,Edoardo Goldaniga,e-goldaniga,2816035,Emanuele Valeri,e-valeri,0.854,4
129860,Edoardo Goldaniga,e-goldaniga,37590699,Daniele Ghilardi,d-ghilardi,0.853,5
129860,Edoardo Goldaniga,e-goldaniga,129855,Emil Audero,e-audero-mulyadi,0.844,6
129860,Edoardo Goldaniga,e-goldaniga,14337998,Enrico Delprato,e-del-prato,0.842,7
129860,Edoardo Goldaniga,e-goldaniga,198062,Manuel Akanji,m-akanji,0.841,8
129860,Edoardo Goldaniga,e-goldaniga,36681,Marin Pongracic,m-pongracic,0.841,9
129860,Edoardo Goldaniga,e-goldaniga,129968,Sebastiano Luperto,s-luperto,0.847,10
37656089,Jacobo Ramón,j-naveros,49420,Amir Rrahmani,a-rrahmani,0.885,1
37656089,Jacobo Ramón,j-naveros,529960,Oumar Solet,o-solet-bomawoko,0.863,2
37656089,Jacobo Ramón,j-naveros,37402078,José Ángel Carmona,jose-angel-carmona,0.86,3
37656089,Jacobo Ramón,j-naveros,4545389,Eric García,e-garcia,0.858,4
37656089,Jacobo Ramón,j-naveros,7655,Lloyd Kelly,l-kelly,0.855,5
37656089,Jacobo Ramón,j-naveros,19988737,David Carmo,d-veiga-teixeira-carmo,0.862,6
37656089,Jacobo Ramón,j-naveros,1525399,Johan Vásquez,j-vasquez-ibarra,0.854,7
37656089,Jacobo Ramón,j-naveros,132259,Gianluca Mancini,g-mancini,0.852,8
37656089,Jacobo Ramón,j-naveros,13591496,Carlos Augusto,c-zopalato-neves,0.858,9
37656089,Jacobo Ramón,j-naveros,37529525,Tarik Muharemović,t-muharemovic,0.851,10
1744,Pierre-Emile Højbjerg,p-hojbjerg,937,Nabil Bentaleb,n-bentaleb,0.885,1
1744,Pierre-Emile Højbjerg,p-hojbjerg,540189,Morten Hjulmand,m-hjulmand,0.862,2
1744,Pierre-Emile Højbjerg,p-hojbjerg,916,Eric Dier,e-dier,0.866,3
1744,Pierre-Emile Højbjerg,p-hojbjerg,37917909,Mathias Jensen,m-jensen-37917909,0.866,4
1744,Pierre-Emile Højbjerg,p-hojbjerg,333797,Rodrigo Bentancur,r-bentancur-colman,0.856,5
1744,Pierre-Emile Højbjerg,p-hojbjerg,84426,Mathias Jensen,m-jensen-84426,0.86,6
1744,Pierre-Emile Højbjerg,p-hojbjerg,13155985,Charles Vanhoutte,c-vanhoutte,0.857,7
1744,Pierre-Emile Højbjerg,p-hojbjerg,4545404,Khéphren Thuram,k-thuram-ulien,0.857,8
1744,Pierre-Emile Højbjerg,p-hojbjerg,5270371,Aurélien Tchouaméni,a-tchouameni,0.847,9
1744,Pierre-Emile Højbjerg,p-hojbjerg,96290,Valentin Rongier,v-rongier,0.846,10
20333643,Mason Greenwood,m-greenwood,23269740,Ansu Fati,a-fati,0.855,1
20333643,Mason Greenwood,m-greenwood,1878,Marcus Rashford,m-rashford,0.848,2
20333643,Mason Greenwood,m-greenwood,37316549,Alejandro Garnacho,a-garnacho,0.843,3
20333643,Mason Greenwood,m-greenwood,37647009,Endrick,e-moreira-de-sousa,0.843,4
20333643,Mason Greenwood,m-greenwood,432872,Randal Kolo Muani,r-kolo-muani,0.842,5
20333643,Mason Greenwood,m-greenwood,37590938,Désiré Doué,d-doue,0.841,6
20333643,Mason Greenwood,m-greenwood,32403,Ousmane Dembélé,o-dembele,0.84,7
20333643,Mason Greenwood,m-greenwood,21072805,Rayan Cherki,m-cherki,0.838,8
20333643,Mason Greenwood,m-greenwood,1992,Paul Pogba,p-pogba,0.827,9
20333643,Mason Greenwood,m-greenwood,37652750,Matías Fernández-Pardo,m-fernandez-pardo-37652750,0.833,10
37656924,Josh King,j-king,538850,Mike Tresor,m-ndayishimiye,0.838,1
37656924,Josh King,j-king,37575228,Antoni Milambo,a-milambo,0.837,2
37656924,Josh King,j-king,37583548,Tom Watson,t-watson,0.834,3
37656924,Josh King,j-king,4592198,Morgan Rogers,m-rogers,0.833,4
37656924,Josh King,j-king,26803,Justin Kluivert,j-kluivert,0.84,5
37656924,Josh King,j-king,540613,Kiernan Dewsbury-Hall,k-dewsbury-hall,0.831,6
37656924,Josh King,j-king,28552845,Keane Lewis-Potter,k-lewis-potter,0.837,7
37656924,Josh King,j-king,7026573,Djed Spence,d-spence-7026573,0.827,8
37656924,Josh King,j-king,172611,John McGinn,j-mcginn,0.835,9
37656924,Josh King,j-king,37550443,Alex Scott,a-scott,0.826,10
97669,Nordi Mukiele,n-mukiele-mulere,22536030,Bafodé Diakité,b-diakite,0.854,1
97669,Nordi Mukiele,n-mukiele-mulere,11720838,Neco Williams,n-williams,0.852,2
97669,Nordi Mukiele,n-mukiele-mulere,4598710,Tyrick Mitchell,t-mitchell,0.849,3
97669,Nordi Mukiele,n-mukiele-mulere,28543553,Adrien Truffert,a-truffert,0.849,4
97669,Nordi Mukiele,n-mukiele-mulere,448448,Marc Cucurella,m-cucurella,0.845,5
97669,Nordi Mukiele,n-mukiele-mulere,33685,Dayot Upamecano,d-upamecano,0.852,6
97669,Nordi Mukiele,n-mukiele-mulere,100556,Ibrahima Konaté,i-konate,0.844,7
97669,Nordi Mukiele,n-mukiele-mulere,53625,Amadou Haidara,a-haidara,0.843,8
97669,Nordi Mukiele,n-mukiele-mulere,178032,Nikola Milenković,n-milenkovi,0.843,9
97669,Nordi Mukiele,n-mukiele-mulere,8456257,Pedro Porro,p-porro-sauceda,0.84,10
35364,Robin Koch,r-koch,766659,Edmond Tapsoba,e-tapsoba,0.884,1
35364,Robin Koch,r-koch,31836,Jonathan Tah,j-tah,0.878,2
35364,Robin Koch,r-koch,3862352,Nico Schlotterbeck,n-schlotterbeck,0.877,3
35364,Robin Koch,r-koch,32525,Nico Elvedi,n-elvedi,0.867,4
35364,Robin Koch,r-koch,31561,Matthias Ginter,m-ginter,0.867,5
35364,Robin Koch,r-koch,34084,Gregor Kobel,g-kobel,0.866,6
35364,Robin Koch,r-koch,37558984,Lukas Ullrich,l-ullrich,0.863,7
35364,Robin Koch,r-koch,10279739,Loïc Badé,l-bade,0.869,8
35364,Robin Koch,r-koch,37259163,Jarell Quansah,j-quansah,0.868,9
35364,Robin Koch,r-koch,198230,Cédric Zesiger,c-zesiger,0.861,10
2483333,Ridle Baku,r-baku,37400407,Johan Bakayoko,j-bakayoko,0.869,1
2483333,Ridle Baku,r-baku,3861479,Felix Agu,f-agu,0.862,2
2483333,Ridle Baku,r-baku,37700699,Keita Kosugi,k-kosugi,0.849,3
2483333,Ridle Baku,r-baku,36119,David Raum,d-raum,0.849,4
2483333,Ridle Baku,r-baku,32384,Maximilian Mittelstädt,m-mittelstadt,0.856,5
2483333,Ridle Baku,r-baku,37661898,Leon Avdullahu,l-avdullahu,0.842,6
2483333,Ridle Baku,r-baku,37344301,Albian Hajdari,a-hajdari,0.849,7
2483333,Ridle Baku,r-baku,26860,Danilho Doekhi,d-doekhi,0.837,8
2483333,Ridle Baku,r-baku,33770,Stefan Posch,s-posch,0.844,9
2483333,Ridle Baku,r-baku,37558978,Mio Backhaus,m-backhaus,0.844,10
7643,Eberechi Eze,e-eze,37350704,Adam Wharton,a-wharton,0.85,1
7643,Eberechi Eze,e-eze,28912747,Cole Palmer,c-palmer,0.855,2
7643,Eberechi Eze,e-eze,96950,Jean-Philippe Mateta,j-mateta,0.847,3
7643,Eberechi Eze,e-eze,24799984,Michael Olise,m-olise,0.854,4
7643,Eberechi Eze,e-eze,37288979,Hugo Ekitiké,h-ekitike,0.852,5
7643,Eberechi Eze,e-eze,80655,Tomáš Souček,t-souek,0.852,6
7643,Eberechi Eze,e-eze,186660,Emiliano Buendía,e-buendia,0.849,7
7643,Eberechi Eze,e-eze,37536911,Omari Hutchinson,o-giraud-hutchinson,0.848,8
7643,Eberechi Eze,e-eze,529689,Bryan Mbeumo,b-mbeumo,0.838,9
7643,Eberechi Eze,e-eze,1494446,Emile Smith Rowe,e-smith-rowe,0.846,10
97811,Gabriel Magalhães,g-dos-santos-magalhaes,37737620,Tiago Gabriel,t-coelho-oliveira,0.906,1
97811,Gabriel Magalhães,g-dos-santos-magalhaes,17544737,William Saliba,w-saliba,0.869,2
97811,Gabriel Magalhães,g-dos-santos-magalhaes,37295961,Gabriel Pereira,g-pereira-magalhaes-dos-santos,0.869,3
97811,Gabriel Magalhães,g-dos-santos-magalhaes,4536500,Marc Guéhi,m-guehi,0.862,4
97811,Gabriel Magalhães,g-dos-santos-magalhaes,5273,Declan Rice,d-rice,0.849,5
97811,Gabriel Magalhães,g-dos-santos-magalhaes,5270466,J. Timber,j-timber,0.849,6
97811,Gabriel Magalhães,g-dos-santos-magalhaes,16827155,Bukayo Saka,b-saka,0.847,7
97811,Gabriel Magalhães,g-dos-santos-magalhaes,100556,Ibrahima Konaté,i-konate,0.84,8
97811,Gabriel Magalhães,g-dos-santos-magalhaes,162536,Rúben Dias,r-santos-gato-alves-dias,0.838,9
97811,Gabriel Magalhães,g-dos-santos-magalhaes,530762,Martín Zubimendi,m-zubimendi-ibanez,0.837,10
62374,Clinton Mata,c-mata-pedro-lourenco,523939,Orel Mangala,o-mangala,0.858,1
62374,Clinton Mata,c-mata-pedro-lourenco,159372,André Gomes,a-tavares-gomes,0.849,2
62374,Clinton Mata,c-mata-pedro-lourenco,98711,Ruben Aguilar,r-aguilar,0.849,3
62374,Clinton Mata,c-mata-pedro-lourenco,12394069,Logan Costa,l-costa,0.837,4
62374,Clinton Mata,c-mata-pedro-lourenco,37947728,Tylel Tati,t-tati,0.836,5
62374,Clinton Mata,c-mata-pedro-lourenco,52573,Duje Caleta-Car,d-aleta-car,0.844,6
62374,Clinton Mata,c-mata-pedro-lourenco,335521,Facundo Medina,f-medina-335521,0.842,7
62374,Clinton Mata,c-mata-pedro-lourenco,186797,Lucas Hernández,l-hernandez-pi,0.841,8
62374,Clinton Mata,c-mata-pedro-lourenco,37729609,Pedro Lima,p-cardoso-de-lima,0.838,9
62374,Clinton Mata,c-mata-pedro-lourenco,4545430,Vitinha,v-machado-ferreira,0.829,10
98874,Moussa Niakhaté,m-niakhate,101045,Sikou Niakaté,s-niakate,0.917,1
98874,Moussa Niakhaté,m-niakhate,21802856,Arouna Sangante,a-sangante,0.89,2
98874,Moussa Niakhaté,m-niakhate,22536030,Bafodé Diakité,b-diakite,0.876,3
98874,Moussa Niakhaté,m-niakhate,21762216,Malick Thiaw,m-thiaw,0.875,4
98874,Moussa Niakhaté,m-niakhate,96715,Brendan Chardonnet,b-chardonnet,0.872,5
98874,Moussa Niakhaté,m-niakhate,37631909,Jérémy Jacquet,j-jacquet,0.87,6
98874,Moussa Niakhaté,m-niakhate,26336812,Anthony Rouault,a-rouault,0.875,7
98874,Moussa Niakhaté,m-niakhate,37336993,Soumaïla Coulibaly,s-coulibaly,0.874,8
98874,Moussa Niakhaté,m-niakhate,37289235,Clément Akpa,c-akpa,0.867,9
98874,Moussa Niakhaté,m-niakhate,100556,Ibrahima Konaté,i-konate,0.862,10
34880,Robert Andrich,r-andrich,37661898,Leon Avdullahu,l-avdullahu,0.862,1
34880,Robert Andrich,r-andrich,37650509,Bence Dárdai,b-dardai,0.857,2
34880,Robert Andrich,r-andrich,37266405,Denis Huseinbasic,d-huseinbasic,0.863,3
34880,Robert Andrich,r-andrich,32728,Waldemar Anton,w-anton,0.855,4
34880,Robert Andrich,r-andrich,37582044,Aleksandar Pavlovic,a-pavlovi,0.862,5
34880,Robert Andrich,r-andrich,459660,Romano Schmid,r-schmid,0.854,6
34880,Robert Andrich,r-andrich,43502,Niklas Dorsch,n-dorsch,0.861,7
34880,Robert Andrich,r-andrich,24817439,Fabian Rieder,f-rieder,0.861,8
34880,Robert Andrich,r-andrich,37582217,Tom Bischof,t-bischof,0.86,9
34880,Robert Andrich,r-andrich,37266099,Rocco Reitz,r-reitz,0.86,10
25355,Arkadiusz Milik,a-milik,129072,Piotr Zieliński,p-zieliski,0.853,1
25355,Arkadiusz Milik,a-milik,30178,Gianluca Scamacca,g-scamacca,0.837,2
25355,Arkadiusz Milik,a-milik,3188026,Anastasios Douvikas,a-douvikas,0.834,3
25355,Arkadiusz Milik,a-milik,436159,M'Bala Nzola,m-nzola,0.834,4
25355,Arkadiusz Milik,a-milik,186965,Rafa Mir,r-mir-vicente,0.822,5
25355,Arkadiusz Milik,a-milik,37712530,Idrissa Gueye,i-gueye-37712530,0.819,6
25355,Arkadiusz Milik,a-milik,96884,Christopher Nkunku,c-nkunku,0.818,7
25355,Arkadiusz Milik,a-milik,95844,Alassane Pléa,a-plea,0.817,8
25355,Arkadiusz Milik,a-milik,37537580,Agustín Álvarez,a-alvarez-martinez,0.825,9
25355,Arkadiusz Milik,a-milik,37483225,Amin Sarr,a-sarr,0.825,10
8204,Yuri Berchiche,y-berchiche-izeta,186585,Álex Moreno,a-moreno-lopera,0.831,1
8204,Yuri Berchiche,y-berchiche-izeta,98079,Valentin Rosier,v-rosier,0.838,2
8204,Yuri Berchiche,y-berchiche-izeta,21539177,Víctor García,v-garcia-raja,0.835,3
8204,Yuri Berchiche,y-berchiche-izeta,190049,Javi Galán,j-galan-gil,0.834,4
8204,Yuri Berchiche,y-berchiche-izeta,532358,Adrià Pedrosa,a-giner-pedrosa,0.833,5
8204,Yuri Berchiche,y-berchiche-izeta,98903,Ferland Mendy,f-mendy,0.83,6
8204,Yuri Berchiche,y-berchiche-izeta,24837941,Matteo Ruggeri,m-ruggeri,0.827,7
8204,Yuri Berchiche,y-berchiche-izeta,98711,Ruben Aguilar,r-aguilar,0.827,8
8204,Yuri Berchiche,y-berchiche-izeta,37402078,José Ángel Carmona,jose-angel-carmona,0.818,9
8204,Yuri Berchiche,y-berchiche-izeta,25734,Calvin Verdonk,c-verdonk,0.826,10
21427714,Robert Navarro,r-navarro-munoz,37714190,Pau Navarro,p-navarro-badenes,0.908,1
21427714,Robert Navarro,r-navarro-munoz,448116,Fran Navarro,f-navarro-aliaga,0.897,2
21427714,Robert Navarro,r-navarro-munoz,37595819,Víctor Muñoz,v-munoz-villanueva,0.857,3
21427714,Robert Navarro,r-navarro-munoz,37598148,Joel Roca,j-roca-casals,0.855,4
21427714,Robert Navarro,r-navarro-munoz,37316483,Diego López,d-lopez-noguerol,0.851,5
21427714,Robert Navarro,r-navarro-munoz,447094,Jorge de Frutos,j-de-frutos-sebastian,0.85,6
21427714,Robert Navarro,r-navarro-munoz,448290,Javi Puado,j-puado-diaz,0.85,7
21427714,Robert Navarro,r-navarro-munoz,37630463,Wesley,w-gassova-ribeiro-teixeira,0.849,8
21427714,Robert Navarro,r-navarro-munoz,7698436,Álex Baena,a-rodriguez,0.849,9
21427714,Robert Navarro,r-navarro-munoz,22859283,Ferran Jutglà,f-jutlga-blanc,0.847,10
96030,Brice Samba,b-samba,17187774,Lucas Chevalier,l-chevalier,0.878,1
96030,Brice Samba,b-samba,37608935,Robin Risser,r-risser,0.862,2
96030,Brice Samba,b-samba,37590621,Mike Penders,m-penders,0.858,3
96030,Brice Samba,b-samba,181184,Dominik Greif,d-greif,0.858,4
96030,Brice Samba,b-samba,204877,Berke Özer,b-ozer,0.853,5
96030,Brice Samba,b-samba,99157,Yehvann Diouf,y-diouf,0.852,6
96030,Brice Samba,b-samba,37584869,Guillaume Restes,g-restes,0.848,7
96030,Brice Samba,b-samba,97706,Jean Butez,j-butez,0.847,8
96030,Brice Samba,b-samba,156566,Radoslaw Majecki,r-majecki,0.854,9
96030,Brice Samba,b-samba,197704,Yvon Mvogo,y-mvogo,0.853,10
96610,Ludovic Blas,l-blas,10990739,Sofiane Diop,s-diop,0.857,1
96610,Ludovic Blas,l-blas,97439,Romain Del Castillo,r-del-castillo,0.855,2
96610,Ludovic Blas,l-blas,96733,Gauthier Hein,g-hein,0.851,3
96610,Ludovic Blas,l-blas,37656842,Quentin Ndjantou,q-ndjantou-mbitcha,0.849,4
96610,Ludovic Blas,l-blas,37541144,Bilal Nadir,b-nadir,0.849,5
96610,Ludovic Blas,l-blas,4237,Florian Thauvin,f-thauvin,0.848,6
96610,Ludovic Blas,l-blas,37592734,Diego Moreira,d-da-silva-moreira,0.839,7
96610,Ludovic Blas,l-blas,32796138,Félix Correia,f-sanches-correia,0.843,8
96610,Ludovic Blas,l-blas,37328128,Matthis Abline,m-abline,0.842,9
96610,Ludovic Blas,l-blas,37726575,Ibrahim Mbaye,i-mbaye,0.838,10
527765,Mahdi Camara,m-camara-527765,37642676,Lamine Camara,l-camara,0.954,1
527765,Mahdi Camara,m-camara-527765,37336999,Abdoulaye Kamara,a-kamara-37336999,0.886,2
527765,Mahdi Camara,m-camara-527765,37622174,Abdoul Ouattara,g-ouattara,0.875,3
527765,Mahdi Camara,m-camara-527765,97626,Boubacar Kamara,b-kamara,0.863,4
527765,Mahdi Camara,m-camara-527765,53625,Amadou Haidara,a-haidara,0.859,5
527765,Mahdi Camara,m-camara-527765,37536953,Mamadou Sangaré,m-sangare,0.865,6
527765,Mahdi Camara,m-camara-527765,37316428,Sinaly Diomandé,s-diomande,0.863,7
527765,Mahdi Camara,m-camara-527765,37529619,Ismaël Doukouré,i-doukoure,0.863,8
527765,Mahdi Camara,m-camara-527765,37692095,Samir El Mourabet,s-el-mourabet,0.862,9
527765,Mahdi Camara,m-camara-527765,466425,Cristian Cásseres Jr.,c-casseres-yepes,0.861,10
13187047,Estéban Lepaul,e-lepaul,96792,Odsonne Édouard,o-edouard,0.876,1
13187047,Estéban Lepaul,e-lepaul,37663291,Joaquín Panichelli,j-panichelli,0.858,2
13187047,Estéban Lepaul,e-lepaul,7691269,Lassine Sinayoko,l-sinayoko,0.85,3
13187047,Estéban Lepaul,e-lepaul,96723,Habib Diallo,h-diallo,0.853,4
13187047,Estéban Lepaul,e-lepaul,4969702,Folarin Balogun,f-balogun,0.852,5
13187047,Estéban Lepaul,e-lepaul,37562510,Hamza Igamane,i-hamza,0.852,6
13187047,Estéban Lepaul,e-lepaul,24817375,Johann Lepenant,j-lepenant,0.851,7
13187047,Estéban Lepaul,e-lepaul,37726575,Ibrahim Mbaye,i-mbaye,0.849,8
13187047,Estéban Lepaul,e-lepaul,37656842,Quentin Ndjantou,q-ndjantou-mbitcha,0.848,9
13187047,Estéban Lepaul,e-lepaul,37660433,Herba Guirassy,b-guirassy,0.847,10
32384,Maximilian Mittelstädt,m-mittelstadt,84528,Rasmus Kristensen,r-kristensen,0.875,1
32384,Maximilian Mittelstädt,m-mittelstadt,36119,David Raum,d-raum,0.871,2
32384,Maximilian Mittelstädt,m-mittelstadt,3862352,Nico Schlotterbeck,n-schlotterbeck,0.874,3
32384,Maximilian Mittelstädt,m-mittelstadt,37700699,Keita Kosugi,k-kosugi,0.868,4
32384,Maximilian Mittelstädt,m-mittelstadt,62502,Ramy Bensebaini,r-bensebaini,0.872,5
32384,Maximilian Mittelstädt,m-mittelstadt,23269627,Chrislain Matsima,c-matsima,0.872,6
32384,Maximilian Mittelstädt,m-mittelstadt,8056287,Maik Nawrocki,m-nawrocki,0.871,7
32384,Maximilian Mittelstädt,m-mittelstadt,37558984,Lukas Ullrich,l-ullrich,0.862,8
32384,Maximilian Mittelstädt,m-mittelstadt,31626002,Alexander Prass,a-prass,0.86,9
32384,Maximilian Mittelstädt,m-mittelstadt,37650664,Finn Jeltsch,f-jeltsch,0.865,10
12426453,Jamie Leweling,j-leweling,1494225,Nathan Tella,n-tella,0.866,1
12426453,Jamie Leweling,j-leweling,310486,Ritsu Doan,r-doan,0.857,2
12426453,Jamie Leweling,j-leweling,27441544,Tim Lemperle,t-lemperle,0.863,3
12426453,Jamie Leweling,j-leweling,37755719,Alexander Røssing-Lelesiit,a-rossing-lelesiit,0.859,4
12426453,Jamie Leweling,j-leweling,41077,Deniz Undav,d-undav,0.858,5
12426453,Jamie Leweling,j-leweling,96307,Franck Honorat,f-honorat,0.858,6
12426453,Jamie Leweling,j-leweling,34987,Tim Kleindienst,t-kleindienst,0.847,7
12426453,Jamie Leweling,j-leweling,97292,Martin Terrier,m-terrier,0.854,8
12426453,Jamie Leweling,j-leweling,31913,Vincenzo Grifo,v-grifo,0.854,9
12426453,Jamie Leweling,j-leweling,37566137,Ismaël Gharbi,i-gharbi,0.847,10
37719250,Alex Marchal,a-marchal-garcia,23278709,Felix Mambimbi,f-mambimbi,0.987,1
37719250,Alex Marchal,a-marchal-garcia,160099,Witiness Quembo,w-quembo,0.982,2
37719250,Alex Marchal,a-marchal-garcia,37715814,Pablo Ruan,p-messias-cardozo,0.975,3
37719250,Alex Marchal,a-marchal-garcia,29282,Thomas Buitink,t-buitink,0.973,4
37719250,Alex Marchal,a-marchal-garcia,133364,Gabriel Strefezza,g-strefezza-rebelato,0.972,5
37719250,Alex Marchal,a-marchal-garcia,7698445,Cedric Wilfried Teguia Noubi,c-teguia-noubi,0.972,6
37719250,Alex Marchal,a-marchal-garcia,2823522,B. Kimpioka,b-mbunga-kimpioka,0.972,7
37719250,Alex Marchal,a-marchal-garcia,37583801,Shavy Babicka,w-shavy,0.972,8
37719250,Alex Marchal,a-marchal-garcia,74128,J. Aguilar,j-aguilar,0.971,9
37719250,Alex Marchal,a-marchal-garcia,37316986,Wilfried Gnonto,d-gnonto,0.969,10
186358,Álvaro García,a-garcia-rivera,35281051,Raúl García,r-garcia-de-haro,0.94,1
186358,Álvaro García,a-garcia-rivera,37593253,Gonzalo García,g-garcia-torres,0.93,2
186358,Álvaro García,a-garcia-rivera,4545389,Eric García,e-garcia,0.899,3
186358,Álvaro García,a-garcia-rivera,21539177,Víctor García,v-garcia-raja,0.903,4
186358,Álvaro García,a-garcia-rivera,16475841,Joan García,j-pons,0.889,5
186358,Álvaro García,a-garcia-rivera,537666,Fran García,f-garcia-torres,0.887,6
186358,Álvaro García,a-garcia-rivera,37568657,Roberto Fernández,r-fernandez-jaen,0.876,7
186358,Álvaro García,a-garcia-rivera,37656468,Andrés García,a-garcia-robledo,0.875,8
186358,Álvaro García,a-garcia-rivera,215532,Nico González,n-gonzalez,0.864,9
186358,Álvaro García,a-garcia-rivera,4574,Aleix García,a-garcia-serrano,0.857,10
20716664,Samuele Ricci,s-ricci,37570091,Amir Richardson,a-richardson,0.891,1
20716664,Samuele Ricci,s-ricci,37545384,Máximo Perrone,m-perrone,0.879,2
20716664,Samuele Ricci,s-ricci,129890,Manuel Locatelli,m-locatelli,0.868,3
20716664,Samuele Ricci,s-ricci,129447,Alberto Grassi,a-grassi,0.873,4
20716664,Samuele Ricci,s-ricci,37599458,Cristian Volpato,c-volpato,0.871,5
20716664,Samuele Ricci,s-ricci,129467,Bryan Cristante,b-cristante,0.864,6
20716664,Samuele Ricci,s-ricci,4536538,Nicolò Fagioli,n-fagioli,0.867,7
20716664,Samuele Ricci,s-ricci,73603,Mario Pašalić,m-paali,0.865,8
20716664,Samuele Ricci,s-ricci,5270451,Jurgen Ekkelenkamp,j-ekkelenkamp,0.864,9
20716664,Samuele Ricci,s-ricci,198220,Michel Aebischer,m-aebischer,0.857,10
37643538,Davide Bartesaghi,d-bartesaghi,37904226,Sascha Britschgi,s-britschgi,0.877,1
37643538,Davide Bartesaghi,d-bartesaghi,37257793,Nadir Zortea,n-zortea,0.875,2
37643538,Davide Bartesaghi,d-bartesaghi,133797,Alessandro Bastoni,a-bastoni,0.858,3
37643538,Davide Bartesaghi,d-bartesaghi,37560881,Rafik Belghali,r-belghali,0.864,4
37643538,Davide Bartesaghi,d-bartesaghi,37653289,Marco Palestra,m-palestra,0.853,5
37643538,Davide Bartesaghi,d-bartesaghi,25930741,Emil Holm,e-holm,0.855,6
37643538,Davide Bartesaghi,d-bartesaghi,219486,Dodô,d-cordeiro-dos-santos,0.847,7
37643538,Davide Bartesaghi,d-bartesaghi,10967415,Alessandro Zanoli,a-zanoli,0.852,8
37643538,Davide Bartesaghi,d-bartesaghi,37590699,Daniele Ghilardi,d-ghilardi,0.852,9
37643538,Davide Bartesaghi,d-bartesaghi,14726357,Pierre Kalulu,p-kalulu-kyatengwa,0.844,10
109417,Konstantinos Mavropanos,k-mavropanos,37328010,Konstantinos Koulierakis,k-koulierakis,0.858,1
109417,Konstantinos Mavropanos,k-mavropanos,17544737,William Saliba,w-saliba,0.85,2
109417,Konstantinos Mavropanos,k-mavropanos,21762216,Malick Thiaw,m-thiaw,0.845,3
109417,Konstantinos Mavropanos,k-mavropanos,22536030,Bafodé Diakité,b-diakite,0.844,4
109417,Konstantinos Mavropanos,k-mavropanos,4536500,Marc Guéhi,m-guehi,0.844,5
109417,Konstantinos Mavropanos,k-mavropanos,8403613,Jakub Kiwior,j-kiwior,0.842,6
109417,Konstantinos Mavropanos,k-mavropanos,37261923,Emmanuel Agbadou,e-agbadou,0.849,7
109417,Konstantinos Mavropanos,k-mavropanos,11658171,Sepp van den Berg,s-van-den-berg,0.841,8
109417,Konstantinos Mavropanos,k-mavropanos,37285874,Georgios Vagiannidis,g-vagiannidis,0.846,9
109417,Konstantinos Mavropanos,k-mavropanos,98874,Moussa Niakhaté,m-niakhate,0.837,10
9939203,Crysencio Summerville,c-summerville,30062,Cody Gakpo,c-gakpo,0.868,1
9939203,Crysencio Summerville,c-summerville,5640849,Mohammed Kudus,m-kudus,0.859,2
9939203,Crysencio Summerville,c-summerville,37655226,Yankuba Minteh,y-minteh,0.856,3
9939203,Crysencio Summerville,c-summerville,540027,Calvin Bassey,c-bassey,0.853,4
9939203,Crysencio Summerville,c-summerville,23311159,Ian Maatsen,i-maatsen,0.86,5
9939203,Crysencio Summerville,c-summerville,3156873,Tijjani Reijnders,t-reijnders,0.853,6
9939203,Crysencio Summerville,c-summerville,27067062,Kevin Schade,k-schade,0.849,7
9939203,Crysencio Summerville,c-summerville,37543248,Dango Ouattara,dango-ouattara,0.855,8
9939203,Crysencio Summerville,c-summerville,32792,Jacob Bruun Larsen,j-bruun-larsen,0.855,9
9939203,Crysencio Summerville,c-summerville,4552689,Brenden Aaronson,b-aaronson,0.848,10
204877,Berke Özer,b-ozer,37608935,Robin Risser,r-risser,0.884,1
204877,Berke Özer,b-ozer,37590621,Mike Penders,m-penders,0.864,2
204877,Berke Özer,b-ozer,181184,Dominik Greif,d-greif,0.859,3
204877,Berke Özer,b-ozer,97706,Jean Butez,j-butez,0.859,4
204877,Berke Özer,b-ozer,37584869,Guillaume Restes,g-restes,0.856,5
204877,Berke Özer,b-ozer,96030,Brice Samba,b-samba,0.853,6
204877,Berke Özer,b-ozer,17187774,Lucas Chevalier,l-chevalier,0.853,7
204877,Berke Özer,b-ozer,27067136,Diant Ramaj,d-ramaj,0.845,8
204877,Berke Özer,b-ozer,32811,Timon Wellenreuther,t-wellenreuther,0.845,9
204877,Berke Özer,b-ozer,26393,André Onana,a-onana,0.844,10
32777470,Hákon Arnar Haraldsson,h-haraldsson,16466810,Isak Jansson,i-jansson,0.865,1
32777470,Hákon Arnar Haraldsson,h-haraldsson,455796,Aron Dønnum,a-donnum,0.853,2
32777470,Hákon Arnar Haraldsson,h-haraldsson,37622174,Abdoul Ouattara,g-ouattara,0.853,3
32777470,Hákon Arnar Haraldsson,h-haraldsson,23310980,Ísak Jóhannesson,i-johannesson,0.852,4
32777470,Hákon Arnar Haraldsson,h-haraldsson,28454,Albert Gudmundsson,a-gudmundsson,0.849,5
32777470,Hákon Arnar Haraldsson,h-haraldsson,24469162,Pavel Sulc,p-ulc,0.846,6
32777470,Hákon Arnar Haraldsson,h-haraldsson,96348,Adrien Thomasson,a-thomasson,0.846,7
32777470,Hákon Arnar Haraldsson,h-haraldsson,25116,Sam Larsson,s-larsson,0.845,8
32777470,Hákon Arnar Haraldsson,h-haraldsson,37541144,Bilal Nadir,b-nadir,0.845,9
32777470,Hákon Arnar Haraldsson,h-haraldsson,37580230,Kamory Doumbia,k-doumbia,0.843,10
31000,Robert Lewandowski,r-lewandowski,96611,Kylian Mbappé,k-mbappe,0.843,1
31000,Robert Lewandowski,r-lewandowski,154421,Erling Haaland,e-haaland,0.841,2
31000,Robert Lewandowski,r-lewandowski,333594,Lautaro Martínez,l-martinez,0.834,3
31000,Robert Lewandowski,r-lewandowski,448389,Ferran Torres,f-torres-garcia,0.838,4
31000,Robert Lewandowski,r-lewandowski,997,Harry Kane,h-kane,0.837,5
31000,Robert Lewandowski,r-lewandowski,31739,Pierre-Emerick Aubameyang,p-aubameyang,0.837,6
31000,Robert Lewandowski,r-lewandowski,25514,Alexander Sørloth,a-sorloth,0.829,7
31000,Robert Lewandowski,r-lewandowski,455805,Victor Osimhen,v-osimhen,0.817,8
31000,Robert Lewandowski,r-lewandowski,24818280,Benjamin Sesko,b-eko,0.823,9
31000,Robert Lewandowski,r-lewandowski,461664,Alexandre Zurawski,a-zurawski,0.82,10
37656790,Pau Cubarsí,p-cubarsi-paredes,37612542,Dean Huijsen,d-huijsen,0.862,1
37656790,Pau Cubarsí,p-cubarsi-paredes,4545453,Víctor Chust,v-chust-garcia,0.858,2
37656790,Pau Cubarsí,p-cubarsi-paredes,4545389,Eric García,e-garcia,0.848,3
37656790,Pau Cubarsí,p-cubarsi-paredes,25922180,Álvaro Núñez,a-nunez-cobo,0.845,4
37656790,Pau Cubarsí,p-cubarsi-paredes,37596373,Raúl Asencio,r-asencio-del-rosario,0.851,5
37656790,Pau Cubarsí,p-cubarsi-paredes,21803152,Pep Chavarría,j-chavarria-perez,0.843,6
37656790,Pau Cubarsí,p-cubarsi-paredes,37537864,Álvaro Carreras,a-carreras,0.846,7
37656790,Pau Cubarsí,p-cubarsi-paredes,21781710,Abdel Abqar,a-abqar,0.845,8
37656790,Pau Cubarsí,p-cubarsi-paredes,37584217,Marc Casadó,m-casado-torras,0.844,9
37656790,Pau Cubarsí,p-cubarsi-paredes,34422783,Mikel Jauregizar,m-jauregizar-alboniga,0.834,10
163210,Florentino,f-morris-luis,335653,Nicolás Domínguez,n-dominguez-335653,0.869,1
163210,Florentino,f-morris-luis,37564315,Dário Essugo,d-luis-essugo,0.858,2
163210,Florentino,f-morris-luis,160072,João Palhinha,j-lobo-alves-palhinha-goncalves,0.861,3
163210,Florentino,f-morris-luis,37593153,Mateus Fernandes,m-espanha-fernandes,0.849,4
163210,Florentino,f-morris-luis,23269737,Nico González,n-gonzalez-iglesias,0.847,5
163210,Florentino,f-morris-luis,4545461,Antonio Blanco,a-blanco-conde,0.847,6
163210,Florentino,f-morris-luis,37550443,Alex Scott,a-scott,0.846,7
163210,Florentino,f-morris-luis,37316421,Yassin Belkhdim,y-belkdim,0.845,8
163210,Florentino,f-morris-luis,37423141,Lesley Ugochukwu,c-ugochukwu,0.845,9
163210,Florentino,f-morris-luis,5640926,Cheick Doucouré,c-doucoure,0.852,10
2975,Matz Sels,m-sels,37397144,Robin Roefs,r-roefs,0.858,1
2975,Matz Sels,m-sels,23730717,Mads Hermansen,m-hermansen,0.864,2
2975,Matz Sels,m-sels,896225,Caoimhín Kelleher,c-kelleher,0.852,3
2975,Matz Sels,m-sels,2763,Nick Pope,n-pope,0.858,4
2975,Matz Sels,m-sels,37257596,Bart Verbruggen,b-verbruggen,0.851,5
2975,Matz Sels,m-sels,3130,David Raya,d-raya-martin,0.85,6
2975,Matz Sels,m-sels,31342,Bernd Leno,b-leno,0.846,7
2975,Matz Sels,m-sels,9438,Aaron Ramsdale,a-ramsdale,0.851,8
2975,Matz Sels,m-sels,1826,Jordan Pickford,j-pickford,0.843,9
2975,Matz Sels,m-sels,538472,Djordje Petrovic,d-petrovi,0.843,10
37536911,Omari Hutchinson,o-giraud-hutchinson,26803,Justin Kluivert,j-kluivert,0.87,1
37536911,Omari Hutchinson,o-giraud-hutchinson,37286732,Oscar Bobb,o-bobb,0.856,2
37536911,Omari Hutchinson,o-giraud-hutchinson,37678216,Christantus Uche,c-uche,0.849,3
37536911,Omari Hutchinson,o-giraud-hutchinson,3071,Jacob Murphy,j-murphy-3071,0.856,4
37536911,Omari Hutchinson,o-giraud-hutchinson,538850,Mike Tresor,m-ndayishimiye,0.845,5
37536911,Omari Hutchinson,o-giraud-hutchinson,37655226,Yankuba Minteh,y-minteh,0.843,6
37536911,Omari Hutchinson,o-giraud-hutchinson,37541456,Justin Devenny,j-devenny,0.851,7
37536911,Omari Hutchinson,o-giraud-hutchinson,25217662,Noni Madueke,c-madueke,0.849,8
37536911,Omari Hutchinson,o-giraud-hutchinson,37429246,Florian Wirtz,f-wirtz,0.841,9
37536911,Omari Hutchinson,o-giraud-hutchinson,28552845,Keane Lewis-Potter,k-lewis-potter,0.848,10
31824,Leon Goretzka,l-goretzka,32362,Joshua Kimmich,j-kimmich,0.879,1
31824,Leon Goretzka,l-goretzka,96122,Corentin Tolisso,c-tolisso,0.864,2
31824,Leon Goretzka,l-goretzka,4574,Aleix García,a-garcia-serrano,0.847,3
31824,Leon Goretzka,l-goretzka,942,Serge Gnabry,s-gnabry,0.844,4
31824,Leon Goretzka,l-goretzka,5270462,Ryan Gravenberch,r-gravenberch,0.843,5
31824,Leon Goretzka,l-goretzka,32582,Marcel Sabitzer,m-sabitzer,0.845,6
31824,Leon Goretzka,l-goretzka,785998,Dominik Szoboszlai,d-szoboszlai,0.837,7
31824,Leon Goretzka,l-goretzka,37563876,Diego Gómez,d-gomez-amarilla,0.837,8
31824,Leon Goretzka,l-goretzka,130117,Nicolò Barella,n-barella,0.837,9
31824,Leon Goretzka,l-goretzka,3862700,Christoph Baumgartner,c-baumgartner,0.834,10
95368,Lucas Digne,l-digne,537271,Vitaliy Mykolenko,v-mykolenko,0.871,1
95368,Lucas Digne,l-digne,37656468,Andrés García,a-garcia-robledo,0.855,2
95368,Lucas Digne,l-digne,62337,Timothy Castagne,t-castagne,0.861,3
95368,Lucas Digne,l-digne,37685630,El Hadji Malick Diouf,e-diouf,0.85,4
95368,Lucas Digne,l-digne,193196,Gabriel Gudmundsson,g-gudmundsson,0.85,5
95368,Lucas Digne,l-digne,581067,Antonee Robinson,a-robinson,0.857,6
95368,Lucas Digne,l-digne,4598710,Tyrick Mitchell,t-mitchell,0.847,7
95368,Lucas Digne,l-digne,37650058,Adam Aznou,adam-aznou-ben-cheikh,0.853,8
95368,Lucas Digne,l-digne,25284,Joachim Andersen,j-andersen,0.846,9
95368,Lucas Digne,l-digne,129794,Emerson,e-palmieri-dos-santos,0.849,10
37747533,Alysson,a-da-rocha-dos-santos,29809271,Alexsandro,a-souza-ribeiro,0.819,1
37747533,Alysson,a-da-rocha-dos-santos,37666773,Adrián Liso,a-liso-lahoz,0.804,2
37747533,Alysson,a-da-rocha-dos-santos,84494,Victor Nelsson,v-nelsson,0.804,3
37747533,Alysson,a-da-rocha-dos-santos,29328429,Igor Jesus,i-da-cruz,0.8,4
37747533,Alysson,a-da-rocha-dos-santos,7691269,Lassine Sinayoko,l-sinayoko,0.799,5
37747533,Alysson,a-da-rocha-dos-santos,37337041,Loum Tchaouna,l-tchaouna,0.808,6
37747533,Alysson,a-da-rocha-dos-santos,37608995,Wesley,w-franca-lima,0.797,7
37747533,Alysson,a-da-rocha-dos-santos,37664293,Charalampos Kostoulas,c-kostoulas,0.797,8
37747533,Alysson,a-da-rocha-dos-santos,16466810,Isak Jansson,i-jansson,0.807,9
37747533,Alysson,a-da-rocha-dos-santos,37548599,Max Alleyne,m-alleyne,0.806,10
133779,Guglielmo Vicario,g-vicario,3130,David Raya,d-raya-martin,0.87,1
133779,Guglielmo Vicario,g-vicario,37257596,Bart Verbruggen,b-verbruggen,0.858,2
133779,Guglielmo Vicario,g-vicario,2763,Nick Pope,n-pope,0.862,3
133779,Guglielmo Vicario,g-vicario,22146095,Elia Caprile,e-caprile,0.855,4
133779,Guglielmo Vicario,g-vicario,1826,Jordan Pickford,j-pickford,0.853,5
133779,Guglielmo Vicario,g-vicario,159483,José Sá,j-malheiro-de-sa,0.859,6
133779,Guglielmo Vicario,g-vicario,129771,Gianluigi Donnarumma,g-donnarumma,0.852,7
133779,Guglielmo Vicario,g-vicario,9438,Aaron Ramsdale,a-ramsdale,0.858,8
133779,Guglielmo Vicario,g-vicario,62962,Mile Svilar,m-svilar,0.851,9
133779,Guglielmo Vicario,g-vicario,97706,Jean Butez,j-butez,0.849,10
37531504,Mathys Tel,m-tel,1494225,Nathan Tella,n-tella,0.868,1
37531504,Mathys Tel,m-tel,25217662,Noni Madueke,c-madueke,0.866,2
37531504,Mathys Tel,m-tel,21072805,Rayan Cherki,m-cherki,0.86,3
37531504,Mathys Tel,m-tel,4254,Bertrand Traoré,b-traore,0.858,4
37531504,Mathys Tel,m-tel,23661272,Iliman Ndiaye,i-ndiaye,0.849,5
37531504,Mathys Tel,m-tel,25400,Kenny Tete,k-tete,0.848,6
37531504,Mathys Tel,m-tel,14004542,Amine Adli,a-adli,0.854,7
37531504,Mathys Tel,m-tel,10990678,Antoine Semenyo,a-semenyo,0.845,8
37531504,Mathys Tel,m-tel,37590938,Désiré Doué,d-doue,0.852,9
37531504,Mathys Tel,m-tel,37429246,Florian Wirtz,f-wirtz,0.844,10
37592744,Luis Hasa,l-hasa,540311,Afonso Sousa,a-de-pinho-sousa,0.837,1
37592744,Luis Hasa,l-hasa,25589,Milot Rashica,m-rashica,0.836,2
37592744,Luis Hasa,l-hasa,37700750,M. Nielsen,m-nielsen-37700750,0.832,3
37592744,Luis Hasa,l-hasa,37597898,Dave Kwakman,d-kwakman,0.829,4
37592744,Luis Hasa,l-hasa,37322757,Jay Matete,jay-matete,0.828,5
37592744,Luis Hasa,l-hasa,32518,Florent Hadergjonaj,f-hadergjonaj,0.836,6
37592744,Luis Hasa,l-hasa,37594411,Dani Lorenzo,d-lorenzo-guerrero,0.827,7
37592744,Luis Hasa,l-hasa,37717410,W. Steindorsson,w-steindorsson,0.835,8
37592744,Luis Hasa,l-hasa,796933,Jordan Holsgrove,j-holsgrove,0.826,9
37592744,Luis Hasa,l-hasa,49786,Jurgen Bardhi,j-bardhi,0.834,10
37551836,Jackson Tchatchoua,j-tchatchoua,37337041,Loum Tchaouna,l-tchaouna,0.889,1
37551836,Jackson Tchatchoua,j-tchatchoua,37590868,Kassoum Ouattara,k-ouattara,0.862,2
37551836,Jackson Tchatchoua,j-tchatchoua,65528,Matthieu Udol,m-udol,0.854,3
37551836,Jackson Tchatchoua,j-tchatchoua,37376834,Nicolò Savona,n-savona,0.854,4
37551836,Jackson Tchatchoua,j-tchatchoua,37676603,Arsène Kouassi,k-kouassi,0.851,5
37551836,Jackson Tchatchoua,j-tchatchoua,21762216,Malick Thiaw,m-thiaw,0.85,6
37551836,Jackson Tchatchoua,j-tchatchoua,37947728,Tylel Tati,t-tati,0.849,7
37551836,Jackson Tchatchoua,j-tchatchoua,37575228,Antoni Milambo,a-milambo,0.848,8
37551836,Jackson Tchatchoua,j-tchatchoua,37423017,Samson Baidoo,s-baidoo,0.847,9
37551836,Jackson Tchatchoua,j-tchatchoua,37289235,Clément Akpa,c-akpa,0.845,10
9808,David Brooks,d-brooks,32792,Jacob Bruun Larsen,j-bruun-larsen,0.862,1
9808,David Brooks,d-brooks,1592,Jarrod Bowen,j-bowen,0.854,2
9808,David Brooks,d-brooks,52868,Hee-chan Hwang,h-hwang,0.855,3
9808,David Brooks,d-brooks,4536529,Noah Okafor,n-okafor,0.854,4
9808,David Brooks,d-brooks,340344,Marcus Edwards,m-edwards,0.851,5
9808,David Brooks,d-brooks,4243070,Lyle Foster,l-foster,0.851,6
9808,David Brooks,d-brooks,6524,Matty Cash,m-cash,0.843,7
9808,David Brooks,d-brooks,5403,Harry Wilson,h-wilson,0.842,8
9808,David Brooks,d-brooks,172611,John McGinn,j-mcginn,0.849,9
9808,David Brooks,d-brooks,37678216,Christantus Uche,c-uche,0.84,10
14004542,Amine Adli,a-adli,23661272,Iliman Ndiaye,i-ndiaye,0.853,1
14004542,Amine Adli,a-adli,5640849,Mohammed Kudus,m-kudus,0.849,2
14004542,Amine Adli,a-adli,37531504,Mathys Tel,m-tel,0.854,3
14004542,Amine Adli,a-adli,37317015,Amad Diallo,a-traore,0.854,4
14004542,Amine Adli,a-adli,9939203,Crysencio Summerville,c-summerville,0.853,5
14004542,Amine Adli,a-adli,25217662,Noni Madueke,c-madueke,0.85,6
14004542,Amine Adli,a-adli,37590634,Chemsdine Talbi,c-talbi,0.847,7
14004542,Amine Adli,a-adli,37297124,Abde Ezzalzouli,a-ezzalzouli,0.847,8
14004542,Amine Adli,a-adli,37583548,Tom Watson,t-watson,0.838,9
14004542,Amine Adli,a-adli,37655226,Yankuba Minteh,y-minteh,0.838,10
151628,Julian Ryerson,j-ryerson,31636,Mitchell Weiser,m-weiser,0.853,1
151628,Julian Ryerson,j-ryerson,36119,David Raum,d-raum,0.849,2
151628,Julian Ryerson,j-ryerson,32566,Benjamin Henrichs,b-henrichs,0.846,3
151628,Julian Ryerson,j-ryerson,33980252,Sebastian Sebulonsen,s-sebulonsen,0.85,4
151628,Julian Ryerson,j-ryerson,62502,Ramy Bensebaini,r-bensebaini,0.846,5
151628,Julian Ryerson,j-ryerson,31855,Jeremy Toljan,j-toljan,0.838,6
151628,Julian Ryerson,j-ryerson,74160,Borna Sosa,b-sosa,0.845,7
151628,Julian Ryerson,j-ryerson,37538035,Nathaniel Brown,n-brown,0.844,8
151628,Julian Ryerson,j-ryerson,32384,Maximilian Mittelstädt,m-mittelstadt,0.844,9
151628,Julian Ryerson,j-ryerson,84528,Rasmus Kristensen,r-kristensen,0.834,10
1988,Dani Parejo,d-parejo-munoz,268,Luka Modrić,l-modri,0.833,1
1988,Dani Parejo,d-parejo-munoz,185972,Isco,f-alarcon-suarez,0.831,2
1988,Dani Parejo,d-parejo-munoz,27850,Stanislav Lobotka,s-lobotka,0.838,3
1988,Dani Parejo,d-parejo-munoz,96740,Sergi Darder,s-darder-moll,0.828,4
1988,Dani Parejo,d-parejo-munoz,3510281,Marc Aguado,m-aguado-pallares,0.823,5
1988,Dani Parejo,d-parejo-munoz,1396,Ayoze Pérez,a-perez-gutierrez,0.832,6
1988,Dani Parejo,d-parejo-munoz,37288001,Pedri,p-lopez,0.831,7
1988,Dani Parejo,d-parejo-munoz,62374,Clinton Mata,c-mata-pedro-lourenco,0.822,8
1988,Dani Parejo,d-parejo-munoz,3526193,Martín Payero,m-payero,0.822,9
1988,Dani Parejo,d-parejo-munoz,186968,Carlos Soler,c-soler-barragan,0.83,10
13963088,Georges Mikautadze,g-mikautadze,19996814,Thiago Almada,t-almada,0.857,1
13963088,Georges Mikautadze,g-mikautadze,190168,Gorka Guruzeta,g-guruzeta-rodriguez,0.851,2
13963088,Georges Mikautadze,g-mikautadze,22169317,Akor Adams,a-adams-22169317,0.849,3
13963088,Georges Mikautadze,g-mikautadze,1479337,Khvicha Kvaratskhelia,k-kvaratskhelia,0.847,4
13963088,Georges Mikautadze,g-mikautadze,21394947,Julián Alvarez,j-alvarez,0.844,5
13963088,Georges Mikautadze,g-mikautadze,35281051,Raúl García,r-garcia-de-haro,0.843,6
13963088,Georges Mikautadze,g-mikautadze,37729623,Franco Mastantuono,f-mastantuono,0.843,7
13963088,Georges Mikautadze,g-mikautadze,240195,Cucho Hernández,j-hernandez-suarez,0.834,8
13963088,Georges Mikautadze,g-mikautadze,186965,Rafa Mir,r-mir-vicente,0.833,9
13963088,Georges Mikautadze,g-mikautadze,529420,Abel Ruiz,a-ruiz-ortega,0.832,10
37593154,Renato Veiga,r-palma-veiga,37293367,Gabri Veiga,g-veiga-novas,0.896,1
37593154,Renato Veiga,r-palma-veiga,12394069,Logan Costa,l-costa,0.865,2
37593154,Renato Veiga,r-palma-veiga,3533334,Gustaf Lagerbielke,g-lagerbielke,0.856,3
37593154,Renato Veiga,r-palma-veiga,37285874,Georgios Vagiannidis,g-vagiannidis,0.855,4
37593154,Renato Veiga,r-palma-veiga,187170,Igor Zubeldia,i-zubeldia-elorza,0.855,5
37593154,Renato Veiga,r-palma-veiga,3510288,Dani Vivian,d-vivian-moreno,0.847,6
37593154,Renato Veiga,r-palma-veiga,4545389,Eric García,e-garcia,0.847,7
37593154,Renato Veiga,r-palma-veiga,37297497,Carlos Puga,c-puga-medina,0.85,8
37593154,Renato Veiga,r-palma-veiga,32819198,Rafa Marín,r-marin-zamora,0.85,9
37593154,Renato Veiga,r-palma-veiga,37596373,Raúl Asencio,r-asencio-del-rosario,0.85,10
37722327,Jesús Rodríguez,j-rodriguez-caraballo,37592574,Rafa Rodríguez,r-rodriguez-ruiz,0.913,1
37722327,Jesús Rodríguez,j-rodriguez-caraballo,37691085,Juan Rodríguez,j-rodriguez-camejo,0.907,2
37722327,Jesús Rodríguez,j-rodriguez-caraballo,37652784,Javi Rodríguez,j-rodriguez-galiano,0.893,3
37722327,Jesús Rodríguez,j-rodriguez-caraballo,11298787,Billal Brahimi,b-brahimi,0.857,4
37722327,Jesús Rodríguez,j-rodriguez-caraballo,186321,Samu Castillejo,samu-castillejo,0.857,5
37722327,Jesús Rodríguez,j-rodriguez-caraballo,73603,Mario Pašalić,m-paali,0.847,6
37722327,Jesús Rodríguez,j-rodriguez-caraballo,1478864,Rubén Vargas,r-vargas,0.846,7
37722327,Jesús Rodríguez,j-rodriguez-caraballo,186815,Pablo Fornals,p-fornals-malla,0.836,8
37722327,Jesús Rodríguez,j-rodriguez-caraballo,16837816,Adrián Bernabé,a-bernabe-garcia,0.835,9
37722327,Jesús Rodríguez,j-rodriguez-caraballo,23269660,Charles De Ketelaere,c-de-ketelaere,0.833,10
73147,Mateo Kovacic,m-kovai,268,Luka Modrić,l-modri,0.872,1
73147,Mateo Kovacic,m-kovai,159700,Casemiro,c-casimiro,0.851,2
73147,Mateo Kovacic,m-kovai,96353,Bernardo Silva,b-silva,0.857,3
73147,Mateo Kovacic,m-kovai,29709995,Enzo Fernández,e-fernandez,0.849,4
73147,Mateo Kovacic,m-kovai,785998,Dominik Szoboszlai,d-szoboszlai,0.846,5
73147,Mateo Kovacic,m-kovai,62342,Youri Tielemans,y-tielemans,0.853,6
73147,Mateo Kovacic,m-kovai,537117,Trevoh Chalobah,t-chalobah,0.845,7
73147,Mateo Kovacic,m-kovai,5270371,Aurélien Tchouaméni,a-tchouameni,0.843,8
73147,Mateo Kovacic,m-kovai,129890,Manuel Locatelli,m-locatelli,0.839,9
73147,Mateo Kovacic,m-kovai,2823228,Sandro Tonali,s-tonali,0.839,10
310486,Ritsu Doan,r-doan,37422928,Yuito Suzuki,y-suzuki,0.881,1
310486,Ritsu Doan,r-doan,37922937,Yan Diomande,y-diomande,0.87,2
310486,Ritsu Doan,r-doan,310131,Daichi Kamada,d-kamada,0.866,3
310486,Ritsu Doan,r-doan,37645082,Ilyas Ansah,i-ansah,0.864,4
310486,Ritsu Doan,r-doan,31238688,Kaishu Sano,k-sano,0.851,5
310486,Ritsu Doan,r-doan,349061,Marco Grüll,m-grull,0.857,6
310486,Ritsu Doan,r-doan,10959317,Shuto Machino,s-machino,0.857,7
310486,Ritsu Doan,r-doan,12426453,Jamie Leweling,j-leweling,0.857,8
310486,Ritsu Doan,r-doan,96307,Franck Honorat,f-honorat,0.857,9
310486,Ritsu Doan,r-doan,36119,David Raum,d-raum,0.848,10
37570379,Antonio Nusa,a-nordby-nusa,37632313,Julien Duranville,j-duranville,0.872,1
37570379,Antonio Nusa,a-nordby-nusa,37614052,Ernest Nuamah,e-appiah-nuamah,0.864,2
37570379,Antonio Nusa,a-nordby-nusa,37266015,Youssoufa Moukoko,y-moukoko,0.857,3
37570379,Antonio Nusa,a-nordby-nusa,15040126,Karim Adeyemi,k-adeyemi,0.859,4
37570379,Antonio Nusa,a-nordby-nusa,37645043,Assan Ouédraogo,f-ouedraogo,0.854,5
37570379,Antonio Nusa,a-nordby-nusa,37612045,Jean-Mattéo Bahoya,j-bahoya,0.854,6
37570379,Antonio Nusa,a-nordby-nusa,37558991,Brajan Gruda,b-gruda,0.852,7
37570379,Antonio Nusa,a-nordby-nusa,27067062,Kevin Schade,k-schade,0.843,8
37570379,Antonio Nusa,a-nordby-nusa,37590938,Désiré Doué,d-doue,0.85,9
37570379,Antonio Nusa,a-nordby-nusa,24799984,Michael Olise,m-olise,0.85,10
61780,Leandro Trossard,l-trossard,37261500,Moisés Caicedo,m-caicedo-corozo,0.864,1
61780,Leandro Trossard,l-trossard,5403,Harry Wilson,h-wilson,0.859,2
61780,Leandro Trossard,l-trossard,538850,Mike Tresor,m-ndayishimiye,0.855,3
61780,Leandro Trossard,l-trossard,216612,Alexis Mac Allister,a-mac-allister,0.849,4
61780,Leandro Trossard,l-trossard,21437534,Kaoru Mitoma,k-mitoma,0.847,5
61780,Leandro Trossard,l-trossard,16827155,Bukayo Saka,b-saka,0.837,6
61780,Leandro Trossard,l-trossard,37257596,Bart Verbruggen,b-verbruggen,0.836,7
61780,Leandro Trossard,l-trossard,29419594,Julio Enciso,j-enciso,0.843,8
61780,Leandro Trossard,l-trossard,529689,Bryan Mbeumo,b-mbeumo,0.834,9
61780,Leandro Trossard,l-trossard,2823228,Sandro Tonali,s-tonali,0.833,10
16827155,Bukayo Saka,b-saka,529689,Bryan Mbeumo,b-mbeumo,0.854,1
16827155,Bukayo Saka,b-saka,17544737,William Saliba,w-saliba,0.853,2
16827155,Bukayo Saka,b-saka,537759,Reiss Nelson,r-nelson,0.859,3
16827155,Bukayo Saka,b-saka,5270466,J. Timber,j-timber,0.852,4
16827155,Bukayo Saka,b-saka,26823,Martin Ødegaard,m-odegaard-26823,0.855,5
16827155,Bukayo Saka,b-saka,97811,Gabriel Magalhães,g-dos-santos-magalhaes,0.847,6
16827155,Bukayo Saka,b-saka,5273,Declan Rice,d-rice,0.847,7
16827155,Bukayo Saka,b-saka,539961,Eddie Nketiah,e-nketiah,0.85,8
16827155,Bukayo Saka,b-saka,37429246,Florian Wirtz,f-wirtz,0.84,9
16827155,Bukayo Saka,b-saka,1494446,Emile Smith Rowe,e-smith-rowe,0.846,10
187032,Álex Berenguer,a-berenguer-remiro,7698436,Álex Baena,a-rodriguez,0.866,1
187032,Álex Berenguer,a-berenguer-remiro,7698447,Germán Valera,g-karabinaite,0.857,2
187032,Álex Berenguer,a-berenguer-remiro,205635,Viktor Tsygankov,v-tsygankov,0.861,3
187032,Álex Berenguer,a-berenguer-remiro,1478864,Rubén Vargas,r-vargas,0.859,4
187032,Álex Berenguer,a-berenguer-remiro,96656,Nicolas Pépé,n-pepe,0.853,5
187032,Álex Berenguer,a-berenguer-remiro,37297124,Abde Ezzalzouli,a-ezzalzouli,0.853,6
187032,Álex Berenguer,a-berenguer-remiro,24837941,Matteo Ruggeri,m-ruggeri,0.852,7
187032,Álex Berenguer,a-berenguer-remiro,19996814,Thiago Almada,t-almada,0.851,8
187032,Álex Berenguer,a-berenguer-remiro,30851996,Jofre Carreras,j-carreras-pages,0.851,9
187032,Álex Berenguer,a-berenguer-remiro,37577657,Giuliano Simeone,g-simeone,0.85,10
3510288,Dani Vivian,d-vivian-moreno,4545389,Eric García,e-garcia,0.862,1
3510288,Dani Vivian,d-vivian-moreno,37541244,Arnau Martínez,a-martinez,0.856,2
3510288,Dani Vivian,d-vivian-moreno,37596373,Raúl Asencio,r-asencio-del-rosario,0.858,3
3510288,Dani Vivian,d-vivian-moreno,32819198,Rafa Marín,r-marin-zamora,0.855,4
3510288,Dani Vivian,d-vivian-moreno,12394069,Logan Costa,l-costa,0.847,5
3510288,Dani Vivian,d-vivian-moreno,28575647,Enzo Boyomo,f-boyomos,0.854,6
3510288,Dani Vivian,d-vivian-moreno,1849,Eric Bailly,e-bailly,0.852,7
3510288,Dani Vivian,d-vivian-moreno,37593154,Renato Veiga,r-palma-veiga,0.847,8
3510288,Dani Vivian,d-vivian-moreno,187170,Igor Zubeldia,i-zubeldia-elorza,0.846,9
3510288,Dani Vivian,d-vivian-moreno,21803152,Pep Chavarría,j-chavarria-perez,0.839,10
32538,Breel Embolo,b-embolo,37266015,Youssoufa Moukoko,y-moukoko,0.858,1
32538,Breel Embolo,b-embolo,2206983,Willem Geubbels,w-geubbels,0.861,2
32538,Breel Embolo,b-embolo,5283870,Junior Dina Ebimbe,e-dina-ebimbe,0.852,3
32538,Breel Embolo,b-embolo,32695,Serhou Guirassy,s-guirassy,0.842,4
32538,Breel Embolo,b-embolo,7691269,Lassine Sinayoko,l-sinayoko,0.84,5
32538,Breel Embolo,b-embolo,62600,Ally Samatta,m-samatta,0.839,6
32538,Breel Embolo,b-embolo,4969702,Folarin Balogun,f-balogun,0.846,7
32538,Breel Embolo,b-embolo,37660433,Herba Guirassy,b-guirassy,0.846,8
32538,Breel Embolo,b-embolo,433458,Amine Gouiri,a-gouiri,0.846,9
32538,Breel Embolo,b-embolo,37289032,Sambou Soumano,s-soumano,0.846,10
96290,Valentin Rongier,v-rongier,523939,Orel Mangala,o-mangala,0.857,1
96290,Valentin Rongier,v-rongier,4545430,Vitinha,v-machado-ferreira,0.851,2
96290,Valentin Rongier,v-rongier,37642676,Lamine Camara,l-camara,0.854,3
96290,Valentin Rongier,v-rongier,129890,Manuel Locatelli,m-locatelli,0.847,4
96290,Valentin Rongier,v-rongier,37536953,Mamadou Sangaré,m-sangare,0.853,5
96290,Valentin Rongier,v-rongier,332047,Elliot Anderson,e-anderson,0.845,6
96290,Valentin Rongier,v-rongier,5270371,Aurélien Tchouaméni,a-tchouameni,0.844,7
96290,Valentin Rongier,v-rongier,23698162,Joris Chotard,j-chotard,0.85,8
96290,Valentin Rongier,v-rongier,37255818,Ramiz Zerrouki,r-zerrouki,0.841,9
96290,Valentin Rongier,v-rongier,37599086,Arthur Vermeeren,a-vermeeren,0.848,10
9939196,Ramon Hendriks,r-hendriks,25106,Kevin Diks,k-diks,0.886,1
9939196,Ramon Hendriks,r-hendriks,26860,Danilho Doekhi,d-doekhi,0.862,2
9939196,Ramon Hendriks,r-hendriks,37650095,Noahkai Banks,n-banks,0.864,3
9939196,Ramon Hendriks,r-hendriks,32566,Benjamin Henrichs,b-henrichs,0.857,4
9939196,Ramon Hendriks,r-hendriks,84528,Rasmus Kristensen,r-kristensen,0.855,5
9939196,Ramon Hendriks,r-hendriks,1494701,Moritz Jenz,m-jenz,0.861,6
9939196,Ramon Hendriks,r-hendriks,24818803,Jan Paul van Hecke,j-van-hecke-24818803,0.854,7
9939196,Ramon Hendriks,r-hendriks,34737,Mark Flekken,m-flekken,0.853,8
9939196,Ramon Hendriks,r-hendriks,33770,Stefan Posch,s-posch,0.858,9
9939196,Ramon Hendriks,r-hendriks,37558984,Lukas Ullrich,l-ullrich,0.85,10
37595294,Aitor Fraga,a-fraga-torres,200879,Ertuğrul Taşkıran,m-taskiran,0.997,1
37595294,Aitor Fraga,a-fraga-torres,390278,Bahadır Güngördü,b-gungordu,0.997,2
37595294,Aitor Fraga,a-fraga-torres,2846636,Furkan Bekleviç,f-beklevic,0.997,3
37595294,Aitor Fraga,a-fraga-torres,34077,Christian Ortag,c-ortag,0.997,4
37595294,Aitor Fraga,a-fraga-torres,34455324,Juan Castillo,j-castillo-reyes,0.996,5
37595294,Aitor Fraga,a-fraga-torres,458457,J. Dakir,j-dakir,0.996,6
37595294,Aitor Fraga,a-fraga-torres,201473,Okan Kocuk,o-kocuk,0.994,7
37595294,Aitor Fraga,a-fraga-torres,37722674,Anders Ravn,anders-ravn,0.994,8
37595294,Aitor Fraga,a-fraga-torres,37527873,Gavin Beavers,g-beavers,0.994,9
37595294,Aitor Fraga,a-fraga-torres,203433,Cihan Topaloğlu,c-topaloglu,0.977,10
383223,Isi Palazón,i-palazon-camacho,7698447,Germán Valera,g-karabinaite,0.852,1
383223,Isi Palazón,i-palazon-camacho,190049,Javi Galán,j-galan-gil,0.857,2
383223,Isi Palazón,i-palazon-camacho,540508,Joaquín Muñoz,j-munoz-benavides,0.855,3
383223,Isi Palazón,i-palazon-camacho,32031674,Abel Bretones,a-bretones-cruz,0.845,4
383223,Isi Palazón,i-palazon-camacho,188057,Edu Expósito,e-exposito-jaen,0.852,5
383223,Isi Palazón,i-palazon-camacho,186585,Álex Moreno,a-moreno-lopera,0.84,6
383223,Isi Palazón,i-palazon-camacho,448290,Javi Puado,j-puado-diaz,0.848,7
383223,Isi Palazón,i-palazon-camacho,7698436,Álex Baena,a-rodriguez,0.848,8
383223,Isi Palazón,i-palazon-camacho,337588,Grady Diangana,g-diangana,0.846,9
383223,Isi Palazón,i-palazon-camacho,532358,Adrià Pedrosa,a-giner-pedrosa,0.846,10
337432,Romain Perraud,r-perraud,4659,Kyle Walker-Peters,k-walker-peters,0.868,1
337432,Romain Perraud,r-perraud,102002,Jonathan Clauss,j-clauss,0.867,2
337432,Romain Perraud,r-perraud,28543553,Adrien Truffert,a-truffert,0.848,3
337432,Romain Perraud,r-perraud,37584176,Lucas Pires,l-pires-silva,0.854,4
337432,Romain Perraud,r-perraud,65528,Matthieu Udol,m-udol,0.846,5
337432,Romain Perraud,r-perraud,155180,Przemyslaw Frankowski,p-frankowski,0.85,6
337432,Romain Perraud,r-perraud,37316600,Guela Doué,g-doue,0.849,7
337432,Romain Perraud,r-perraud,97669,Nordi Mukiele,n-mukiele-mulere,0.84,8
337432,Romain Perraud,r-perraud,37685630,El Hadji Malick Diouf,e-diouf,0.838,9
337432,Romain Perraud,r-perraud,37590868,Kassoum Ouattara,k-ouattara,0.845,10
337394,Jules Koundé,j-kounde,35574,Benjamin Pavard,b-pavard,0.861,1
337394,Jules Koundé,j-kounde,96741,Clément Lenglet,c-lenglet,0.849,2
337394,Jules Koundé,j-kounde,469717,Ronald Araujo,r-araujo-da-silva,0.853,3
337394,Jules Koundé,j-kounde,37332131,Alejandro Francés,a-torrijo,0.85,4
337394,Jules Koundé,j-kounde,37316480,Alejandro Balde,a-balde-martinez,0.85,5
337394,Jules Koundé,j-kounde,100556,Ibrahima Konaté,i-konate,0.841,6
337394,Jules Koundé,j-kounde,100580,Robin Le Normand,r-le-normand,0.848,7
337394,Jules Koundé,j-kounde,4536537,Sergio Gómez,s-gomez,0.839,8
337394,Jules Koundé,j-kounde,5270371,Aurélien Tchouaméni,a-tchouameni,0.837,9
337394,Jules Koundé,j-kounde,97669,Nordi Mukiele,n-mukiele-mulere,0.836,10
16475841,Joan García,j-pons,4545389,Eric García,e-garcia,0.914,1
16475841,Joan García,j-pons,21539177,Víctor García,v-garcia-raja,0.906,2
16475841,Joan García,j-pons,187215,Unai Simón,u-simon-mendibil,0.891,3
16475841,Joan García,j-pons,5967970,Leo Román,l-roman-riquelme,0.896,4
16475841,Joan García,j-pons,35281051,Raúl García,r-garcia-de-haro,0.896,5
16475841,Joan García,j-pons,37656468,Andrés García,a-garcia-robledo,0.889,6
16475841,Joan García,j-pons,4574,Aleix García,a-garcia-serrano,0.888,7
16475841,Joan García,j-pons,186358,Álvaro García,a-garcia-rivera,0.889,8
16475841,Joan García,j-pons,333778,Augusto Batalla,a-batalla-barga,0.882,9
16475841,Joan García,j-pons,529415,Iñaki Peña,i-pena-sotorres,0.884,10
37459072,Lewis Hall,l-hall,11720838,Neco Williams,n-williams,0.852,1
37459072,Lewis Hall,l-hall,448448,Marc Cucurella,m-cucurella,0.851,2
37459072,Lewis Hall,l-hall,581220,Reece James,r-james,0.848,3
37459072,Lewis Hall,l-hall,4598710,Tyrick Mitchell,t-mitchell,0.846,4
37459072,Lewis Hall,l-hall,955,Luke Shaw,l-shaw,0.845,5
37459072,Lewis Hall,l-hall,22169325,James Hill,j-hill,0.851,6
37459072,Lewis Hall,l-hall,581067,Antonee Robinson,a-robinson,0.85,7
37459072,Lewis Hall,l-hall,37584176,Lucas Pires,l-pires-silva,0.85,8
37459072,Lewis Hall,l-hall,37344112,Quilindschy Hartman,q-hartman,0.85,9
37459072,Lewis Hall,l-hall,13590962,Rayan Aït-Nouri,r-ait-nouri,0.849,10
2875858,Callum Hudson-Odoi,c-hudson-odoi,37259180,Levi Colwill,l-colwill,0.851,1
2875858,Callum Hudson-Odoi,c-hudson-odoi,37261500,Moisés Caicedo,m-caicedo-corozo,0.847,2
2875858,Callum Hudson-Odoi,c-hudson-odoi,23697427,Armando Broja,a-broja,0.849,3
2875858,Callum Hudson-Odoi,c-hudson-odoi,37555964,David Datro Fofana,d-fofana,0.847,4
2875858,Callum Hudson-Odoi,c-hudson-odoi,538850,Mike Tresor,m-ndayishimiye,0.837,5
2875858,Callum Hudson-Odoi,c-hudson-odoi,37317367,Malo Gusto,m-gusto,0.835,6
2875858,Callum Hudson-Odoi,c-hudson-odoi,25217662,Noni Madueke,c-madueke,0.84,7
2875858,Callum Hudson-Odoi,c-hudson-odoi,29709995,Enzo Fernández,e-fernandez,0.832,8
2875858,Callum Hudson-Odoi,c-hudson-odoi,37536911,Omari Hutchinson,o-giraud-hutchinson,0.84,9
2875858,Callum Hudson-Odoi,c-hudson-odoi,37536874,Roméo Lavia,r-lavia,0.84,10
4969702,Folarin Balogun,f-balogun,96792,Odsonne Édouard,o-edouard,0.856,1
4969702,Folarin Balogun,f-balogun,37719366,Rayan Fofana,r-fofana,0.855,2
4969702,Folarin Balogun,f-balogun,433458,Amine Gouiri,a-gouiri,0.854,3
4969702,Folarin Balogun,f-balogun,13187047,Estéban Lepaul,e-lepaul,0.852,4
4969702,Folarin Balogun,f-balogun,37288979,Hugo Ekitiké,h-ekitike,0.851,5
4969702,Folarin Balogun,f-balogun,37663291,Joaquín Panichelli,j-panichelli,0.843,6
4969702,Folarin Balogun,f-balogun,96723,Habib Diallo,h-diallo,0.847,7
4969702,Folarin Balogun,f-balogun,32538,Breel Embolo,b-embolo,0.846,8
4969702,Folarin Balogun,f-balogun,37328128,Matthis Abline,m-abline,0.844,9
4969702,Folarin Balogun,f-balogun,37317369,Bradley Barcola,b-barcola,0.844,10
1835,Henrikh Mkhitaryan,h-mkhitaryan,129890,Manuel Locatelli,m-locatelli,0.824,1
1835,Henrikh Mkhitaryan,h-mkhitaryan,129467,Bryan Cristante,b-cristante,0.821,2
1835,Henrikh Mkhitaryan,h-mkhitaryan,30999,Mario Götze,m-gotze,0.827,3
1835,Henrikh Mkhitaryan,h-mkhitaryan,268,Luka Modrić,l-modri,0.814,4
1835,Henrikh Mkhitaryan,h-mkhitaryan,1887,Granit Xhaka,g-xhaka,0.809,5
1835,Henrikh Mkhitaryan,h-mkhitaryan,1992,Paul Pogba,p-pogba,0.809,6
1835,Henrikh Mkhitaryan,h-mkhitaryan,608189,Weston McKennie,w-mckennie,0.808,7
1835,Henrikh Mkhitaryan,h-mkhitaryan,995,Romelu Lukaku,r-lukaku-menama,0.807,8
1835,Henrikh Mkhitaryan,h-mkhitaryan,27850,Stanislav Lobotka,s-lobotka,0.814,9
1835,Henrikh Mkhitaryan,h-mkhitaryan,62427,Adam Marusic,a-marui,0.803,10
31284407,Luis Henrique,l-tomaz-de-lima,545244,Éderson,e-dos-santos-lourenco-da-silva,0.848,1
31284407,Luis Henrique,l-tomaz-de-lima,129447,Alberto Grassi,a-grassi,0.852,2
31284407,Luis Henrique,l-tomaz-de-lima,20716664,Samuele Ricci,s-ricci,0.851,3
31284407,Luis Henrique,l-tomaz-de-lima,37562129,Andrey Santos,a-nascimento-dos-santos,0.851,4
31284407,Luis Henrique,l-tomaz-de-lima,37582178,Ismaël Koné,i-kone,0.84,5
31284407,Luis Henrique,l-tomaz-de-lima,37564372,Mandela Keita,m-keita,0.838,6
31284407,Luis Henrique,l-tomaz-de-lima,129467,Bryan Cristante,b-cristante,0.837,7
31284407,Luis Henrique,l-tomaz-de-lima,12036865,Lucas Da Cunha,l-da-cunha,0.845,8
31284407,Luis Henrique,l-tomaz-de-lima,540189,Morten Hjulmand,m-hjulmand,0.836,9
31284407,Luis Henrique,l-tomaz-de-lima,13591496,Carlos Augusto,c-zopalato-neves,0.844,10
24818280,Benjamin Sesko,b-eko,30178,Gianluca Scamacca,g-scamacca,0.875,1
24818280,Benjamin Sesko,b-eko,34053,Alexander Isak,a-isak,0.864,2
24818280,Benjamin Sesko,b-eko,37325012,Rasmus Højlund,r-hojlund,0.862,3
24818280,Benjamin Sesko,b-eko,23697427,Armando Broja,a-broja,0.859,4
24818280,Benjamin Sesko,b-eko,177988,Dušan Vlahović,d-vlahovi,0.859,5
24818280,Benjamin Sesko,b-eko,96884,Christopher Nkunku,c-nkunku,0.849,6
24818280,Benjamin Sesko,b-eko,33187441,Ricardo Pepi,r-pepi,0.855,7
24818280,Benjamin Sesko,b-eko,5640849,Mohammed Kudus,m-kudus,0.847,8
24818280,Benjamin Sesko,b-eko,80675,Patrik Schick,p-schick,0.853,9
24818280,Benjamin Sesko,b-eko,333594,Lautaro Martínez,l-martinez,0.843,10
172611,John McGinn,j-mcginn,11705406,Jacob Ramsey,j-ramsey,0.877,1
172611,John McGinn,j-mcginn,4592198,Morgan Rogers,m-rogers,0.863,2
172611,John McGinn,j-mcginn,97626,Boubacar Kamara,b-kamara,0.863,3
172611,John McGinn,j-mcginn,64193,Sander Berge,s-berge,0.862,4
172611,John McGinn,j-mcginn,62342,Youri Tielemans,y-tielemans,0.865,5
172611,John McGinn,j-mcginn,37550443,Alex Scott,a-scott,0.853,6
172611,John McGinn,j-mcginn,7926,Morgan Gibbs-White,m-gibbs-white,0.849,7
172611,John McGinn,j-mcginn,4244,Josh Cullen,j-cullen,0.847,8
172611,John McGinn,j-mcginn,1116,Jack Grealish,j-grealish,0.843,9
172611,John McGinn,j-mcginn,173737,Sean Longstaff,s-longstaff,0.85,10
340342,Brahim Díaz,b-abdelkader-diaz,7346228,Rodrygo,r-silva-de-goes,0.871,1
340342,Brahim Díaz,b-abdelkader-diaz,185972,Isco,f-alarcon-suarez,0.854,2
340342,Brahim Díaz,b-abdelkader-diaz,186815,Pablo Fornals,p-fornals-malla,0.846,3
340342,Brahim Díaz,b-abdelkader-diaz,4536517,Rodrigo Riquelme,r-riquelme-reche,0.852,4
340342,Brahim Díaz,b-abdelkader-diaz,1396,Ayoze Pérez,a-perez-gutierrez,0.851,5
340342,Brahim Díaz,b-abdelkader-diaz,600687,Vinicius Junior,vinicius,0.839,6
340342,Brahim Díaz,b-abdelkader-diaz,445829,Pedro Díaz,p-diaz-fanjul,0.845,7
340342,Brahim Díaz,b-abdelkader-diaz,37592574,Rafa Rodríguez,r-rodriguez-ruiz,0.845,8
340342,Brahim Díaz,b-abdelkader-diaz,525790,Takefusa Kubo,t-kubo-525790,0.844,9
340342,Brahim Díaz,b-abdelkader-diaz,31647,Daniel Carvajal,d-carvajal-ramos,0.842,10
37593253,Gonzalo García,g-garcia-torres,186358,Álvaro García,a-garcia-rivera,0.93,1
37593253,Gonzalo García,g-garcia-torres,35281051,Raúl García,r-garcia-de-haro,0.923,2
37593253,Gonzalo García,g-garcia-torres,4545389,Eric García,e-garcia,0.898,3
37593253,Gonzalo García,g-garcia-torres,21539177,Víctor García,v-garcia-raja,0.902,4
37593253,Gonzalo García,g-garcia-torres,37656468,Andrés García,a-garcia-robledo,0.889,5
37593253,Gonzalo García,g-garcia-torres,537666,Fran García,f-garcia-torres,0.883,6
37593253,Gonzalo García,g-garcia-torres,16475841,Joan García,j-pons,0.882,7
37593253,Gonzalo García,g-garcia-torres,4574,Aleix García,a-garcia-serrano,0.871,8
37593253,Gonzalo García,g-garcia-torres,37568657,Roberto Fernández,r-fernandez-jaen,0.87,9
37593253,Gonzalo García,g-garcia-torres,37380652,Iván Romero,i-romero-de-avila-araque,0.871,10
26328601,Sergi Cardona,s-cardona-bermudez,37402078,José Ángel Carmona,jose-angel-carmona,0.885,1
26328601,Sergi Cardona,s-cardona-bermudez,21539177,Víctor García,v-garcia-raja,0.883,2
26328601,Sergi Cardona,s-cardona-bermudez,4545389,Eric García,e-garcia,0.866,3
26328601,Sergi Cardona,s-cardona-bermudez,37652784,Javi Rodríguez,j-rodriguez-galiano,0.869,4
26328601,Sergi Cardona,s-cardona-bermudez,24468965,Javi López,j-lopez-carballo,0.866,5
26328601,Sergi Cardona,s-cardona-bermudez,6006071,Sergio Carreira,s-carreira-vilarino,0.856,6
26328601,Sergi Cardona,s-cardona-bermudez,4536537,Sergio Gómez,s-gomez,0.853,7
26328601,Sergi Cardona,s-cardona-bermudez,37541244,Arnau Martínez,a-martinez,0.851,8
26328601,Sergi Cardona,s-cardona-bermudez,181449,Dávid Hancko,d-hancko,0.849,9
26328601,Sergi Cardona,s-cardona-bermudez,37357510,Gerard Martín,g-martin-langreo,0.856,10
44824,Mërgim Vojvoda,m-vojvoda,219486,Dodô,d-cordeiro-dos-santos,0.849,1
44824,Mërgim Vojvoda,m-vojvoda,37653289,Marco Palestra,m-palestra,0.847,2
44824,Mërgim Vojvoda,m-vojvoda,24235,Filip Kostić,f-kosti,0.847,3
44824,Mërgim Vojvoda,m-vojvoda,25930711,Strahinja Pavlović,s-pavlovi,0.844,4
44824,Mërgim Vojvoda,m-vojvoda,31636,Mitchell Weiser,m-weiser,0.834,5
44824,Mërgim Vojvoda,m-vojvoda,2816035,Emanuele Valeri,e-valeri,0.838,6
44824,Mërgim Vojvoda,m-vojvoda,37257793,Nadir Zortea,n-zortea,0.837,7
44824,Mërgim Vojvoda,m-vojvoda,5283409,Gabriele Zappa,g-zappa,0.835,8
44824,Mërgim Vojvoda,m-vojvoda,52296,Valentino Lazaro,v-lazaro,0.835,9
44824,Mërgim Vojvoda,m-vojvoda,62427,Adam Marusic,a-marui,0.826,10
433500,Maxence Caqueret,m-caqueret,4545404,Khéphren Thuram,k-thuram-ulien,0.864,1
433500,Maxence Caqueret,m-caqueret,129890,Manuel Locatelli,m-locatelli,0.854,2
433500,Maxence Caqueret,m-caqueret,466425,Cristian Cásseres Jr.,c-casseres-yepes,0.86,3
433500,Maxence Caqueret,m-caqueret,130011,Karol Linetty,k-linetty,0.848,4
433500,Maxence Caqueret,m-caqueret,13155985,Charles Vanhoutte,c-vanhoutte,0.852,5
433500,Maxence Caqueret,m-caqueret,37372396,Tom Louchet,t-louchet,0.851,6
433500,Maxence Caqueret,m-caqueret,1744,Pierre-Emile Højbjerg,p-hojbjerg,0.851,7
433500,Maxence Caqueret,m-caqueret,37692095,Samir El Mourabet,s-el-mourabet,0.848,8
433500,Maxence Caqueret,m-caqueret,23738800,Manu Koné,k-kone,0.848,9
433500,Maxence Caqueret,m-caqueret,37642676,Lamine Camara,l-camara,0.846,10
31739,Pierre-Emerick Aubameyang,p-aubameyang,37726575,Ibrahim Mbaye,i-mbaye,0.856,1
31739,Pierre-Emerick Aubameyang,p-aubameyang,96611,Kylian Mbappé,k-mbappe,0.845,2
31739,Pierre-Emerick Aubameyang,p-aubameyang,455805,Victor Osimhen,v-osimhen,0.836,3
31739,Pierre-Emerick Aubameyang,p-aubameyang,96792,Odsonne Édouard,o-edouard,0.844,4
31739,Pierre-Emerick Aubameyang,p-aubameyang,942,Serge Gnabry,s-gnabry,0.835,5
31739,Pierre-Emerick Aubameyang,p-aubameyang,32403,Ousmane Dembélé,o-dembele,0.841,6
31739,Pierre-Emerick Aubameyang,p-aubameyang,23269740,Ansu Fati,a-fati,0.839,7
31739,Pierre-Emerick Aubameyang,p-aubameyang,13187047,Estéban Lepaul,e-lepaul,0.838,8
31739,Pierre-Emerick Aubameyang,p-aubameyang,31000,Robert Lewandowski,r-lewandowski,0.837,9
31739,Pierre-Emerick Aubameyang,p-aubameyang,32538,Breel Embolo,b-embolo,0.837,10
29328428,Igor Paixão,i-barbosa-da-paixao,32796138,Félix Correia,f-sanches-correia,0.884,1
29328428,Igor Paixão,i-barbosa-da-paixao,37597737,Afonso Moreira,a-bastardo-moreira,0.865,2
29328428,Igor Paixão,i-barbosa-da-paixao,37592030,Samuel Amo-Ameyaw,s-amo-ameyaw,0.864,3
29328428,Igor Paixão,i-barbosa-da-paixao,37536423,Pablo Pagis,p-pagis,0.863,4
29328428,Igor Paixão,i-barbosa-da-paixao,97439,Romain Del Castillo,r-del-castillo,0.861,5
29328428,Igor Paixão,i-barbosa-da-paixao,37614052,Ernest Nuamah,e-appiah-nuamah,0.852,6
29328428,Igor Paixão,i-barbosa-da-paixao,4545430,Vitinha,v-machado-ferreira,0.85,7
29328428,Igor Paixão,i-barbosa-da-paixao,37590938,Désiré Doué,d-doue,0.857,8
29328428,Igor Paixão,i-barbosa-da-paixao,37592734,Diego Moreira,d-da-silva-moreira,0.85,9
29328428,Igor Paixão,i-barbosa-da-paixao,7691269,Lassine Sinayoko,l-sinayoko,0.85,10
23697990,Jérémy Doku,j-doku,25217662,Noni Madueke,c-madueke,0.868,1
23697990,Jérémy Doku,j-doku,30062,Cody Gakpo,c-gakpo,0.853,2
23697990,Jérémy Doku,j-doku,37632313,Julien Duranville,j-duranville,0.858,3
23697990,Jérémy Doku,j-doku,37590938,Désiré Doué,d-doue,0.855,4
23697990,Jérémy Doku,j-doku,21437534,Kaoru Mitoma,k-mitoma,0.854,5
23697990,Jérémy Doku,j-doku,23269660,Charles De Ketelaere,c-de-ketelaere,0.846,6
23697990,Jérémy Doku,j-doku,37602125,Ben Gannon-Doak,b-doak,0.843,7
23697990,Jérémy Doku,j-doku,37527863,Couhaib Driouech,c-driouech,0.85,8
23697990,Jérémy Doku,j-doku,165622,Dennis Man,d-man,0.839,9
23697990,Jérémy Doku,j-doku,37570379,Antonio Nusa,a-nordby-nusa,0.846,10
62337,Timothy Castagne,t-castagne,12514,James Justin,j-justin,0.892,1
62337,Timothy Castagne,t-castagne,11311795,Wesley Fofana,w-fofana,0.874,2
62337,Timothy Castagne,t-castagne,7958,Ben Godfrey,b-godfrey,0.855,3
62337,Timothy Castagne,t-castagne,6524,Matty Cash,m-cash,0.855,4
62337,Timothy Castagne,t-castagne,11720838,Neco Williams,n-williams,0.855,5
62337,Timothy Castagne,t-castagne,95368,Lucas Digne,l-digne,0.861,6
62337,Timothy Castagne,t-castagne,25400,Kenny Tete,k-tete,0.852,7
62337,Timothy Castagne,t-castagne,27440826,Aaron Hickey,a-hickey,0.856,8
62337,Timothy Castagne,t-castagne,4659,Kyle Walker-Peters,k-walker-peters,0.856,9
62337,Timothy Castagne,t-castagne,537271,Vitaliy Mykolenko,v-mykolenko,0.847,10
540027,Calvin Bassey,c-bassey,24818803,Jan Paul van Hecke,j-van-hecke-24818803,0.878,1
540027,Calvin Bassey,c-bassey,11658171,Sepp van den Berg,s-van-den-berg,0.866,2
540027,Calvin Bassey,c-bassey,27066567,Armel Bella-Kotchap,a-bella-kotchap,0.872,3
540027,Calvin Bassey,c-bassey,37296248,Micky van de Ven,m-van-de-ven,0.866,4
540027,Calvin Bassey,c-bassey,5270466,J. Timber,j-timber,0.859,5
540027,Calvin Bassey,c-bassey,25734,Calvin Verdonk,c-verdonk,0.864,6
540027,Calvin Bassey,c-bassey,21762216,Malick Thiaw,m-thiaw,0.857,7
540027,Calvin Bassey,c-bassey,1548632,Jaka Bijol,j-bijol,0.854,8
540027,Calvin Bassey,c-bassey,4598752,Lutsharel Geertruida,l-geertruida,0.861,9
540027,Calvin Bassey,c-bassey,37261923,Emmanuel Agbadou,e-agbadou,0.86,10
36119,David Raum,d-raum,84528,Rasmus Kristensen,r-kristensen,0.87,1
36119,David Raum,d-raum,32384,Maximilian Mittelstädt,m-mittelstadt,0.871,2
36119,David Raum,d-raum,37700699,Keita Kosugi,k-kosugi,0.863,3
36119,David Raum,d-raum,62502,Ramy Bensebaini,r-bensebaini,0.868,4
36119,David Raum,d-raum,33701,Marco Friedl,m-friedl,0.867,5
36119,David Raum,d-raum,33770,Stefan Posch,s-posch,0.864,6
36119,David Raum,d-raum,37558984,Lukas Ullrich,l-ullrich,0.852,7
36119,David Raum,d-raum,31626002,Alexander Prass,a-prass,0.852,8
36119,David Raum,d-raum,160208,Alejandro Grimaldo,a-grimaldo-garcia,0.858,9
36119,David Raum,d-raum,52585,Konrad Laimer,k-laimer,0.857,10
37586403,Rômulo,r-cardoso-da-cruz,37430769,Mohamed Amoura,m-amoura,0.862,1
37586403,Rômulo,r-cardoso-da-cruz,27441544,Tim Lemperle,t-lemperle,0.86,2
37586403,Rômulo,r-cardoso-da-cruz,349061,Marco Grüll,m-grull,0.848,3
37586403,Rômulo,r-cardoso-da-cruz,37459063,Samuel Mbangula,s-mbangula,0.845,4
37586403,Rômulo,r-cardoso-da-cruz,37404802,Francisco Jorge Tavares Oliveira,chiquinho,0.844,5
37586403,Rômulo,r-cardoso-da-cruz,33784,Grischa Prömel,g-promel,0.842,6
37586403,Rômulo,r-cardoso-da-cruz,35153,Lucas Höler,l-holer,0.841,7
37586403,Rômulo,r-cardoso-da-cruz,32695,Serhou Guirassy,s-guirassy,0.833,8
37586403,Rômulo,r-cardoso-da-cruz,37755719,Alexander Røssing-Lelesiit,a-rossing-lelesiit,0.84,9
37586403,Rômulo,r-cardoso-da-cruz,37259284,Justin Njinmah,j-njinmah,0.84,10
5270466,J. Timber,j-timber,17544737,William Saliba,w-saliba,0.885,1
5270466,J. Timber,j-timber,6306068,Quinten Timber,q-timber,0.877,2
5270466,J. Timber,j-timber,25284,Joachim Andersen,j-andersen,0.865,3
5270466,J. Timber,j-timber,5273,Declan Rice,d-rice,0.864,4
5270466,J. Timber,j-timber,37296248,Micky van de Ven,m-van-de-ven,0.862,5
5270466,J. Timber,j-timber,540027,Calvin Bassey,c-bassey,0.859,6
5270466,J. Timber,j-timber,530762,Martín Zubimendi,m-zubimendi-ibanez,0.858,7
5270466,J. Timber,j-timber,8456257,Pedro Porro,p-porro-sauceda,0.856,8
5270466,J. Timber,j-timber,2206665,Lisandro Martínez,l-martinez-2206665,0.862,9
5270466,J. Timber,j-timber,4536500,Marc Guéhi,m-guehi,0.854,10
4344,Ainsley Maitland-Niles,a-maitland-niles,97669,Nordi Mukiele,n-mukiele-mulere,0.835,1
4344,Ainsley Maitland-Niles,a-maitland-niles,537759,Reiss Nelson,r-nelson,0.841,2
4344,Ainsley Maitland-Niles,a-maitland-niles,37262099,Nuno Mendes,n-mendes,0.839,3
4344,Ainsley Maitland-Niles,a-maitland-niles,37369302,Bamo Meïté,a-meite,0.838,4
4344,Ainsley Maitland-Niles,a-maitland-niles,1494447,Joe Willock,j-willock,0.835,5
4344,Ainsley Maitland-Niles,a-maitland-niles,5270466,J. Timber,j-timber,0.827,6
4344,Ainsley Maitland-Niles,a-maitland-niles,37676603,Arsène Kouassi,k-kouassi,0.825,7
4344,Ainsley Maitland-Niles,a-maitland-niles,24445509,Saud Abdulhamid,s-abdul-hamid,0.833,8
4344,Ainsley Maitland-Niles,a-maitland-niles,6306068,Quinten Timber,q-timber,0.832,9
4344,Ainsley Maitland-Niles,a-maitland-niles,539961,Eddie Nketiah,e-nketiah,0.831,10
96122,Corentin Tolisso,c-tolisso,31824,Leon Goretzka,l-goretzka,0.864,1
96122,Corentin Tolisso,c-tolisso,32769,Djibril Sow,d-sow,0.852,2
96122,Corentin Tolisso,c-tolisso,96128,Abdoulaye Touré,a-toure,0.857,3
96122,Corentin Tolisso,c-tolisso,32582,Marcel Sabitzer,m-sabitzer,0.853,4
96122,Corentin Tolisso,c-tolisso,96804,Frank Anguissa,a-zambo-anguissa,0.851,5
96122,Corentin Tolisso,c-tolisso,23698162,Joris Chotard,j-chotard,0.849,6
96122,Corentin Tolisso,c-tolisso,62342,Youri Tielemans,y-tielemans,0.849,7
96122,Corentin Tolisso,c-tolisso,95694,Adrien Rabiot,a-rabiot,0.838,8
96122,Corentin Tolisso,c-tolisso,785998,Dominik Szoboszlai,d-szoboszlai,0.837,9
96122,Corentin Tolisso,c-tolisso,53625,Amadou Haidara,a-haidara,0.836,10
37577657,Giuliano Simeone,g-simeone,130032,Giovanni Simeone,g-simeone-130032,0.886,1
37577657,Giuliano Simeone,g-simeone,187032,Álex Berenguer,a-berenguer-remiro,0.85,2
37577657,Giuliano Simeone,g-simeone,4545529,Bryan Gil,b-gil-salvatierra,0.845,3
37577657,Giuliano Simeone,g-simeone,205635,Viktor Tsygankov,v-tsygankov,0.844,4
37577657,Giuliano Simeone,g-simeone,37586671,Hugo Álvarez,h-alvarez-antunez,0.843,5
37577657,Giuliano Simeone,g-simeone,37396571,Martín Satriano,m-satriano,0.842,6
37577657,Giuliano Simeone,g-simeone,21394947,Julián Alvarez,j-alvarez,0.84,7
37577657,Giuliano Simeone,g-simeone,7698447,Germán Valera,g-karabinaite,0.83,8
37577657,Giuliano Simeone,g-simeone,31626779,Carlos Romero,c-romero-serrano,0.83,9
37577657,Giuliano Simeone,g-simeone,215532,Nico González,n-gonzalez,0.837,10
23278610,Gonçalo Ramos,g-ramos,37652750,Matías Fernández-Pardo,m-fernandez-pardo-37652750,0.851,1
23278610,Gonçalo Ramos,g-ramos,293951,Mostafa Mohamed,m-abdallah,0.848,2
23278610,Gonçalo Ramos,g-ramos,37263769,Kevin Carlos,k-omoruyi-benjamin,0.842,3
23278610,Gonçalo Ramos,g-ramos,96611,Kylian Mbappé,k-mbappe,0.833,4
23278610,Gonçalo Ramos,g-ramos,187260,Achraf Hakimi,a-hakimi-mouh,0.832,5
23278610,Gonçalo Ramos,g-ramos,37726575,Ibrahim Mbaye,i-mbaye,0.839,6
23278610,Gonçalo Ramos,g-ramos,37656842,Quentin Ndjantou,q-ndjantou-mbitcha,0.837,7
23278610,Gonçalo Ramos,g-ramos,97439,Romain Del Castillo,r-del-castillo,0.837,8
23278610,Gonçalo Ramos,g-ramos,37288979,Hugo Ekitiké,h-ekitike,0.836,9
23278610,Gonçalo Ramos,g-ramos,580971,Danny Namaso,d-loader,0.836,10
37544115,Jon Gorrotxategi,j-gorrotxategi-etxaniz,34422783,Mikel Jauregizar,m-jauregizar-alboniga,0.891,1
37544115,Jon Gorrotxategi,j-gorrotxategi-etxaniz,25922183,Julen Agirrezabala,j-agirrezabala,0.873,2
37544115,Jon Gorrotxategi,j-gorrotxategi-etxaniz,37422925,Jon Aramburu,j-aramburu,0.866,3
37544115,Jon Gorrotxategi,j-gorrotxategi-etxaniz,4545461,Antonio Blanco,a-blanco-conde,0.854,4
37544115,Jon Gorrotxategi,j-gorrotxategi-etxaniz,3510281,Marc Aguado,m-aguado-pallares,0.854,5
37544115,Jon Gorrotxategi,j-gorrotxategi-etxaniz,37590340,Alejandro Rego,a-rego-mora,0.86,6
37544115,Jon Gorrotxategi,j-gorrotxategi-etxaniz,187167,Pepelu,j-garcia-vaya,0.853,7
37544115,Jon Gorrotxategi,j-gorrotxategi-etxaniz,37259638,David Affengruber,d-affengruber,0.852,8
37544115,Jon Gorrotxategi,j-gorrotxategi-etxaniz,96874,Mauro Arambarri,m-arambarri-rosa,0.849,9
37544115,Jon Gorrotxategi,j-gorrotxategi-etxaniz,189585,Santi Comesaña,s-comesana-veiga,0.848,10
798,Olivier Giroud,o-giroud,129523,Duván Zapata,d-zapata-banguera,0.851,1
798,Olivier Giroud,o-giroud,31739,Pierre-Emerick Aubameyang,p-aubameyang,0.844,2
798,Olivier Giroud,o-giroud,96950,Jean-Philippe Mateta,j-mateta,0.835,3
798,Olivier Giroud,o-giroud,995,Romelu Lukaku,r-lukaku-menama,0.832,4
798,Olivier Giroud,o-giroud,37712530,Idrissa Gueye,i-gueye-37712530,0.831,5
798,Olivier Giroud,o-giroud,1887,Granit Xhaka,g-xhaka,0.83,6
798,Olivier Giroud,o-giroud,627,Danny Welbeck,d-tackie-mensah-welbeck,0.837,7
798,Olivier Giroud,o-giroud,154421,Erling Haaland,e-haaland,0.828,8
798,Olivier Giroud,o-giroud,914,Chris Wood,c-wood,0.835,9
798,Olivier Giroud,o-giroud,30446920,El Bilal Touré,e-toure,0.835,10
37459056,Nathan Ngoy,n-ngoy,98874,Moussa Niakhaté,m-niakhate,0.866,1
37459056,Nathan Ngoy,n-ngoy,766594,Youssouf Ndayishimiye,y-ndayishimiye,0.864,2
37459056,Nathan Ngoy,n-ngoy,37289235,Clément Akpa,c-akpa,0.864,3
37459056,Nathan Ngoy,n-ngoy,37569271,Antoine Mendy,a-mendy,0.859,4
37459056,Nathan Ngoy,n-ngoy,37423017,Samson Baidoo,s-baidoo,0.858,5
37459056,Nathan Ngoy,n-ngoy,37529619,Ismaël Doukouré,i-doukoure,0.862,6
37459056,Nathan Ngoy,n-ngoy,21802856,Arouna Sangante,a-sangante,0.862,7
37459056,Nathan Ngoy,n-ngoy,37658191,Bastien Meupiyou,n-meupiyou-menadjou,0.854,8
37459056,Nathan Ngoy,n-ngoy,1548632,Jaka Bijol,j-bijol,0.851,9
37459056,Nathan Ngoy,n-ngoy,37715699,Abdoulaye Faye,a-faye,0.858,10
37676891,Ngal'ayel Mukau,n-mukau,37622174,Abdoul Ouattara,g-ouattara,0.861,1
37676891,Ngal'ayel Mukau,n-mukau,37692095,Samir El Mourabet,s-el-mourabet,0.859,2
37676891,Ngal'ayel Mukau,n-mukau,37540396,Junior Mwanga,j-mwanga,0.858,3
37676891,Ngal'ayel Mukau,n-mukau,37341853,Beni Mukendi,b-mambuene-mukendi,0.857,4
37676891,Ngal'ayel Mukau,n-mukau,37541144,Bilal Nadir,b-nadir,0.848,5
37676891,Ngal'ayel Mukau,n-mukau,37530901,Maghnes Akliouche,m-akliouche,0.839,6
37676891,Ngal'ayel Mukau,n-mukau,37289235,Clément Akpa,c-akpa,0.839,7
37676891,Ngal'ayel Mukau,n-mukau,527765,Mahdi Camara,m-camara-527765,0.844,8
37676891,Ngal'ayel Mukau,n-mukau,37656842,Quentin Ndjantou,q-ndjantou-mbitcha,0.843,9
37676891,Ngal'ayel Mukau,n-mukau,37676630,Arthur Avom,a-ebong-avon,0.842,10
37717176,Ayyoub Bouaddi,a-bouaddi,10310744,Hicham Boudaoui,h-boudaoui,0.907,1
37717176,Ayyoub Bouaddi,a-bouaddi,37423017,Samson Baidoo,s-baidoo,0.861,2
37717176,Ayyoub Bouaddi,a-bouaddi,527765,Mahdi Camara,m-camara-527765,0.85,3
37717176,Ayyoub Bouaddi,a-bouaddi,37645043,Assan Ouédraogo,f-ouedraogo,0.849,4
37717176,Ayyoub Bouaddi,a-bouaddi,37694961,Abdelhamid Ait Boudlal,abdelhamid-ait-boudlal,0.848,5
37717176,Ayyoub Bouaddi,a-bouaddi,37633774,Gessime Yassine,g-yassine,0.847,6
37717176,Ayyoub Bouaddi,a-bouaddi,5283870,Junior Dina Ebimbe,e-dina-ebimbe,0.846,7
37717176,Ayyoub Bouaddi,a-bouaddi,37590937,Djaoui Cissé,d-cisse,0.844,8
37717176,Ayyoub Bouaddi,a-bouaddi,37579899,Kévin Danois,k-danois,0.836,9
37717176,Ayyoub Bouaddi,a-bouaddi,37590938,Désiré Doué,d-doue,0.844,10
2815,Dan Burn,d-burn,32372,Fabian Schär,f-schar,0.879,1
2815,Dan Burn,d-burn,5270468,Sven Botman,s-botman,0.883,2
2815,Dan Burn,d-burn,11658171,Sepp van den Berg,s-van-den-berg,0.86,3
2815,Dan Burn,d-burn,1639,James Tarkowski,j-tarkowski,0.859,4
2815,Dan Burn,d-burn,4536500,Marc Guéhi,m-guehi,0.854,5
2815,Dan Burn,d-burn,100556,Ibrahima Konaté,i-konate,0.85,6
2815,Dan Burn,d-burn,151418,Kristoffer Ajer,k-vassbakk-ajer,0.846,7
2815,Dan Burn,d-burn,537117,Trevoh Chalobah,t-chalobah,0.846,8
2815,Dan Burn,d-burn,21762216,Malick Thiaw,m-thiaw,0.844,9
2815,Dan Burn,d-burn,25284,Joachim Andersen,j-andersen,0.842,10
459145,Bruno Guimarães,b-guimaraes-rodriguez-moura,33645,Joelinton,j-apolinario-de-lira,0.877,1
459145,Bruno Guimarães,b-guimaraes-rodriguez-moura,2823228,Sandro Tonali,s-tonali,0.873,2
459145,Bruno Guimarães,b-guimaraes-rodriguez-moura,173737,Sean Longstaff,s-longstaff,0.879,3
459145,Bruno Guimarães,b-guimaraes-rodriguez-moura,129602,Bruno Fernandes,b-fernandes,0.869,4
459145,Bruno Guimarães,b-guimaraes-rodriguez-moura,37592729,João Neves,j-goncalves-neves,0.859,5
459145,Bruno Guimarães,b-guimaraes-rodriguez-moura,1846739,Matheus Cunha,m-carneiro-da-cunha,0.852,6
459145,Bruno Guimarães,b-guimaraes-rodriguez-moura,3156873,Tijjani Reijnders,t-reijnders,0.851,7
459145,Bruno Guimarães,b-guimaraes-rodriguez-moura,159700,Casemiro,c-casimiro,0.849,8
459145,Bruno Guimarães,b-guimaraes-rodriguez-moura,37593153,Mateus Fernandes,m-espanha-fernandes,0.849,9
459145,Bruno Guimarães,b-guimaraes-rodriguez-moura,37402348,João Gomes,gomes,0.849,10
933,Matteo Darmian,m-darmian,97621,Carlens Arcus,c-arcus,0.848,1
933,Matteo Darmian,m-darmian,25242,Robin Gosens,r-gosens,0.834,2
933,Matteo Darmian,m-darmian,4545486,Sergio López,s-lopez-galache,0.838,3
933,Matteo Darmian,m-darmian,63074,Siebe Horemans,s-horemans,0.826,4
933,Matteo Darmian,m-darmian,37684845,Mats Rots,m-rots,0.826,5
933,Matteo Darmian,m-darmian,201131,Zeki Yavru,z-yavru,0.825,6
933,Matteo Darmian,m-darmian,189276,Víctor García,v-garcia-marin,0.825,7
933,Matteo Darmian,m-darmian,37663659,Lars de Blok,l-de-blok,0.825,8
933,Matteo Darmian,m-darmian,37266095,David Herold,d-herold,0.824,9
933,Matteo Darmian,m-darmian,37719662,Xavi Espart,x-espart-font,0.832,10
32362,Joshua Kimmich,j-kimmich,322964,Min-jae Kim,m-kim,0.886,1
32362,Joshua Kimmich,j-kimmich,31824,Leon Goretzka,l-goretzka,0.879,2
32362,Joshua Kimmich,j-kimmich,4574,Aleix García,a-garcia-serrano,0.855,3
32362,Joshua Kimmich,j-kimmich,30642,Manuel Neuer,m-neuer,0.854,4
32362,Joshua Kimmich,j-kimmich,31836,Jonathan Tah,j-tah,0.85,5
32362,Joshua Kimmich,j-kimmich,35364,Robin Koch,r-koch,0.841,6
32362,Joshua Kimmich,j-kimmich,942,Serge Gnabry,s-gnabry,0.839,7
32362,Joshua Kimmich,j-kimmich,32582,Marcel Sabitzer,m-sabitzer,0.845,8
32362,Joshua Kimmich,j-kimmich,129890,Manuel Locatelli,m-locatelli,0.837,9
32362,Joshua Kimmich,j-kimmich,31730,Maximilian Arnold,m-arnold,0.842,10
52585,Konrad Laimer,k-laimer,3862700,Christoph Baumgartner,c-baumgartner,0.87,1
52585,Konrad Laimer,k-laimer,32582,Marcel Sabitzer,m-sabitzer,0.873,2
52585,Konrad Laimer,k-laimer,37342993,Ezequiel Fernández,i-fernandez-carballo,0.869,3
52585,Konrad Laimer,k-laimer,785998,Dominik Szoboszlai,d-szoboszlai,0.858,4
52585,Konrad Laimer,k-laimer,36119,David Raum,d-raum,0.857,5
52585,Konrad Laimer,k-laimer,33685,Dayot Upamecano,d-upamecano,0.855,6
52585,Konrad Laimer,k-laimer,24817439,Fabian Rieder,f-rieder,0.852,7
52585,Konrad Laimer,k-laimer,24469115,Castello Lukeba,c-lukeba,0.851,8
52585,Konrad Laimer,k-laimer,37598755,Oscar Højlund,o-hojlund,0.85,9
52585,Konrad Laimer,k-laimer,459660,Romano Schmid,r-schmid,0.842,10
459653,Santiago Bueno,s-bueno-sciutto,37286738,Hugo Bueno,h-bueno,0.911,1
459653,Santiago Bueno,s-bueno-sciutto,37627036,Murillo,m-santiago-costa-dos-santos,0.864,2
459653,Santiago Bueno,s-bueno-sciutto,333989,Marcos Senesi,m-senesi,0.863,3
459653,Santiago Bueno,s-bueno-sciutto,21781428,Matheus Nunes,m-nunes,0.86,4
459653,Santiago Bueno,s-bueno-sciutto,21762216,Malick Thiaw,m-thiaw,0.856,5
459653,Santiago Bueno,s-bueno-sciutto,2206665,Lisandro Martínez,l-martinez-2206665,0.861,6
459653,Santiago Bueno,s-bueno-sciutto,1548632,Jaka Bijol,j-bijol,0.853,7
459653,Santiago Bueno,s-bueno-sciutto,4536500,Marc Guéhi,m-guehi,0.852,8
459653,Santiago Bueno,s-bueno-sciutto,339112,Joe Rodon,j-rodon,0.851,9
459653,Santiago Bueno,s-bueno-sciutto,37623459,Abdukodir Khusanov,a-khusanov,0.858,10
186922,Marc Roca,m-roca-junque,37598148,Joel Roca,j-roca-casals,0.889,1
186922,Marc Roca,m-roca-junque,8092941,Jon Moncayola,j-moncayola-tollar,0.853,2
186922,Marc Roca,m-roca-junque,3510281,Marc Aguado,m-aguado-pallares,0.851,3
186922,Marc Roca,m-roca-junque,189585,Santi Comesaña,s-comesana-veiga,0.848,4
186922,Marc Roca,m-roca-junque,96660,Baptiste Santamaria,b-santamaria,0.855,5
186922,Marc Roca,m-roca-junque,19960396,Nicolás Fonseca,n-fonseca,0.852,6
186922,Marc Roca,m-roca-junque,37297497,Carlos Puga,c-puga-medina,0.851,7
186922,Marc Roca,m-roca-junque,4545461,Antonio Blanco,a-blanco-conde,0.84,8
186922,Marc Roca,m-roca-junque,4574,Aleix García,a-garcia-serrano,0.84,9
186922,Marc Roca,m-roca-junque,5270371,Aurélien Tchouaméni,a-tchouameni,0.838,10
37297124,Abde Ezzalzouli,a-ezzalzouli,13981024,Largie Ramazani,l-ramazani,0.886,1
37297124,Abde Ezzalzouli,a-ezzalzouli,205635,Viktor Tsygankov,v-tsygankov,0.863,2
37297124,Abde Ezzalzouli,a-ezzalzouli,240195,Cucho Hernández,j-hernandez-suarez,0.856,3
37297124,Abde Ezzalzouli,a-ezzalzouli,7698447,Germán Valera,g-karabinaite,0.855,4
37297124,Abde Ezzalzouli,a-ezzalzouli,4545529,Bryan Gil,b-gil-salvatierra,0.855,5
37297124,Abde Ezzalzouli,a-ezzalzouli,37598148,Joel Roca,j-roca-casals,0.853,6
37297124,Abde Ezzalzouli,a-ezzalzouli,187032,Álex Berenguer,a-berenguer-remiro,0.853,7
37297124,Abde Ezzalzouli,a-ezzalzouli,13981031,Zakaria Aboukhlal,z-aboukhlal,0.852,8
37297124,Abde Ezzalzouli,a-ezzalzouli,37316483,Diego López,d-lopez-noguerol,0.852,9
37297124,Abde Ezzalzouli,a-ezzalzouli,129677,Mattia Zaccagni,m-zaccagni,0.843,10
23688922,Eduardo Camavinga,e-camavinga,5270371,Aurélien Tchouaméni,a-tchouameni,0.894,1
23688922,Eduardo Camavinga,e-camavinga,260862,Federico Valverde,f-valverde-dipetta,0.887,2
23688922,Eduardo Camavinga,e-camavinga,37288001,Pedri,p-lopez,0.873,3
23688922,Eduardo Camavinga,e-camavinga,37255840,Jude Bellingham,j-bellingham,0.864,4
23688922,Eduardo Camavinga,e-camavinga,600687,Vinicius Junior,vinicius,0.853,5
23688922,Eduardo Camavinga,e-camavinga,7346228,Rodrygo,r-silva-de-goes,0.857,6
23688922,Eduardo Camavinga,e-camavinga,186734,Dani Ceballos,d-ceballos-fernandez,0.85,7
23688922,Eduardo Camavinga,e-camavinga,25489,Sofyan Amrabat,s-amrabat,0.846,8
23688922,Eduardo Camavinga,e-camavinga,268,Luka Modrić,l-modri,0.838,9
23688922,Eduardo Camavinga,e-camavinga,22168912,Lucien Agoumé,l-agoume,0.843,10
32158,Julian Brandt,j-brandt,37429246,Florian Wirtz,f-wirtz,0.851,1
32158,Julian Brandt,j-brandt,80675,Patrik Schick,p-schick,0.855,2
32158,Julian Brandt,j-brandt,15040126,Karim Adeyemi,k-adeyemi,0.848,3
32158,Julian Brandt,j-brandt,459660,Romano Schmid,r-schmid,0.84,4
32158,Julian Brandt,j-brandt,37543258,Derry Scherhant,d-scherhant,0.845,5
32158,Julian Brandt,j-brandt,5270497,Fábio Vieira,f-ferreira-vieira,0.844,6
32158,Julian Brandt,j-brandt,538907,Albert Sambi Lokonga,a-sambi-lokonga,0.841,7
32158,Julian Brandt,j-brandt,32585,Nadiem Amiri,n-amiri,0.839,8
32158,Julian Brandt,j-brandt,3862700,Christoph Baumgartner,c-baumgartner,0.83,9
32158,Julian Brandt,j-brandt,1388,Emre Can,e-can,0.838,10
6306127,Felix Nmecha,f-nmecha,537217,Lukas Nmecha,l-nmecha,0.892,1
6306127,Felix Nmecha,f-nmecha,37259284,Justin Njinmah,j-njinmah,0.875,2
6306127,Felix Nmecha,f-nmecha,37649995,Francis Onyeka,f-onyeka,0.867,3
6306127,Felix Nmecha,f-nmecha,37656783,Chema Andrés,j-andres-baixauli,0.867,4
6306127,Felix Nmecha,f-nmecha,27393,Ragnar Ache,r-ache,0.861,5
6306127,Felix Nmecha,f-nmecha,34880,Robert Andrich,r-andrich,0.86,6
6306127,Felix Nmecha,f-nmecha,36440,Patrick Sontheimer,p-sontheimer,0.852,7
6306127,Felix Nmecha,f-nmecha,32379,Maximilian Eggestein,m-eggestein,0.852,8
6306127,Felix Nmecha,f-nmecha,24817439,Fabian Rieder,f-rieder,0.858,9
6306127,Felix Nmecha,f-nmecha,37645233,Ibrahim Maza,i-maza,0.858,10
186418,Gerónimo Rulli,g-rulli,333616,Juan Musso,j-musso,0.869,1
186418,Gerónimo Rulli,g-rulli,1343,Emiliano Martínez,d-martinez,0.853,2
186418,Gerónimo Rulli,g-rulli,97706,Jean Butez,j-butez,0.853,3
186418,Gerónimo Rulli,g-rulli,333778,Augusto Batalla,a-batalla-barga,0.851,4
186418,Gerónimo Rulli,g-rulli,31892,Odysseas Vlachodimos,o-vlachodimos,0.849,5
186418,Gerónimo Rulli,g-rulli,16475841,Joan García,j-pons,0.855,6
186418,Gerónimo Rulli,g-rulli,95393,Alphonse Areola,a-areola,0.854,7
186418,Gerónimo Rulli,g-rulli,460159,Lucas Perri,l-estella-perri,0.846,8
186418,Gerónimo Rulli,g-rulli,1011,Joel Robles,j-robles-blazquez,0.845,9
186418,Gerónimo Rulli,g-rulli,37590621,Mike Penders,m-penders,0.845,10
537332,Timothy Weah,t-weah,37614052,Ernest Nuamah,e-appiah-nuamah,0.851,1
537332,Timothy Weah,t-weah,37592030,Samuel Amo-Ameyaw,s-amo-ameyaw,0.851,2
537332,Timothy Weah,t-weah,162141,Mama Baldé,m-balde,0.851,3
537332,Timothy Weah,t-weah,430403,Krépin Diatta,k-diatta,0.85,4
537332,Timothy Weah,t-weah,37530901,Maghnes Akliouche,m-akliouche,0.84,5
537332,Timothy Weah,t-weah,62400,Moses Simon,m-simon,0.845,6
537332,Timothy Weah,t-weah,37590938,Désiré Doué,d-doue,0.844,7
537332,Timothy Weah,t-weah,4969702,Folarin Balogun,f-balogun,0.844,8
537332,Timothy Weah,t-weah,37317369,Bradley Barcola,b-barcola,0.838,9
537332,Timothy Weah,t-weah,7691269,Lassine Sinayoko,l-sinayoko,0.828,10
37698005,Conrad Harder,c-harder,37588260,Keke Topp,k-topp,0.865,1
37698005,Conrad Harder,c-harder,432832,Samuel Essende,s-essende,0.851,2
37698005,Conrad Harder,c-harder,37259284,Justin Njinmah,j-njinmah,0.858,3
37698005,Conrad Harder,c-harder,34987,Tim Kleindienst,t-kleindienst,0.849,4
37698005,Conrad Harder,c-harder,32819099,Fisnik Asllani,f-asllani,0.854,5
37698005,Conrad Harder,c-harder,27393,Ragnar Ache,r-ache,0.854,6
37698005,Conrad Harder,c-harder,46092,Ermedin Demirovic,e-demirovi,0.845,7
37698005,Conrad Harder,c-harder,37590619,Nelson Weiper,n-weiper,0.851,8
37698005,Conrad Harder,c-harder,37417027,Igor Matanovic,i-matanovic,0.85,9
37698005,Conrad Harder,c-harder,37912237,Christian Kofane,c-kofane,0.849,10
181184,Dominik Greif,d-greif,37608935,Robin Risser,r-risser,0.866,1
181184,Dominik Greif,d-greif,37590621,Mike Penders,m-penders,0.866,2
181184,Dominik Greif,d-greif,17187774,Lucas Chevalier,l-chevalier,0.867,3
181184,Dominik Greif,d-greif,204877,Berke Özer,b-ozer,0.859,4
181184,Dominik Greif,d-greif,96030,Brice Samba,b-samba,0.858,5
181184,Dominik Greif,d-greif,97706,Jean Butez,j-butez,0.855,6
181184,Dominik Greif,d-greif,99157,Yehvann Diouf,y-diouf,0.853,7
181184,Dominik Greif,d-greif,156566,Radoslaw Majecki,r-majecki,0.854,8
181184,Dominik Greif,d-greif,37584869,Guillaume Restes,g-restes,0.842,9
181184,Dominik Greif,d-greif,197704,Yvon Mvogo,y-mvogo,0.849,10
27081112,Tanner Tessmann,t-tessmann,96348,Adrien Thomasson,a-thomasson,0.873,1
27081112,Tanner Tessmann,t-tessmann,97454,Hugo Magnetti,h-magnetti,0.851,2
27081112,Tanner Tessmann,t-tessmann,37579899,Kévin Danois,k-danois,0.845,3
27081112,Tanner Tessmann,t-tessmann,32379,Maximilian Eggestein,m-eggestein,0.844,4
27081112,Tanner Tessmann,t-tessmann,37622174,Abdoul Ouattara,g-ouattara,0.851,5
27081112,Tanner Tessmann,t-tessmann,37540396,Junior Mwanga,j-mwanga,0.848,6
27081112,Tanner Tessmann,t-tessmann,13155985,Charles Vanhoutte,c-vanhoutte,0.847,7
27081112,Tanner Tessmann,t-tessmann,537422,J. Teze,j-teze,0.844,8
27081112,Tanner Tessmann,t-tessmann,37592734,Diego Moreira,d-da-silva-moreira,0.836,9
27081112,Tanner Tessmann,t-tessmann,37584869,Guillaume Restes,g-restes,0.836,10
37316836,Tyler Morton,t-morton,37692095,Samir El Mourabet,s-el-mourabet,0.869,1
37316836,Tyler Morton,t-morton,455796,Aron Dønnum,a-donnum,0.861,2
37316836,Tyler Morton,t-morton,13155985,Charles Vanhoutte,c-vanhoutte,0.86,3
37316836,Tyler Morton,t-morton,37787315,Rudy Matondo,r-matondo-37787315,0.856,4
37316836,Tyler Morton,t-morton,937,Nabil Bentaleb,n-bentaleb,0.852,5
37316836,Tyler Morton,t-morton,23698162,Joris Chotard,j-chotard,0.852,6
37316836,Tyler Morton,t-morton,6306068,Quinten Timber,q-timber,0.849,7
37316836,Tyler Morton,t-morton,37599086,Arthur Vermeeren,a-vermeeren,0.849,8
37316836,Tyler Morton,t-morton,37541144,Bilal Nadir,b-nadir,0.846,9
37316836,Tyler Morton,t-morton,37262105,Eric Martel,e-martel,0.838,10
160208,Alejandro Grimaldo,a-grimaldo-garcia,62502,Ramy Bensebaini,r-bensebaini,0.868,1
160208,Alejandro Grimaldo,a-grimaldo-garcia,36119,David Raum,d-raum,0.858,2
160208,Alejandro Grimaldo,a-grimaldo-garcia,4536537,Sergio Gómez,s-gomez,0.854,3
160208,Alejandro Grimaldo,a-grimaldo-garcia,84528,Rasmus Kristensen,r-kristensen,0.849,4
160208,Alejandro Grimaldo,a-grimaldo-garcia,78282,Dimitrios Giannoulis,d-giannoulis,0.851,5
160208,Alejandro Grimaldo,a-grimaldo-garcia,32384,Maximilian Mittelstädt,m-mittelstadt,0.849,6
160208,Alejandro Grimaldo,a-grimaldo-garcia,537595,Óscar Mingueza,o-mingueza-garcia,0.849,7
160208,Alejandro Grimaldo,a-grimaldo-garcia,35281182,Lorenz Assignon,l-assignon,0.849,8
160208,Alejandro Grimaldo,a-grimaldo-garcia,3862352,Nico Schlotterbeck,n-schlotterbeck,0.849,9
160208,Alejandro Grimaldo,a-grimaldo-garcia,190972,Eric Smith,e-smith,0.848,10
766659,Edmond Tapsoba,e-tapsoba,37259163,Jarell Quansah,j-quansah,0.898,1
766659,Edmond Tapsoba,e-tapsoba,31836,Jonathan Tah,j-tah,0.892,2
766659,Edmond Tapsoba,e-tapsoba,35364,Robin Koch,r-koch,0.884,3
766659,Edmond Tapsoba,e-tapsoba,37675898,Karim Coulibaly,a-coulibaly,0.873,4
766659,Edmond Tapsoba,e-tapsoba,25922235,Arthur Theate,a-theate,0.865,5
766659,Edmond Tapsoba,e-tapsoba,10279739,Loïc Badé,l-bade,0.871,6
766659,Edmond Tapsoba,e-tapsoba,21762216,Malick Thiaw,m-thiaw,0.863,7
766659,Edmond Tapsoba,e-tapsoba,24469115,Castello Lukeba,c-lukeba,0.869,8
766659,Edmond Tapsoba,e-tapsoba,28931733,Odilon Kossounou,k-odilon,0.862,9
766659,Edmond Tapsoba,e-tapsoba,37522785,Gonçalo Inácio,g-inacio,0.861,10
23277869,Malik Tillman,m-tillman,17158438,Joe Scally,j-scally,0.882,1
23277869,Malik Tillman,m-tillman,37315658,Kevin Paredes,k-paredes,0.864,2
23277869,Malik Tillman,m-tillman,608189,Weston McKennie,w-mckennie,0.859,3
23277869,Malik Tillman,m-tillman,34432365,Giovanni Reyna,g-reyna,0.866,4
23277869,Malik Tillman,m-tillman,459660,Romano Schmid,r-schmid,0.85,5
23277869,Malik Tillman,m-tillman,37266223,Jan Thielmann,j-thielmann,0.854,6
23277869,Malik Tillman,m-tillman,31626713,Carney Chukwuemeka,c-chukwuemeka,0.853,7
23277869,Malik Tillman,m-tillman,37255840,Jude Bellingham,j-bellingham,0.842,8
23277869,Malik Tillman,m-tillman,26015,Guus Til,g-til,0.842,9
23277869,Malik Tillman,m-tillman,37588260,Keke Topp,k-topp,0.848,10
37537954,Tim Oermann,t-oermann,31353,Matthias Zimmermann,m-zimmermann,0.842,1
37537954,Tim Oermann,t-oermann,25439,Roland Baas,r-baas,0.835,2
37537954,Tim Oermann,t-oermann,46954,Marco Meyerhöfer,m-meyerhofer,0.834,3
37537954,Tim Oermann,t-oermann,84448,O. Buur,o-buur,0.834,4
37537954,Tim Oermann,t-oermann,37591574,T. Storm,t-storm,0.833,5
37537954,Tim Oermann,t-oermann,25188222,Henning Matriciani,h-matriciani,0.829,6
37537954,Tim Oermann,t-oermann,31866,Fabian Holland,f-holland,0.829,7
37537954,Tim Oermann,t-oermann,11704884,Jean Manuel Mbom,j-mbom,0.828,8
37537954,Tim Oermann,t-oermann,16827159,Arvin Appiah,arvin-appiah,0.828,9
37537954,Tim Oermann,t-oermann,186430,Carlos Vigaray,carlos-vigaray,0.827,10
37568511,Ernest Poku,e-poku,37266015,Youssoufa Moukoko,y-moukoko,0.868,1
37568511,Ernest Poku,e-poku,15040126,Karim Adeyemi,k-adeyemi,0.87,2
37568511,Ernest Poku,e-poku,37566137,Ismaël Gharbi,i-gharbi,0.851,3
37568511,Ernest Poku,e-poku,37912237,Christian Kofane,c-kofane,0.855,4
37568511,Ernest Poku,e-poku,1685328,Andreas Skov Olsen,a-olsen,0.853,5
37568511,Ernest Poku,e-poku,37400407,Johan Bakayoko,j-bakayoko,0.851,6
37568511,Ernest Poku,e-poku,1494225,Nathan Tella,n-tella,0.85,7
37568511,Ernest Poku,e-poku,23269679,Fábio Silva,f-soares-silva,0.85,8
37568511,Ernest Poku,e-poku,448290,Javi Puado,j-puado-diaz,0.849,9
37568511,Ernest Poku,e-poku,310486,Ritsu Doan,r-doan,0.841,10
37912237,Christian Kofane,c-kofane,32695,Serhou Guirassy,s-guirassy,0.875,1
37912237,Christian Kofane,c-kofane,37291444,Andréas Hountondji,a-hountondji,0.876,2
37912237,Christian Kofane,c-kofane,96307,Franck Honorat,f-honorat,0.873,3
37912237,Christian Kofane,c-kofane,37922937,Yan Diomande,y-diomande,0.873,4
37912237,Christian Kofane,c-kofane,34987,Tim Kleindienst,t-kleindienst,0.865,5
37912237,Christian Kofane,c-kofane,37266013,Ansgar Knauff,a-knauff,0.87,6
37912237,Christian Kofane,c-kofane,46092,Ermedin Demirovic,e-demirovi,0.863,7
37912237,Christian Kofane,c-kofane,37658280,Bazoumana Touré,b-toure,0.869,8
37912237,Christian Kofane,c-kofane,37259284,Justin Njinmah,j-njinmah,0.868,9
37912237,Christian Kofane,c-kofane,37588260,Keke Topp,k-topp,0.865,10
159276,Jan Oblak,j-oblak,1314,Thibaut Courtois,t-courtois,0.874,1
159276,Jan Oblak,j-oblak,187215,Unai Simón,u-simon-mendibil,0.871,2
159276,Jan Oblak,j-oblak,832,David de Gea,d-de-gea-quintana,0.862,3
159276,Jan Oblak,j-oblak,73721,Dominik Livakovic,d-livakovi,0.852,4
159276,Jan Oblak,j-oblak,187110,Álex Remiro,a-remiro-gargallo,0.847,5
159276,Jan Oblak,j-oblak,30642,Manuel Neuer,m-neuer,0.849,6
159276,Jan Oblak,j-oblak,155896,Vanja Milinković-Savić,v-milinkovi-savi,0.84,7
159276,Jan Oblak,j-oblak,16475841,Joan García,j-pons,0.848,8
159276,Jan Oblak,j-oblak,189296,Sergio Herrera,s-herrera-piron,0.84,9
159276,Jan Oblak,j-oblak,5967970,Leo Román,l-roman-riquelme,0.846,10
181449,Dávid Hancko,d-hancko,24468965,Javi López,j-lopez-carballo,0.869,1
181449,Dávid Hancko,d-hancko,4536537,Sergio Gómez,s-gomez,0.856,2
181449,Dávid Hancko,d-hancko,37316480,Alejandro Balde,a-balde-martinez,0.855,3
181449,Dávid Hancko,d-hancko,37402078,José Ángel Carmona,jose-angel-carmona,0.844,4
181449,Dávid Hancko,d-hancko,37600243,Jorrel Hato,j-hato,0.85,5
181449,Dávid Hancko,d-hancko,465803,Gabriel Suazo,g-suazo-urbina,0.85,6
181449,Dávid Hancko,d-hancko,26328601,Sergi Cardona,s-cardona-bermudez,0.849,7
181449,Dávid Hancko,d-hancko,9308118,Andrei Rațiu,a-ratiu,0.841,8
181449,Dávid Hancko,d-hancko,37357510,Gerard Martín,g-martin-langreo,0.848,9
181449,Dávid Hancko,d-hancko,37541244,Arnau Martínez,a-martinez,0.84,10
23738800,Manu Koné,k-kone,37582178,Ismaël Koné,i-kone,0.957,1
23738800,Manu Koné,k-kone,37564372,Mandela Keita,m-keita,0.872,2
23738800,Manu Koné,k-kone,4545404,Khéphren Thuram,k-thuram-ulien,0.874,3
23738800,Manu Koné,k-kone,545244,Éderson,e-dos-santos-lourenco-da-silva,0.861,4
23738800,Manu Koné,k-kone,37532950,Kristjan Asllani,k-asllani,0.864,5
23738800,Manu Koné,k-kone,37536953,Mamadou Sangaré,m-sangare,0.864,6
23738800,Manu Koné,k-kone,96943,Ibrahim Sangaré,i-sangare,0.864,7
23738800,Manu Koné,k-kone,73603,Mario Pašalić,m-paali,0.863,8
23738800,Manu Koné,k-kone,129467,Bryan Cristante,b-cristante,0.852,9
23738800,Manu Koné,k-kone,37622174,Abdoul Ouattara,g-ouattara,0.857,10
41077,Deniz Undav,d-undav,46092,Ermedin Demirovic,e-demirovi,0.88,1
41077,Deniz Undav,d-undav,34987,Tim Kleindienst,t-kleindienst,0.872,2
41077,Deniz Undav,d-undav,32695,Serhou Guirassy,s-guirassy,0.867,3
41077,Deniz Undav,d-undav,3862683,Jonathan Burkardt,j-burkardt,0.872,4
41077,Deniz Undav,d-undav,37291444,Andréas Hountondji,a-hountondji,0.865,5
41077,Deniz Undav,d-undav,37266015,Youssoufa Moukoko,y-moukoko,0.854,6
41077,Deniz Undav,d-undav,37588260,Keke Topp,k-topp,0.858,7
41077,Deniz Undav,d-undav,12426453,Jamie Leweling,j-leweling,0.858,8
41077,Deniz Undav,d-undav,37259284,Justin Njinmah,j-njinmah,0.857,9
41077,Deniz Undav,d-undav,37417027,Igor Matanovic,i-matanovic,0.856,10
4545430,Vitinha,v-machado-ferreira,37538647,Vitinha,v-carvalho-oliveira,0.896,1
4545430,Vitinha,v-machado-ferreira,159372,André Gomes,a-tavares-gomes,0.862,2
4545430,Vitinha,v-machado-ferreira,5270371,Aurélien Tchouaméni,a-tchouameni,0.861,3
4545430,Vitinha,v-machado-ferreira,96290,Valentin Rongier,v-rongier,0.851,4
4545430,Vitinha,v-machado-ferreira,523939,Orel Mangala,o-mangala,0.848,5
4545430,Vitinha,v-machado-ferreira,13155985,Charles Vanhoutte,c-vanhoutte,0.855,6
4545430,Vitinha,v-machado-ferreira,37593237,Warren Zaïre-Emery,w-zaire-emery,0.855,7
4545430,Vitinha,v-machado-ferreira,37421962,Otávio,otavio-ataide,0.851,8
4545430,Vitinha,v-machado-ferreira,29328428,Igor Paixão,i-barbosa-da-paixao,0.85,9
4545430,Vitinha,v-machado-ferreira,37592729,João Neves,j-goncalves-neves,0.848,10
37317369,Bradley Barcola,b-barcola,37577727,Valentín Barco,v-barco,0.903,1
37317369,Bradley Barcola,b-barcola,37590938,Désiré Doué,d-doue,0.865,2
37317369,Bradley Barcola,b-barcola,21072805,Rayan Cherki,m-cherki,0.859,3
37317369,Bradley Barcola,b-barcola,162141,Mama Baldé,m-balde,0.855,4
37317369,Bradley Barcola,b-barcola,37614052,Ernest Nuamah,e-appiah-nuamah,0.845,5
37317369,Bradley Barcola,b-barcola,29328428,Igor Paixão,i-barbosa-da-paixao,0.852,6
37317369,Bradley Barcola,b-barcola,62400,Moses Simon,m-simon,0.85,7
37317369,Bradley Barcola,b-barcola,97439,Romain Del Castillo,r-del-castillo,0.849,8
37317369,Bradley Barcola,b-barcola,32403,Ousmane Dembélé,o-dembele,0.847,9
37317369,Bradley Barcola,b-barcola,37530901,Maghnes Akliouche,m-akliouche,0.84,10
96943,Ibrahim Sangaré,i-sangare,37536953,Mamadou Sangaré,m-sangare,0.959,1
96943,Ibrahim Sangaré,i-sangare,37342694,Pape Matar Sarr,p-sarr,0.877,2
96943,Ibrahim Sangaré,i-sangare,5640926,Cheick Doucouré,c-doucoure,0.873,3
96943,Ibrahim Sangaré,i-sangare,523939,Orel Mangala,o-mangala,0.862,4
96943,Ibrahim Sangaré,i-sangare,64193,Sander Berge,s-berge,0.861,5
96943,Ibrahim Sangaré,i-sangare,37564315,Dário Essugo,d-luis-essugo,0.859,6
96943,Ibrahim Sangaré,i-sangare,96765,Malang Sarr,m-sarr-96765,0.865,7
96943,Ibrahim Sangaré,i-sangare,37582178,Ismaël Koné,i-kone,0.858,8
96943,Ibrahim Sangaré,i-sangare,5319,Wilfred Ndidi,o-ndidi,0.865,9
96943,Ibrahim Sangaré,i-sangare,37642676,Lamine Camara,l-camara,0.864,10
31836,Jonathan Tah,j-tah,766659,Edmond Tapsoba,e-tapsoba,0.892,1
31836,Jonathan Tah,j-tah,35364,Robin Koch,r-koch,0.878,2
31836,Jonathan Tah,j-tah,32525,Nico Elvedi,n-elvedi,0.874,3
31836,Jonathan Tah,j-tah,31561,Matthias Ginter,m-ginter,0.871,4
31836,Jonathan Tah,j-tah,32728,Waldemar Anton,w-anton,0.87,5
31836,Jonathan Tah,j-tah,46982,Tobias Müller,t-muller,0.876,6
31836,Jonathan Tah,j-tah,25922235,Arthur Theate,a-theate,0.868,7
31836,Jonathan Tah,j-tah,37259163,Jarell Quansah,j-quansah,0.872,8
31836,Jonathan Tah,j-tah,31772,Niklas Stark,n-stark,0.87,9
31836,Jonathan Tah,j-tah,35574,Benjamin Pavard,b-pavard,0.868,10
7698423,Miguel Gutiérrez,m-gutierrez-ortega,37592787,Álex Valle,valle-gomez,0.854,1
7698423,Miguel Gutiérrez,m-gutierrez-ortega,24837941,Matteo Ruggeri,m-ruggeri,0.851,2
7698423,Miguel Gutiérrez,m-gutierrez-ortega,37904226,Sascha Britschgi,s-britschgi,0.843,3
7698423,Miguel Gutiérrez,m-gutierrez-ortega,31626779,Carlos Romero,c-romero-serrano,0.843,4
7698423,Miguel Gutiérrez,m-gutierrez-ortega,25930741,Emil Holm,e-holm,0.848,5
7698423,Miguel Gutiérrez,m-gutierrez-ortega,529960,Oumar Solet,o-solet-bomawoko,0.84,6
7698423,Miguel Gutiérrez,m-gutierrez-ortega,37590699,Daniele Ghilardi,d-ghilardi,0.844,7
7698423,Miguel Gutiérrez,m-gutierrez-ortega,37653289,Marco Palestra,m-palestra,0.836,8
7698423,Miguel Gutiérrez,m-gutierrez-ortega,37643538,Davide Bartesaghi,d-bartesaghi,0.843,9
7698423,Miguel Gutiérrez,m-gutierrez-ortega,186983,Aarón Martín,a-martin-caricol,0.843,10
80902,Ladislav Krejci,l-kreji,25284,Joachim Andersen,j-andersen,0.857,1
80902,Ladislav Krejci,l-kreji,5666458,Maxence Lacroix,m-lacroix,0.856,2
80902,Ladislav Krejci,l-kreji,37659710,Veljko Milosavljevic,v-milosavljevi,0.856,3
80902,Ladislav Krejci,l-kreji,24818803,Jan Paul van Hecke,j-van-hecke-24818803,0.848,4
80902,Ladislav Krejci,l-kreji,22536030,Bafodé Diakité,b-diakite,0.846,5
80902,Ladislav Krejci,l-kreji,459480,Hjalmar Ekdal,h-ekdal,0.842,6
80902,Ladislav Krejci,l-kreji,339112,Joe Rodon,j-rodon,0.841,7
80902,Ladislav Krejci,l-kreji,80655,Tomáš Souček,t-souek,0.847,8
80902,Ladislav Krejci,l-kreji,1167415,Bremer,g-bremer-silva-nascimento,0.846,9
80902,Ladislav Krejci,l-kreji,333989,Marcos Senesi,m-senesi,0.838,10
450028,Álvaro Valles,a-valles-rosa,537203,Diego Conde,d-conde-alcolado,0.876,1
450028,Álvaro Valles,a-valles-rosa,189296,Sergio Herrera,s-herrera-piron,0.874,2
450028,Álvaro Valles,a-valles-rosa,333778,Augusto Batalla,a-batalla-barga,0.87,3
450028,Álvaro Valles,a-valles-rosa,74154,Adrian Semper,a-emper,0.864,4
450028,Álvaro Valles,a-valles-rosa,186587,David Soria,d-soria-solis,0.862,5
450028,Álvaro Valles,a-valles-rosa,529415,Iñaki Peña,i-pena-sotorres,0.868,6
450028,Álvaro Valles,a-valles-rosa,16475841,Joan García,j-pons,0.867,7
450028,Álvaro Valles,a-valles-rosa,187158,Antonio Sivera,a-sivera-salva,0.859,8
450028,Álvaro Valles,a-valles-rosa,31892,Odysseas Vlachodimos,o-vlachodimos,0.859,9
450028,Álvaro Valles,a-valles-rosa,187215,Unai Simón,u-simon-mendibil,0.857,10
37619560,Valentín Gómez,d-gomez,4536537,Sergio Gómez,s-gomez,0.932,1
37619560,Valentín Gómez,d-gomez,532359,Víctor Gómez,v-gomez-perea,0.929,2
37619560,Valentín Gómez,d-gomez,37563876,Diego Gómez,d-gomez-amarilla,0.913,3
37619560,Valentín Gómez,d-gomez,37590339,Unai Gómez,u-gomez-etxebarria,0.889,4
37619560,Valentín Gómez,d-gomez,31626779,Carlos Romero,c-romero-serrano,0.861,5
37619560,Valentín Gómez,d-gomez,37541244,Arnau Martínez,a-martinez,0.861,6
37619560,Valentín Gómez,d-gomez,25922180,Álvaro Núñez,a-nunez-cobo,0.858,7
37619560,Valentín Gómez,d-gomez,37543405,Carlos Domínguez,c-dominguez-caceres,0.863,8
37619560,Valentín Gómez,d-gomez,4545389,Eric García,e-garcia,0.855,9
37619560,Valentín Gómez,d-gomez,19988737,David Carmo,d-veiga-teixeira-carmo,0.861,10
37622174,Abdoul Ouattara,g-ouattara,37590868,Kassoum Ouattara,k-ouattara,0.921,1
37622174,Abdoul Ouattara,g-ouattara,37543248,Dango Ouattara,dango-ouattara,0.91,2
37622174,Abdoul Ouattara,g-ouattara,37580230,Kamory Doumbia,k-doumbia,0.877,3
37622174,Abdoul Ouattara,g-ouattara,13155985,Charles Vanhoutte,c-vanhoutte,0.875,4
37622174,Abdoul Ouattara,g-ouattara,527765,Mahdi Camara,m-camara-527765,0.875,5
37622174,Abdoul Ouattara,g-ouattara,37536953,Mamadou Sangaré,m-sangare,0.873,6
37622174,Abdoul Ouattara,g-ouattara,96128,Abdoulaye Touré,a-toure,0.872,7
37622174,Abdoul Ouattara,g-ouattara,523939,Orel Mangala,o-mangala,0.864,8
37622174,Abdoul Ouattara,g-ouattara,37692095,Samir El Mourabet,s-el-mourabet,0.869,9
37622174,Abdoul Ouattara,g-ouattara,37540396,Junior Mwanga,j-mwanga,0.867,10
37622796,Martial Godo,m-godo,7691269,Lassine Sinayoko,l-sinayoko,0.862,1
37622796,Martial Godo,m-godo,433458,Amine Gouiri,a-gouiri,0.866,2
37622796,Martial Godo,m-godo,17168898,Yann Gboho,y-gboho,0.856,3
37622796,Martial Godo,m-godo,37599085,Mika Godts,m-godts,0.855,4
37622796,Martial Godo,m-godo,96792,Odsonne Édouard,o-edouard,0.851,5
37622796,Martial Godo,m-godo,13187047,Estéban Lepaul,e-lepaul,0.847,6
37622796,Martial Godo,m-godo,37562510,Hamza Igamane,i-hamza,0.845,7
37622796,Martial Godo,m-godo,32796138,Félix Correia,f-sanches-correia,0.845,8
37622796,Martial Godo,m-godo,37289032,Sambou Soumano,s-soumano,0.844,9
37622796,Martial Godo,m-godo,37660433,Herba Guirassy,b-guirassy,0.844,10
129794,Emerson,e-palmieri-dos-santos,37262099,Nuno Mendes,n-mendes,0.863,1
129794,Emerson,e-palmieri-dos-santos,37289275,Fabiano Parisi,f-parisi,0.854,2
129794,Emerson,e-palmieri-dos-santos,14726357,Pierre Kalulu,p-kalulu-kyatengwa,0.846,3
129794,Emerson,e-palmieri-dos-santos,1167415,Bremer,g-bremer-silva-nascimento,0.853,4
129794,Emerson,e-palmieri-dos-santos,187260,Achraf Hakimi,a-hakimi-mouh,0.845,5
129794,Emerson,e-palmieri-dos-santos,188444,Nicolás Tagliafico,n-alejandro-tagliafico,0.852,6
129794,Emerson,e-palmieri-dos-santos,155180,Przemyslaw Frankowski,p-frankowski,0.851,7
129794,Emerson,e-palmieri-dos-santos,98711,Ruben Aguilar,r-aguilar,0.851,8
129794,Emerson,e-palmieri-dos-santos,29313248,Abner,a-da-silva-santos,0.849,9
129794,Emerson,e-palmieri-dos-santos,337394,Jules Koundé,j-kounde,0.841,10
37266013,Ansgar Knauff,a-knauff,37912237,Christian Kofane,c-kofane,0.87,1
37266013,Ansgar Knauff,a-knauff,27067062,Kevin Schade,k-schade,0.848,2
37266013,Ansgar Knauff,a-knauff,37588260,Keke Topp,k-topp,0.854,3
37266013,Ansgar Knauff,a-knauff,6983809,Tom Krauß,t-krauss,0.849,4
37266013,Ansgar Knauff,a-knauff,37559109,Bilal El Khannouss,b-el-khannous,0.848,5
37266013,Ansgar Knauff,a-knauff,15040126,Karim Adeyemi,k-adeyemi,0.847,6
37266013,Ansgar Knauff,a-knauff,32695,Serhou Guirassy,s-guirassy,0.837,7
37266013,Ansgar Knauff,a-knauff,27441544,Tim Lemperle,t-lemperle,0.845,8
37266013,Ansgar Knauff,a-knauff,34987,Tim Kleindienst,t-kleindienst,0.837,9
37266013,Ansgar Knauff,a-knauff,349061,Marco Grüll,m-grull,0.844,10
37536482,Farès Chaïbi,f-chaibi,37566137,Ismaël Gharbi,i-gharbi,0.874,1
37536482,Farès Chaïbi,f-chaibi,96364,Ellyes Skhiri,e-skhiri,0.869,2
37536482,Farès Chaïbi,f-chaibi,5270497,Fábio Vieira,f-ferreira-vieira,0.863,3
37536482,Farès Chaïbi,f-chaibi,37681576,Johan Manzambi,j-manzambi,0.863,4
37536482,Farès Chaïbi,f-chaibi,32582,Marcel Sabitzer,m-sabitzer,0.863,5
37536482,Farès Chaïbi,f-chaibi,37559109,Bilal El Khannouss,b-el-khannous,0.862,6
37536482,Farès Chaïbi,f-chaibi,459660,Romano Schmid,r-schmid,0.852,7
37536482,Farès Chaïbi,f-chaibi,37601342,Eliesse Ben Seghir,e-ben-seghir,0.851,8
37536482,Farès Chaïbi,f-chaibi,36440,Patrick Sontheimer,p-sontheimer,0.851,9
37536482,Farès Chaïbi,f-chaibi,37656783,Chema Andrés,j-andres-baixauli,0.857,10
37700699,Keita Kosugi,k-kosugi,5666480,Yukinari Sugawara,y-sugawara,0.885,1
37700699,Keita Kosugi,k-kosugi,84528,Rasmus Kristensen,r-kristensen,0.865,2
37700699,Keita Kosugi,k-kosugi,36119,David Raum,d-raum,0.863,3
37700699,Keita Kosugi,k-kosugi,31626002,Alexander Prass,a-prass,0.862,4
37700699,Keita Kosugi,k-kosugi,198230,Cédric Zesiger,c-zesiger,0.861,5
37700699,Keita Kosugi,k-kosugi,32384,Maximilian Mittelstädt,m-mittelstadt,0.868,6
37700699,Keita Kosugi,k-kosugi,33980252,Sebastian Sebulonsen,s-sebulonsen,0.866,7
37700699,Keita Kosugi,k-kosugi,37422928,Yuito Suzuki,y-suzuki,0.866,8
37700699,Keita Kosugi,k-kosugi,37591826,Saël Kumbedi,s-kumbedi-nseke,0.865,9
37700699,Keita Kosugi,k-kosugi,37657587,Luka Vuskovic,l-vukovi,0.854,10
37634183,Achraf Laâziri,a-laaziri,37266095,David Herold,d-herold,0.974,1
37634183,Achraf Laâziri,a-laaziri,37054,Erdoğan Yeşilyurt,e-yesilyurt,0.971,2
37634183,Achraf Laâziri,a-laaziri,189276,Víctor García,v-garcia-marin,0.97,3
37634183,Achraf Laâziri,a-laaziri,34907337,Luca Bolay,l-bolay,0.971,4
37634183,Achraf Laâziri,a-laaziri,37635151,Tony Strata,t-strata,0.971,5
37634183,Achraf Laâziri,a-laaziri,37257612,Souffian El Karouani,s-elkarouani,0.969,6
37634183,Achraf Laâziri,a-laaziri,201517,Ahmet Oğuz,a-oguz,0.97,7
37634183,Achraf Laâziri,a-laaziri,509913,Derick Poloni,d-santos-poloni,0.968,8
37634183,Achraf Laâziri,a-laaziri,37663659,Lars de Blok,l-de-blok,0.967,9
37634183,Achraf Laâziri,a-laaziri,189707,Luis Pérez,l-perez-maqueda,0.967,10
186795,Marcos Llorente,m-llorente-moreno,186595,Diego Llorente,d-llorente-rios,0.931,1
186795,Marcos Llorente,m-llorente-moreno,96741,Clément Lenglet,c-lenglet,0.885,2
186795,Marcos Llorente,m-llorente-moreno,4545389,Eric García,e-garcia,0.869,3
186795,Marcos Llorente,m-llorente-moreno,21539177,Víctor García,v-garcia-raja,0.873,4
186795,Marcos Llorente,m-llorente-moreno,100580,Robin Le Normand,r-le-normand,0.872,5
186795,Marcos Llorente,m-llorente-moreno,37596373,Raúl Asencio,r-asencio-del-rosario,0.872,6
186795,Marcos Llorente,m-llorente-moreno,24468965,Javi López,j-lopez-carballo,0.87,7
186795,Marcos Llorente,m-llorente-moreno,12394069,Logan Costa,l-costa,0.864,8
186795,Marcos Llorente,m-llorente-moreno,37541244,Arnau Martínez,a-martinez,0.859,9
186795,Marcos Llorente,m-llorente-moreno,31626779,Carlos Romero,c-romero-serrano,0.856,10
21394947,Julián Alvarez,j-alvarez,37586671,Hugo Álvarez,h-alvarez-antunez,0.914,1
21394947,Julián Alvarez,j-alvarez,37537580,Agustín Álvarez,a-alvarez-martinez,0.893,2
21394947,Julián Alvarez,j-alvarez,19996814,Thiago Almada,t-almada,0.875,3
21394947,Julián Alvarez,j-alvarez,27440264,Peque Fernández,g-fernandez-castellano,0.87,4
21394947,Julián Alvarez,j-alvarez,29709995,Enzo Fernández,e-fernandez,0.841,5
21394947,Julián Alvarez,j-alvarez,216612,Alexis Mac Allister,a-mac-allister,0.841,6
21394947,Julián Alvarez,j-alvarez,37316549,Alejandro Garnacho,a-garnacho,0.848,7
21394947,Julián Alvarez,j-alvarez,37568657,Roberto Fernández,r-fernandez-jaen,0.84,8
21394947,Julián Alvarez,j-alvarez,13963088,Georges Mikautadze,g-mikautadze,0.844,9
21394947,Julián Alvarez,j-alvarez,37656179,Lamine Yamal,l-yamal-nasraoui-ebana,0.836,10
129467,Bryan Cristante,b-cristante,37532950,Kristjan Asllani,k-asllani,0.87,1
129467,Bryan Cristante,b-cristante,129890,Manuel Locatelli,m-locatelli,0.859,2
129467,Bryan Cristante,b-cristante,20716664,Samuele Ricci,s-ricci,0.864,3
129467,Bryan Cristante,b-cristante,73603,Mario Pašalić,m-paali,0.859,4
129467,Bryan Cristante,b-cristante,130117,Nicolò Barella,n-barella,0.85,5
129467,Bryan Cristante,b-cristante,37599458,Cristian Volpato,c-volpato,0.855,6
129467,Bryan Cristante,b-cristante,37564372,Mandela Keita,m-keita,0.847,7
129467,Bryan Cristante,b-cristante,23738800,Manu Koné,k-kone,0.852,8
129467,Bryan Cristante,b-cristante,133127,Nicolò Zaniolo,n-zaniolo,0.844,9
129467,Bryan Cristante,b-cristante,130145,Remo Freuler,r-freuler,0.852,10
418197,Atakan Karazor,a-karazor,32031212,Vinicius de Souza Costa,v-de-souza-costa,0.862,1
418197,Atakan Karazor,a-karazor,37645233,Ibrahim Maza,i-maza,0.857,2
418197,Atakan Karazor,a-karazor,32379,Maximilian Eggestein,m-eggestein,0.85,3
418197,Atakan Karazor,a-karazor,37739373,Lennart Karl,l-karl,0.856,4
418197,Atakan Karazor,a-karazor,6983809,Tom Krauß,t-krauss,0.854,5
418197,Atakan Karazor,a-karazor,37539420,Anton Kade,a-kade,0.852,6
418197,Atakan Karazor,a-karazor,31238688,Kaishu Sano,k-sano,0.842,7
418197,Atakan Karazor,a-karazor,37650245,Cajetan Lenz,c-lenz,0.85,8
418197,Atakan Karazor,a-karazor,37681576,Johan Manzambi,j-manzambi,0.848,9
418197,Atakan Karazor,a-karazor,74121,Kristijan Jakic,k-jaki,0.848,10
418704,Nikolas Nartey,n-nartey,33612,Jordan Torunarigha,j-torunarigha,0.856,1
418704,Nikolas Nartey,n-nartey,37259284,Justin Njinmah,j-njinmah,0.848,2
418704,Nikolas Nartey,n-nartey,37912237,Christian Kofane,c-kofane,0.847,3
418704,Nikolas Nartey,n-nartey,37259163,Jarell Quansah,j-quansah,0.845,4
418704,Nikolas Nartey,n-nartey,97292,Martin Terrier,m-terrier,0.844,5
418704,Nikolas Nartey,n-nartey,64280,Silas Gnaka,s-gnaka,0.841,6
418704,Nikolas Nartey,n-nartey,37922937,Yan Diomande,y-diomande,0.841,7
418704,Nikolas Nartey,n-nartey,37678433,Kojo Peprah Oppong,k-peprah-oppong,0.841,8
418704,Nikolas Nartey,n-nartey,115485,András Schäfer,a-schafer,0.84,9
418704,Nikolas Nartey,n-nartey,25922235,Arthur Theate,a-theate,0.832,10
1479337,Khvicha Kvaratskhelia,k-kvaratskhelia,96611,Kylian Mbappé,k-mbappe,0.842,1
1479337,Khvicha Kvaratskhelia,k-kvaratskhelia,13963088,Georges Mikautadze,g-mikautadze,0.847,2
1479337,Khvicha Kvaratskhelia,k-kvaratskhelia,4545430,Vitinha,v-machado-ferreira,0.837,3
1479337,Khvicha Kvaratskhelia,k-kvaratskhelia,9967153,Kang-in Lee,k-lee-9967153,0.844,4
1479337,Khvicha Kvaratskhelia,k-kvaratskhelia,432872,Randal Kolo Muani,r-kolo-muani,0.841,5
1479337,Khvicha Kvaratskhelia,k-kvaratskhelia,187260,Achraf Hakimi,a-hakimi-mouh,0.83,6
1479337,Khvicha Kvaratskhelia,k-kvaratskhelia,32403,Ousmane Dembélé,o-dembele,0.837,7
1479337,Khvicha Kvaratskhelia,k-kvaratskhelia,20333643,Mason Greenwood,m-greenwood,0.829,8
1479337,Khvicha Kvaratskhelia,k-kvaratskhelia,37593237,Warren Zaïre-Emery,w-zaire-emery,0.834,9
1479337,Khvicha Kvaratskhelia,k-kvaratskhelia,96884,Christopher Nkunku,c-nkunku,0.823,10
24065255,Ilya Zabarnyi,i-zabarnyi,516291,Nayef Aguerd,n-aguerd,0.86,1
24065255,Ilya Zabarnyi,i-zabarnyi,13171199,Leonardo Balerdi,l-balerdi-rossa,0.858,2
24065255,Ilya Zabarnyi,i-zabarnyi,8403613,Jakub Kiwior,j-kiwior,0.849,3
24065255,Ilya Zabarnyi,i-zabarnyi,17544737,William Saliba,w-saliba,0.849,4
24065255,Ilya Zabarnyi,i-zabarnyi,37423017,Samson Baidoo,s-baidoo,0.845,5
24065255,Ilya Zabarnyi,i-zabarnyi,4536500,Marc Guéhi,m-guehi,0.845,6
24065255,Ilya Zabarnyi,i-zabarnyi,37631909,Jérémy Jacquet,j-jacquet,0.843,7
24065255,Ilya Zabarnyi,i-zabarnyi,28575687,CJ Egan-Riley,c-egan-riley,0.85,8
24065255,Ilya Zabarnyi,i-zabarnyi,96715,Brendan Chardonnet,b-chardonnet,0.842,9
24065255,Ilya Zabarnyi,i-zabarnyi,37593237,Warren Zaïre-Emery,w-zaire-emery,0.848,10
1899,Héctor Bellerín,h-bellerin-moruno,186585,Álex Moreno,a-moreno-lopera,0.872,1
1899,Héctor Bellerín,h-bellerin-moruno,532358,Adrià Pedrosa,a-giner-pedrosa,0.852,2
1899,Héctor Bellerín,h-bellerin-moruno,9308118,Andrei Rațiu,a-ratiu,0.84,3
1899,Héctor Bellerín,h-bellerin-moruno,455900,Nahuel Molina,n-molina-lucero,0.845,4
1899,Héctor Bellerín,h-bellerin-moruno,21539177,Víctor García,v-garcia-raja,0.844,5
1899,Héctor Bellerín,h-bellerin-moruno,190049,Javi Galán,j-galan-gil,0.843,6
1899,Héctor Bellerín,h-bellerin-moruno,98711,Ruben Aguilar,r-aguilar,0.841,7
1899,Héctor Bellerín,h-bellerin-moruno,32031674,Abel Bretones,a-bretones-cruz,0.832,8
1899,Héctor Bellerín,h-bellerin-moruno,24468965,Javi López,j-lopez-carballo,0.839,9
1899,Héctor Bellerín,h-bellerin-moruno,96656,Nicolas Pépé,n-pepe,0.838,10
29419594,Julio Enciso,j-enciso,37261500,Moisés Caicedo,m-caicedo-corozo,0.845,1
29419594,Julio Enciso,j-enciso,61780,Leandro Trossard,l-trossard,0.843,2
29419594,Julio Enciso,j-enciso,21782390,Georginio Rutter,g-rutter,0.829,3
29419594,Julio Enciso,j-enciso,37633774,Gessime Yassine,g-yassine,0.836,4
29419594,Julio Enciso,j-enciso,333989,Marcos Senesi,m-senesi,0.827,5
29419594,Julio Enciso,j-enciso,97439,Romain Del Castillo,r-del-castillo,0.832,6
29419594,Julio Enciso,j-enciso,21072805,Rayan Cherki,m-cherki,0.83,7
29419594,Julio Enciso,j-enciso,37527863,Couhaib Driouech,c-driouech,0.829,8
29419594,Julio Enciso,j-enciso,23661272,Iliman Ndiaye,i-ndiaye,0.818,9
29419594,Julio Enciso,j-enciso,21437534,Kaoru Mitoma,k-mitoma,0.825,10
37400423,Emmanuel Emegha,e-esseh-emegha,37707695,I. Dorgu,i-dorgu,0.875,1
37400423,Emmanuel Emegha,e-esseh-emegha,32553,Joel Pohjanpalo,j-pohjanpalo,0.843,2
37400423,Emmanuel Emegha,e-esseh-emegha,3187862,Terem Moffi,t-moffi,0.84,3
37400423,Emmanuel Emegha,e-esseh-emegha,37597771,Franculino,f-gluda-dju,0.834,4
37400423,Emmanuel Emegha,e-esseh-emegha,3139,Tammy Abraham,k-bakumo-abraham,0.832,5
37400423,Emmanuel Emegha,e-esseh-emegha,37409508,Noel Futkeu,n-futkeu,0.83,6
37400423,Emmanuel Emegha,e-esseh-emegha,29177,Jelle Duin,jelle-duin,0.837,7
37400423,Emmanuel Emegha,e-esseh-emegha,5270387,Junior Adamu,j-chikwubuike-adamu,0.827,8
37400423,Emmanuel Emegha,e-esseh-emegha,11322446,Yanis Begraoui,y-begraoui,0.827,9
37400423,Emmanuel Emegha,e-esseh-emegha,37678224,Gorka Carrera,g-carrera-zarranz,0.834,10
37577727,Valentín Barco,v-barco,37317369,Bradley Barcola,b-barcola,0.903,1
37577727,Valentín Barco,v-barco,19996814,Thiago Almada,t-almada,0.85,2
37577727,Valentín Barco,v-barco,97439,Romain Del Castillo,r-del-castillo,0.849,3
37577727,Valentín Barco,v-barco,4545430,Vitinha,v-machado-ferreira,0.835,4
37577727,Valentín Barco,v-barco,37642676,Lamine Camara,l-camara,0.842,5
37577727,Valentín Barco,v-barco,6306068,Quinten Timber,q-timber,0.839,6
37577727,Valentín Barco,v-barco,37633774,Gessime Yassine,g-yassine,0.836,7
37577727,Valentín Barco,v-barco,37590938,Désiré Doué,d-doue,0.836,8
37577727,Valentín Barco,v-barco,96290,Valentin Rongier,v-rongier,0.827,9
37577727,Valentín Barco,v-barco,3862667,Leandro Barreiro,l-barreiro-martins,0.825,10
37592734,Diego Moreira,d-da-silva-moreira,37597737,Afonso Moreira,a-bastardo-moreira,0.94,1
37592734,Diego Moreira,d-da-silva-moreira,37673608,Gonçalo Moreira,g-carvalho-moreira,0.929,2
37592734,Diego Moreira,d-da-silva-moreira,37656803,Rodrigo Mora,r-mora-carvalho,0.88,3
37592734,Diego Moreira,d-da-silva-moreira,32796138,Félix Correia,f-sanches-correia,0.865,4
37592734,Diego Moreira,d-da-silva-moreira,5270497,Fábio Vieira,f-ferreira-vieira,0.862,5
37592734,Diego Moreira,d-da-silva-moreira,6306068,Quinten Timber,q-timber,0.857,6
37592734,Diego Moreira,d-da-silva-moreira,37933263,Khalis Merah,k-merah,0.855,7
37592734,Diego Moreira,d-da-silva-moreira,3862667,Leandro Barreiro,l-barreiro-martins,0.848,8
37592734,Diego Moreira,d-da-silva-moreira,25548824,Tiago Gouveia,t-antunes-gouveia,0.854,9
37592734,Diego Moreira,d-da-silva-moreira,53625,Amadou Haidara,a-haidara,0.845,10
37657252,Rabby Nzingoula,r-nzingoula,37540396,Junior Mwanga,j-mwanga,0.853,1
37657252,Rabby Nzingoula,r-nzingoula,37787315,Rudy Matondo,r-matondo-37787315,0.844,2
37657252,Rabby Nzingoula,r-nzingoula,37590629,Stanis Idumbo,s-idumbo-muzambo,0.844,3
37657252,Rabby Nzingoula,r-nzingoula,16496676,Nathan Ngoumou,n-ngoumou-minpole,0.844,4
37657252,Rabby Nzingoula,r-nzingoula,37576587,Karim Dermane,k-dermane,0.843,5
37657252,Rabby Nzingoula,r-nzingoula,37633394,Ismaëlo Ganiou,p-ganiou,0.843,6
37657252,Rabby Nzingoula,r-nzingoula,35271244,Darlin Yongwa,d-yongwa-ngameni,0.843,7
37657252,Rabby Nzingoula,r-nzingoula,37575228,Antoni Milambo,a-milambo,0.835,8
37657252,Rabby Nzingoula,r-nzingoula,37341853,Beni Mukendi,b-mambuene-mukendi,0.842,9
37657252,Rabby Nzingoula,r-nzingoula,37644042,Pathé Mboup,p-mboup,0.84,10
37663291,Joaquín Panichelli,j-panichelli,13187047,Estéban Lepaul,e-lepaul,0.858,1
37663291,Joaquín Panichelli,j-panichelli,16466810,Isak Jansson,i-jansson,0.854,2
37663291,Joaquín Panichelli,j-panichelli,96792,Odsonne Édouard,o-edouard,0.853,3
37663291,Joaquín Panichelli,j-panichelli,433458,Amine Gouiri,a-gouiri,0.852,4
37663291,Joaquín Panichelli,j-panichelli,24081699,Roberto Piccoli,r-piccoli,0.847,5
37663291,Joaquín Panichelli,j-panichelli,37289032,Sambou Soumano,s-soumano,0.846,6
37663291,Joaquín Panichelli,j-panichelli,4969702,Folarin Balogun,f-balogun,0.843,7
37663291,Joaquín Panichelli,j-panichelli,7691269,Lassine Sinayoko,l-sinayoko,0.834,8
37663291,Joaquín Panichelli,j-panichelli,32796138,Félix Correia,f-sanches-correia,0.842,9
37663291,Joaquín Panichelli,j-panichelli,37562510,Hamza Igamane,i-hamza,0.842,10
35574,Benjamin Pavard,b-pavard,322964,Min-jae Kim,m-kim,0.872,1
35574,Benjamin Pavard,b-pavard,31836,Jonathan Tah,j-tah,0.868,2
35574,Benjamin Pavard,b-pavard,337394,Jules Koundé,j-kounde,0.861,3
35574,Benjamin Pavard,b-pavard,46982,Tobias Müller,t-muller,0.858,4
35574,Benjamin Pavard,b-pavard,12393419,Willian Pacho,w-pacho-tenorio,0.855,5
35574,Benjamin Pavard,b-pavard,10279739,Loïc Badé,l-bade,0.854,6
35574,Benjamin Pavard,b-pavard,25922235,Arthur Theate,a-theate,0.845,7
35574,Benjamin Pavard,b-pavard,37569271,Antoine Mendy,a-mendy,0.842,8
35574,Benjamin Pavard,b-pavard,33685,Dayot Upamecano,d-upamecano,0.849,9
35574,Benjamin Pavard,b-pavard,198062,Manuel Akanji,m-akanji,0.841,10
37612045,Jean-Mattéo Bahoya,j-bahoya,37400407,Johan Bakayoko,j-bakayoko,0.872,1
37612045,Jean-Mattéo Bahoya,j-bahoya,15040126,Karim Adeyemi,k-adeyemi,0.862,2
37612045,Jean-Mattéo Bahoya,j-bahoya,37614052,Ernest Nuamah,e-appiah-nuamah,0.852,3
37612045,Jean-Mattéo Bahoya,j-bahoya,17168898,Yann Gboho,y-gboho,0.858,4
37612045,Jean-Mattéo Bahoya,j-bahoya,37912237,Christian Kofane,c-kofane,0.856,5
37612045,Jean-Mattéo Bahoya,j-bahoya,37570379,Antonio Nusa,a-nordby-nusa,0.854,6
37612045,Jean-Mattéo Bahoya,j-bahoya,32695,Serhou Guirassy,s-guirassy,0.846,7
37612045,Jean-Mattéo Bahoya,j-bahoya,37259284,Justin Njinmah,j-njinmah,0.853,8
37612045,Jean-Mattéo Bahoya,j-bahoya,27067062,Kevin Schade,k-schade,0.843,9
37612045,Jean-Mattéo Bahoya,j-bahoya,26860,Danilho Doekhi,d-doekhi,0.843,10
24469162,Pavel Sulc,p-ulc,22528446,Luka Sucic,l-sui,0.854,1
24469162,Pavel Sulc,p-ulc,32777470,Hákon Arnar Haraldsson,h-haraldsson,0.846,2
24469162,Pavel Sulc,p-ulc,37695373,Mamadou Coulibaly,m-coulibaly,0.84,3
24469162,Pavel Sulc,p-ulc,24816762,Tomas Suslov,t-suslov,0.83,4
24469162,Pavel Sulc,p-ulc,130248,Saša Lukić,s-luki,0.837,5
24469162,Pavel Sulc,p-ulc,37726575,Ibrahim Mbaye,i-mbaye,0.835,6
24469162,Pavel Sulc,p-ulc,37579899,Kévin Danois,k-danois,0.827,7
24469162,Pavel Sulc,p-ulc,97454,Hugo Magnetti,h-magnetti,0.826,8
24469162,Pavel Sulc,p-ulc,37597737,Afonso Moreira,a-bastardo-moreira,0.834,9
24469162,Pavel Sulc,p-ulc,5283870,Junior Dina Ebimbe,e-dina-ebimbe,0.834,10
100580,Robin Le Normand,r-le-normand,96741,Clément Lenglet,c-lenglet,0.88,1
100580,Robin Le Normand,r-le-normand,186795,Marcos Llorente,m-llorente-moreno,0.872,2
100580,Robin Le Normand,r-le-normand,4545389,Eric García,e-garcia,0.862,3
100580,Robin Le Normand,r-le-normand,37622162,Nobel Mendy,n-mendy-37622162,0.868,4
100580,Robin Le Normand,r-le-normand,12394069,Logan Costa,l-costa,0.86,5
100580,Robin Le Normand,r-le-normand,516291,Nayef Aguerd,n-aguerd,0.864,6
100580,Robin Le Normand,r-le-normand,5270371,Aurélien Tchouaméni,a-tchouameni,0.857,7
100580,Robin Le Normand,r-le-normand,37596373,Raúl Asencio,r-asencio-del-rosario,0.862,8
100580,Robin Le Normand,r-le-normand,187170,Igor Zubeldia,i-zubeldia-elorza,0.861,9
100580,Robin Le Normand,r-le-normand,11311795,Wesley Fofana,w-fofana,0.861,10
527351,Lilian Brassier,l-brassier,37631969,Christian Mawissa,c-mawissa-elebi,0.869,1
527351,Lilian Brassier,l-brassier,37676603,Arsène Kouassi,k-kouassi,0.862,2
527351,Lilian Brassier,l-brassier,37289235,Clément Akpa,c-akpa,0.86,3
527351,Lilian Brassier,l-brassier,37529619,Ismaël Doukouré,i-doukoure,0.866,4
527351,Lilian Brassier,l-brassier,37631909,Jérémy Jacquet,j-jacquet,0.856,5
527351,Lilian Brassier,l-brassier,98874,Moussa Niakhaté,m-niakhate,0.854,6
527351,Lilian Brassier,l-brassier,537422,J. Teze,j-teze,0.86,7
527351,Lilian Brassier,l-brassier,37590868,Kassoum Ouattara,k-ouattara,0.857,8
527351,Lilian Brassier,l-brassier,37532344,Mamadou Sarr,m-sarr,0.857,9
527351,Lilian Brassier,l-brassier,29809271,Alexsandro,a-souza-ribeiro,0.857,10
9967153,Kang-in Lee,k-lee-9967153,1479337,Khvicha Kvaratskhelia,k-kvaratskhelia,0.844,1
9967153,Kang-in Lee,k-lee-9967153,37530812,Mohamed-Ali Cho,m-cho,0.831,2
9967153,Kang-in Lee,k-lee-9967153,4545430,Vitinha,v-machado-ferreira,0.818,3
9967153,Kang-in Lee,k-lee-9967153,1992,Paul Pogba,p-pogba,0.814,4
9967153,Kang-in Lee,k-lee-9967153,162141,Mama Baldé,m-balde,0.821,5
9967153,Kang-in Lee,k-lee-9967153,37592734,Diego Moreira,d-da-silva-moreira,0.811,6
9967153,Kang-in Lee,k-lee-9967153,37332629,Adam Karabec,a-karabec,0.818,7
9967153,Kang-in Lee,k-lee-9967153,37317369,Bradley Barcola,b-barcola,0.817,8
9967153,Kang-in Lee,k-lee-9967153,187260,Achraf Hakimi,a-hakimi-mouh,0.808,9
9967153,Kang-in Lee,k-lee-9967153,32403,Ousmane Dembélé,o-dembele,0.817,10
132126,Riccardo Orsolini,r-orsolini,129677,Mattia Zaccagni,m-zaccagni,0.864,1
132126,Riccardo Orsolini,r-orsolini,129600,Federico Bonazzoli,f-bonazzoli,0.862,2
132126,Riccardo Orsolini,r-orsolini,37529822,Matías Soulé,m-malvano,0.86,3
132126,Riccardo Orsolini,r-orsolini,37438667,Kamaldeen Sulemana,k-sulemana,0.855,4
132126,Riccardo Orsolini,r-orsolini,34455209,Jonathan Rowe,j-rowe,0.854,5
132126,Riccardo Orsolini,r-orsolini,23288059,Gaetano Oristanio,g-oristanio,0.853,6
132126,Riccardo Orsolini,r-orsolini,125482,Manor Solomon,m-solomon,0.853,7
132126,Riccardo Orsolini,r-orsolini,432840,Armand Laurienté,a-lauriente,0.853,8
132126,Riccardo Orsolini,r-orsolini,129926,Matteo Politano,m-politano,0.853,9
132126,Riccardo Orsolini,r-orsolini,368455,Michael Folorunsho,m-folorunsho,0.851,10
3862426,Josip Stanisic,j-stanisic,84528,Rasmus Kristensen,r-kristensen,0.859,1
3862426,Josip Stanisic,j-stanisic,36119,David Raum,d-raum,0.854,2
3862426,Josip Stanisic,j-stanisic,32384,Maximilian Mittelstädt,m-mittelstadt,0.855,3
3862426,Josip Stanisic,j-stanisic,37650664,Finn Jeltsch,f-jeltsch,0.853,4
3862426,Josip Stanisic,j-stanisic,37259163,Jarell Quansah,j-quansah,0.852,5
3862426,Josip Stanisic,j-stanisic,62502,Ramy Bensebaini,r-bensebaini,0.851,6
3862426,Josip Stanisic,j-stanisic,31626002,Alexander Prass,a-prass,0.842,7
3862426,Josip Stanisic,j-stanisic,37600647,Kosta Nedeljkovic,k-nedeljkovi,0.849,8
3862426,Josip Stanisic,j-stanisic,37700699,Keita Kosugi,k-kosugi,0.841,9
3862426,Josip Stanisic,j-stanisic,1388,Emre Can,e-can,0.848,10
37582217,Tom Bischof,t-bischof,37582044,Aleksandar Pavlovic,a-pavlovi,0.889,1
37582217,Tom Bischof,t-bischof,459660,Romano Schmid,r-schmid,0.861,2
37582217,Tom Bischof,t-bischof,37342993,Ezequiel Fernández,i-fernandez-carballo,0.865,3
37582217,Tom Bischof,t-bischof,37266405,Denis Huseinbasic,d-huseinbasic,0.861,4
37582217,Tom Bischof,t-bischof,34880,Robert Andrich,r-andrich,0.86,5
37582217,Tom Bischof,t-bischof,33770,Stefan Posch,s-posch,0.856,6
37582217,Tom Bischof,t-bischof,31237395,Nicolas Seiwald,n-seiwald,0.856,7
37582217,Tom Bischof,t-bischof,4536572,Angelo Stiller,a-stiller,0.852,8
37582217,Tom Bischof,t-bischof,37566137,Ismaël Gharbi,i-gharbi,0.845,9
37582217,Tom Bischof,t-bischof,43502,Niklas Dorsch,n-dorsch,0.852,10
23707373,Lazar Samardžić,l-samardi,52500,Sandi Lovrić,s-lovric,0.856,1
23707373,Lazar Samardžić,l-samardi,24235,Filip Kostić,f-kosti,0.86,2
23707373,Lazar Samardžić,l-samardi,37529525,Tarik Muharemović,t-muharemovic,0.852,3
23707373,Lazar Samardžić,l-samardi,32392,Suat Serdar,s-serdar,0.858,4
23707373,Lazar Samardžić,l-samardi,84495,Jens Odgaard,j-odgaard,0.858,5
23707373,Lazar Samardžić,l-samardi,73906,Nikola Vlašić,n-vlai,0.849,6
23707373,Lazar Samardžić,l-samardi,8417851,Gabriel Sara,g-gomes-sara,0.854,7
23707373,Lazar Samardžić,l-samardi,1359363,Ivan Ilić,i-ili,0.853,8
23707373,Lazar Samardžić,l-samardi,37550680,Martin Baturina,m-baturina,0.844,9
23707373,Lazar Samardžić,l-samardi,130248,Saša Lukić,s-luki,0.852,10
13171199,Leonardo Balerdi,l-balerdi-rossa,516291,Nayef Aguerd,n-aguerd,0.887,1
13171199,Leonardo Balerdi,l-balerdi-rossa,333989,Marcos Senesi,m-senesi,0.854,2
13171199,Leonardo Balerdi,l-balerdi-rossa,10279739,Loïc Badé,l-bade,0.861,3
13171199,Leonardo Balerdi,l-balerdi-rossa,24081488,Aitor Paredes,a-paredes-casamichana,0.859,4
13171199,Leonardo Balerdi,l-balerdi-rossa,24065255,Ilya Zabarnyi,i-zabarnyi,0.858,5
13171199,Leonardo Balerdi,l-balerdi-rossa,32525,Nico Elvedi,n-elvedi,0.849,6
13171199,Leonardo Balerdi,l-balerdi-rossa,187170,Igor Zubeldia,i-zubeldia-elorza,0.854,7
13171199,Leonardo Balerdi,l-balerdi-rossa,24469115,Castello Lukeba,c-lukeba,0.851,8
13171199,Leonardo Balerdi,l-balerdi-rossa,4536500,Marc Guéhi,m-guehi,0.843,9
13171199,Leonardo Balerdi,l-balerdi-rossa,17544737,William Saliba,w-saliba,0.842,10
1167415,Bremer,g-bremer-silva-nascimento,37533245,Federico Gatti,f-gatti,0.875,1
1167415,Bremer,g-bremer-silva-nascimento,25284,Joachim Andersen,j-andersen,0.867,2
1167415,Bremer,g-bremer-silva-nascimento,5270466,J. Timber,j-timber,0.859,3
1167415,Bremer,g-bremer-silva-nascimento,28931733,Odilon Kossounou,k-odilon,0.857,4
1167415,Bremer,g-bremer-silva-nascimento,14726357,Pierre Kalulu,p-kalulu-kyatengwa,0.854,5
1167415,Bremer,g-bremer-silva-nascimento,37737620,Tiago Gabriel,t-coelho-oliveira,0.854,6
1167415,Bremer,g-bremer-silva-nascimento,37562940,Lucas Beraldo,l-lopes-beraldo,0.86,7
1167415,Bremer,g-bremer-silva-nascimento,37539577,Thomas Kristensen,t-kristensen,0.86,8
1167415,Bremer,g-bremer-silva-nascimento,37656089,Jacobo Ramón,j-naveros,0.853,9
1167415,Bremer,g-bremer-silva-nascimento,540027,Calvin Bassey,c-bassey,0.853,10
37608995,Wesley,w-franca-lima,37630463,Wesley,w-gassova-ribeiro-teixeira,0.896,1
37608995,Wesley,w-franca-lima,37689556,Souza,j-de-souza-menezes,0.854,2
37608995,Wesley,w-franca-lima,25930741,Emil Holm,e-holm,0.854,3
37608995,Wesley,w-franca-lima,37737620,Tiago Gabriel,t-coelho-oliveira,0.847,4
37608995,Wesley,w-franca-lima,37571579,Nicolò Bertola,n-bertola,0.853,5
37608995,Wesley,w-franca-lima,37560881,Rafik Belghali,r-belghali,0.853,6
37608995,Wesley,w-franca-lima,37653289,Marco Palestra,m-palestra,0.845,7
37608995,Wesley,w-franca-lima,37343966,Giorgio Scalvini,g-scalvini,0.842,8
37608995,Wesley,w-franca-lima,9308200,Tariq Lamptey,t-lamptey,0.849,9
37608995,Wesley,w-franca-lima,219486,Dodô,d-cordeiro-dos-santos,0.841,10
37656838,Senny Mayulu,s-mayulu,37544186,Fally Mayulu,f-mayulu,0.877,1
37656838,Senny Mayulu,s-mayulu,37590938,Désiré Doué,d-doue,0.859,2
37656838,Senny Mayulu,s-mayulu,21072805,Rayan Cherki,m-cherki,0.855,3
37656838,Senny Mayulu,s-mayulu,65528,Matthieu Udol,m-udol,0.848,4
37656838,Senny Mayulu,s-mayulu,37590629,Stanis Idumbo,s-idumbo-muzambo,0.851,5
37656838,Senny Mayulu,s-mayulu,37317369,Bradley Barcola,b-barcola,0.846,6
37656838,Senny Mayulu,s-mayulu,37593237,Warren Zaïre-Emery,w-zaire-emery,0.845,7
37656838,Senny Mayulu,s-mayulu,24799984,Michael Olise,m-olise,0.845,8
37656838,Senny Mayulu,s-mayulu,37676603,Arsène Kouassi,k-kouassi,0.837,9
37656838,Senny Mayulu,s-mayulu,37614052,Ernest Nuamah,e-appiah-nuamah,0.836,10
84495,Jens Odgaard,j-odgaard,524309,Leo Østigård,l-skiri-oestigaard,0.888,1
84495,Jens Odgaard,j-odgaard,12016844,Kristian Thorstvedt,k-thorstvedt,0.876,2
84495,Jens Odgaard,j-odgaard,37539577,Thomas Kristensen,t-kristensen,0.875,3
84495,Jens Odgaard,j-odgaard,5270451,Jurgen Ekkelenkamp,j-ekkelenkamp,0.874,4
84495,Jens Odgaard,j-odgaard,25120,Morten Thorsby,m-thorsby,0.872,5
84495,Jens Odgaard,j-odgaard,896234,Tommaso Pobega,t-pobega,0.867,6
84495,Jens Odgaard,j-odgaard,23269660,Charles De Ketelaere,c-de-ketelaere,0.858,7
84495,Jens Odgaard,j-odgaard,23698076,Oliver Sørensen,o-jensen,0.862,8
84495,Jens Odgaard,j-odgaard,8449373,Mikkel Damsgaard,m-damsgaard,0.855,9
84495,Jens Odgaard,j-odgaard,37529791,Giovanni Fabbian,g-fabbian,0.861,10
5252,Aaron Wan-Bissaka,a-wan-bissaka,164061,Diogo Dalot,j-dalot-teixeira,0.86,1
5252,Aaron Wan-Bissaka,a-wan-bissaka,4598710,Tyrick Mitchell,t-mitchell,0.848,2
5252,Aaron Wan-Bissaka,a-wan-bissaka,8456257,Pedro Porro,p-porro-sauceda,0.837,3
5252,Aaron Wan-Bissaka,a-wan-bissaka,37600357,Leny Yoro,l-yoro,0.844,4
5252,Aaron Wan-Bissaka,a-wan-bissaka,6524,Matty Cash,m-cash,0.834,5
5252,Aaron Wan-Bissaka,a-wan-bissaka,5270466,J. Timber,j-timber,0.833,6
5252,Aaron Wan-Bissaka,a-wan-bissaka,97669,Nordi Mukiele,n-mukiele-mulere,0.83,7
5252,Aaron Wan-Bissaka,a-wan-bissaka,581220,Reece James,r-james,0.829,8
5252,Aaron Wan-Bissaka,a-wan-bissaka,2884,Harry Maguire,h-maguire,0.836,9
5252,Aaron Wan-Bissaka,a-wan-bissaka,7026573,Djed Spence,d-spence-7026573,0.825,10
170199,Aleksandr Golovin,a-golovin,4237,Florian Thauvin,f-thauvin,0.851,1
170199,Aleksandr Golovin,a-golovin,37676630,Arthur Avom,a-ebong-avon,0.845,2
170199,Aleksandr Golovin,a-golovin,37622174,Abdoul Ouattara,g-ouattara,0.841,3
170199,Aleksandr Golovin,a-golovin,37622796,Martial Godo,m-godo,0.84,4
170199,Aleksandr Golovin,a-golovin,523939,Orel Mangala,o-mangala,0.829,5
170199,Aleksandr Golovin,a-golovin,37541144,Bilal Nadir,b-nadir,0.836,6
170199,Aleksandr Golovin,a-golovin,937,Nabil Bentaleb,n-bentaleb,0.831,7
170199,Aleksandr Golovin,a-golovin,433458,Amine Gouiri,a-gouiri,0.825,8
170199,Aleksandr Golovin,a-golovin,37580230,Kamory Doumbia,k-doumbia,0.825,9
170199,Aleksandr Golovin,a-golovin,96122,Corentin Tolisso,c-tolisso,0.825,10
23269740,Ansu Fati,a-fati,32403,Ousmane Dembélé,o-dembele,0.864,1
23269740,Ansu Fati,a-fati,20333643,Mason Greenwood,m-greenwood,0.855,2
23269740,Ansu Fati,a-fati,37656179,Lamine Yamal,l-yamal-nasraoui-ebana,0.849,3
23269740,Ansu Fati,a-fati,448389,Ferran Torres,f-torres-garcia,0.852,4
23269740,Ansu Fati,a-fati,12393293,Antony,a-dos-santos,0.851,5
23269740,Ansu Fati,a-fati,162141,Mama Baldé,m-balde,0.846,6
23269740,Ansu Fati,a-fati,160075,Ença Fati,enca-fati,0.842,7
23269740,Ansu Fati,a-fati,163190,Francisco Trincão,f-machado-mota-de-castro-trincao,0.833,8
23269740,Ansu Fati,a-fati,37652750,Matías Fernández-Pardo,m-fernandez-pardo-37652750,0.841,9
23269740,Ansu Fati,a-fati,31739,Pierre-Emerick Aubameyang,p-aubameyang,0.839,10
37695373,Mamadou Coulibaly,m-coulibaly,37336993,Soumaïla Coulibaly,s-coulibaly,0.906,1
37695373,Mamadou Coulibaly,m-coulibaly,37675898,Karim Coulibaly,a-coulibaly,0.878,2
37695373,Mamadou Coulibaly,m-coulibaly,37536953,Mamadou Sangaré,m-sangare,0.873,3
37695373,Mamadou Coulibaly,m-coulibaly,37580230,Kamory Doumbia,k-doumbia,0.868,4
37695373,Mamadou Coulibaly,m-coulibaly,37622174,Abdoul Ouattara,g-ouattara,0.865,5
37695373,Mamadou Coulibaly,m-coulibaly,23661272,Iliman Ndiaye,i-ndiaye,0.854,6
37695373,Mamadou Coulibaly,m-coulibaly,37288977,Fodé Doucouré,f-doucoure,0.86,7
37695373,Mamadou Coulibaly,m-coulibaly,430403,Krépin Diatta,k-diatta,0.859,8
37695373,Mamadou Coulibaly,m-coulibaly,37530901,Maghnes Akliouche,m-akliouche,0.851,9
37695373,Mamadou Coulibaly,m-coulibaly,7691269,Lassine Sinayoko,l-sinayoko,0.849,10
260904,Mathías Olivera,m-olivera-miramontes,132721,Giovanni Di Lorenzo,g-di-lorenzo,0.867,1
260904,Mathías Olivera,m-olivera-miramontes,37257793,Nadir Zortea,n-zortea,0.866,2
260904,Mathías Olivera,m-olivera-miramontes,10967415,Alessandro Zanoli,a-zanoli,0.864,3
260904,Mathías Olivera,m-olivera-miramontes,25400,Kenny Tete,k-tete,0.857,4
260904,Mathías Olivera,m-olivera-miramontes,37689556,Souza,j-de-souza-menezes,0.853,5
260904,Mathías Olivera,m-olivera-miramontes,25930741,Emil Holm,e-holm,0.859,6
260904,Mathías Olivera,m-olivera-miramontes,37737620,Tiago Gabriel,t-coelho-oliveira,0.851,7
260904,Mathías Olivera,m-olivera-miramontes,37592787,Álex Valle,valle-gomez,0.857,8
260904,Mathías Olivera,m-olivera-miramontes,37653289,Marco Palestra,m-palestra,0.848,9
260904,Mathías Olivera,m-olivera-miramontes,9308193,Nuno Tavares,n-varela-tavares,0.854,10
22878016,Marco Carnesecchi,m-carnesecchi,132128,Ivan Provedel,i-provedel,0.866,1
22878016,Marco Carnesecchi,m-carnesecchi,97706,Jean Butez,j-butez,0.864,2
22878016,Marco Carnesecchi,m-carnesecchi,62962,Mile Svilar,m-svilar,0.861,3
22878016,Marco Carnesecchi,m-carnesecchi,5666477,Zion Suzuki,z-suzuki,0.862,4
22878016,Marco Carnesecchi,m-carnesecchi,37709455,Edoardo Motta,e-motta,0.853,5
22878016,Marco Carnesecchi,m-carnesecchi,129638,Alex Meret,a-meret,0.859,6
22878016,Marco Carnesecchi,m-carnesecchi,155896,Vanja Milinković-Savić,v-milinkovi-savi,0.851,7
22878016,Marco Carnesecchi,m-carnesecchi,752045,Michele Di Gregorio,m-di-gregorio,0.857,8
22878016,Marco Carnesecchi,m-carnesecchi,22146095,Elia Caprile,e-caprile,0.849,9
22878016,Marco Carnesecchi,m-carnesecchi,37343966,Giorgio Scalvini,g-scalvini,0.848,10
37438667,Kamaldeen Sulemana,k-sulemana,37612037,Jayden Addai,j-addai,0.885,1
37438667,Kamaldeen Sulemana,k-sulemana,125482,Manor Solomon,m-solomon,0.864,2
37438667,Kamaldeen Sulemana,k-sulemana,37714462,Francesco Camarda,f-camarda,0.862,3
37438667,Kamaldeen Sulemana,k-sulemana,37568721,Giovane,g-santana-do-nascimento,0.857,4
37438667,Kamaldeen Sulemana,k-sulemana,23278674,Fisayo Dele-Bashiru,f-dele-bashiru,0.856,5
37438667,Kamaldeen Sulemana,k-sulemana,132126,Riccardo Orsolini,r-orsolini,0.855,6
37438667,Kamaldeen Sulemana,k-sulemana,37674290,Assane Diao,a-diao-diaoune,0.854,7
37438667,Kamaldeen Sulemana,k-sulemana,9308200,Tariq Lamptey,t-lamptey,0.854,8
37438667,Kamaldeen Sulemana,k-sulemana,96642,Maxwel Cornet,g-cornet,0.854,9
37438667,Kamaldeen Sulemana,k-sulemana,23269660,Charles De Ketelaere,c-de-ketelaere,0.846,10
96364,Ellyes Skhiri,e-skhiri,37536482,Farès Chaïbi,f-chaibi,0.869,1
96364,Ellyes Skhiri,e-skhiri,32582,Marcel Sabitzer,m-sabitzer,0.866,2
96364,Ellyes Skhiri,e-skhiri,37661898,Leon Avdullahu,l-avdullahu,0.855,3
96364,Ellyes Skhiri,e-skhiri,37601342,Eliesse Ben Seghir,e-ben-seghir,0.852,4
96364,Ellyes Skhiri,e-skhiri,37630179,Noah Sadiki,n-sadiki,0.846,5
96364,Ellyes Skhiri,e-skhiri,37262105,Eric Martel,e-martel,0.846,6
96364,Ellyes Skhiri,e-skhiri,37598755,Oscar Højlund,o-hojlund,0.853,7
96364,Ellyes Skhiri,e-skhiri,53625,Amadou Haidara,a-haidara,0.845,8
96364,Ellyes Skhiri,e-skhiri,32379,Maximilian Eggestein,m-eggestein,0.841,9
96364,Ellyes Skhiri,e-skhiri,37255818,Ramiz Zerrouki,r-zerrouki,0.841,10
37592738,Hugo Larsson,h-larsson,25116,Sam Larsson,s-larsson,0.881,1
37592738,Hugo Larsson,h-larsson,37407422,Daniel Svensson,d-svensson,0.851,2
37592738,Hugo Larsson,h-larsson,37582044,Aleksandar Pavlovic,a-pavlovi,0.85,3
37592738,Hugo Larsson,h-larsson,32819099,Fisnik Asllani,f-asllani,0.846,4
37592738,Hugo Larsson,h-larsson,37661898,Leon Avdullahu,l-avdullahu,0.831,5
37592738,Hugo Larsson,h-larsson,23310980,Ísak Jóhannesson,i-johannesson,0.839,6
37592738,Hugo Larsson,h-larsson,4574,Aleix García,a-garcia-serrano,0.83,7
37592738,Hugo Larsson,h-larsson,5270483,Wouter Burger,w-burger,0.838,8
37592738,Hugo Larsson,h-larsson,31238688,Kaishu Sano,k-sano,0.829,9
37592738,Hugo Larsson,h-larsson,37582217,Tom Bischof,t-bischof,0.837,10
129890,Manuel Locatelli,m-locatelli,2823228,Sandro Tonali,s-tonali,0.878,1
129890,Manuel Locatelli,m-locatelli,4545404,Khéphren Thuram,k-thuram-ulien,0.878,2
129890,Manuel Locatelli,m-locatelli,608189,Weston McKennie,w-mckennie,0.866,3
129890,Manuel Locatelli,m-locatelli,4536538,Nicolò Fagioli,n-fagioli,0.872,4
129890,Manuel Locatelli,m-locatelli,333797,Rodrigo Bentancur,r-bentancur-colman,0.862,5
129890,Manuel Locatelli,m-locatelli,20716664,Samuele Ricci,s-ricci,0.868,6
129890,Manuel Locatelli,m-locatelli,129467,Bryan Cristante,b-cristante,0.859,7
129890,Manuel Locatelli,m-locatelli,37545384,Máximo Perrone,m-perrone,0.864,8
129890,Manuel Locatelli,m-locatelli,130117,Nicolò Barella,n-barella,0.856,9
129890,Manuel Locatelli,m-locatelli,27850,Stanislav Lobotka,s-lobotka,0.863,10
608189,Weston McKennie,w-mckennie,129890,Manuel Locatelli,m-locatelli,0.866,1
608189,Weston McKennie,w-mckennie,37315658,Kevin Paredes,k-paredes,0.858,2
608189,Weston McKennie,w-mckennie,4545404,Khéphren Thuram,k-thuram-ulien,0.865,3
608189,Weston McKennie,w-mckennie,37602122,Lennon Miller,l-miller,0.864,4
608189,Weston McKennie,w-mckennie,32438,Christian Pulisic,c-pulisic,0.862,5
608189,Weston McKennie,w-mckennie,23277869,Malik Tillman,m-tillman,0.859,6
608189,Weston McKennie,w-mckennie,37570091,Amir Richardson,a-richardson,0.844,7
608189,Weston McKennie,w-mckennie,37316942,Fabio Miretti,f-miretti,0.849,8
608189,Weston McKennie,w-mckennie,5270451,Jurgen Ekkelenkamp,j-ekkelenkamp,0.847,9
608189,Weston McKennie,w-mckennie,4536538,Nicolò Fagioli,n-fagioli,0.846,10
14726357,Pierre Kalulu,p-kalulu-kyatengwa,4655,Fikayo Tomori,f-tomori,0.896,1
14726357,Pierre Kalulu,p-kalulu-kyatengwa,198062,Manuel Akanji,m-akanji,0.874,2
14726357,Pierre Kalulu,p-kalulu-kyatengwa,28931733,Odilon Kossounou,k-odilon,0.872,3
14726357,Pierre Kalulu,p-kalulu-kyatengwa,37343966,Giorgio Scalvini,g-scalvini,0.865,4
14726357,Pierre Kalulu,p-kalulu-kyatengwa,7655,Lloyd Kelly,l-kelly,0.862,5
14726357,Pierre Kalulu,p-kalulu-kyatengwa,133797,Alessandro Bastoni,a-bastoni,0.861,6
14726357,Pierre Kalulu,p-kalulu-kyatengwa,99534,Evan Ndicka,o-ndicka,0.859,7
14726357,Pierre Kalulu,p-kalulu-kyatengwa,37737620,Tiago Gabriel,t-coelho-oliveira,0.859,8
14726357,Pierre Kalulu,p-kalulu-kyatengwa,133391,Nicolò Casale,n-casale,0.864,9
14726357,Pierre Kalulu,p-kalulu-kyatengwa,529960,Oumar Solet,o-solet-bomawoko,0.855,10
37598725,Kenan Yıldız,k-yildiz,37564566,Semih Kılıçsoy,s-kilicsoy,0.877,1
37598725,Kenan Yıldız,k-yildiz,4243131,Barış Alper Yılmaz,b-yilmaz,0.855,2
37598725,Kenan Yıldız,k-yildiz,37566137,Ismaël Gharbi,i-gharbi,0.841,3
37598725,Kenan Yıldız,k-yildiz,10967396,Oğuz Aydın,o-aydin,0.846,4
37598725,Kenan Yıldız,k-yildiz,2178915,Nicolas Kühn,n-kuhn,0.845,5
37598725,Kenan Yıldız,k-yildiz,459660,Romano Schmid,r-schmid,0.835,6
37598725,Kenan Yıldız,k-yildiz,46092,Ermedin Demirovic,e-demirovi,0.834,7
37598725,Kenan Yıldız,k-yildiz,5640825,Yunus Akgün,y-akgun,0.841,8
37598725,Kenan Yıldız,k-yildiz,37598726,Can Uzun,c-uzun,0.841,9
37598725,Kenan Yıldız,k-yildiz,1494225,Nathan Tella,n-tella,0.841,10
62962,Mile Svilar,m-svilar,155896,Vanja Milinković-Savić,v-milinkovi-savi,0.863,1
62962,Mile Svilar,m-svilar,22878016,Marco Carnesecchi,m-carnesecchi,0.861,2
62962,Mile Svilar,m-svilar,5967970,Leo Román,l-roman-riquelme,0.86,3
62962,Mile Svilar,m-svilar,37257596,Bart Verbruggen,b-verbruggen,0.852,4
62962,Mile Svilar,m-svilar,133779,Guglielmo Vicario,g-vicario,0.851,5
62962,Mile Svilar,m-svilar,12759176,Matej Kovar,m-kova,0.848,6
62962,Mile Svilar,m-svilar,132128,Ivan Provedel,i-provedel,0.846,7
62962,Mile Svilar,m-svilar,5666477,Zion Suzuki,z-suzuki,0.85,8
62962,Mile Svilar,m-svilar,108928,Vasilios Barkas,v-barkas,0.841,9
62962,Mile Svilar,m-svilar,97706,Jean Butez,j-butez,0.84,10
37529822,Matías Soulé,m-malvano,125482,Manor Solomon,m-solomon,0.869,1
37529822,Matías Soulé,m-malvano,529960,Oumar Solet,o-solet-bomawoko,0.854,2
37529822,Matías Soulé,m-malvano,132126,Riccardo Orsolini,r-orsolini,0.86,3
37529822,Matías Soulé,m-malvano,37316942,Fabio Miretti,f-miretti,0.86,4
37529822,Matías Soulé,m-malvano,4536538,Nicolò Fagioli,n-fagioli,0.857,5
37529822,Matías Soulé,m-malvano,129600,Federico Bonazzoli,f-bonazzoli,0.853,6
37529822,Matías Soulé,m-malvano,3181370,Riccardo Sottil,r-sottil,0.851,7
37529822,Matías Soulé,m-malvano,432840,Armand Laurienté,a-lauriente,0.846,8
37529822,Matías Soulé,m-malvano,37527169,Savinho,s-moreira-de-oliveira,0.846,9
37529822,Matías Soulé,m-malvano,538861,Alexis Saelemaekers,a-saelemaekers,0.838,10
186797,Lucas Hernández,l-hernandez-pi,25922180,Álvaro Núñez,a-nunez-cobo,0.852,1
186797,Lucas Hernández,l-hernandez-pi,4545389,Eric García,e-garcia,0.851,2
186797,Lucas Hernández,l-hernandez-pi,100580,Robin Le Normand,r-le-normand,0.858,3
186797,Lucas Hernández,l-hernandez-pi,523939,Orel Mangala,o-mangala,0.847,4
186797,Lucas Hernández,l-hernandez-pi,4536537,Sergio Gómez,s-gomez,0.844,5
186797,Lucas Hernández,l-hernandez-pi,12394069,Logan Costa,l-costa,0.844,6
186797,Lucas Hernández,l-hernandez-pi,5270371,Aurélien Tchouaméni,a-tchouameni,0.842,7
186797,Lucas Hernández,l-hernandez-pi,37630678,Junior Diaz,m-diaz,0.849,8
186797,Lucas Hernández,l-hernandez-pi,37656089,Jacobo Ramón,j-naveros,0.842,9
186797,Lucas Hernández,l-hernandez-pi,62374,Clinton Mata,c-mata-pedro-lourenco,0.841,10
198051,Denis Zakaria,d-zakaria-lako-lado,523939,Orel Mangala,o-mangala,0.846,1
198051,Denis Zakaria,d-zakaria-lako-lado,96943,Ibrahim Sangaré,i-sangare,0.852,2
198051,Denis Zakaria,d-zakaria-lako-lado,37593237,Warren Zaïre-Emery,w-zaire-emery,0.849,3
198051,Denis Zakaria,d-zakaria-lako-lado,129890,Manuel Locatelli,m-locatelli,0.84,4
198051,Denis Zakaria,d-zakaria-lako-lado,5270371,Aurélien Tchouaméni,a-tchouameni,0.838,5
198051,Denis Zakaria,d-zakaria-lako-lado,1887,Granit Xhaka,g-xhaka,0.832,6
198051,Denis Zakaria,d-zakaria-lako-lado,4574,Aleix García,a-garcia-serrano,0.831,7
198051,Denis Zakaria,d-zakaria-lako-lado,37622174,Abdoul Ouattara,g-ouattara,0.839,8
198051,Denis Zakaria,d-zakaria-lako-lado,53625,Amadou Haidara,a-haidara,0.83,9
198051,Denis Zakaria,d-zakaria-lako-lado,37530901,Maghnes Akliouche,m-akliouche,0.828,10
37642676,Lamine Camara,l-camara,527765,Mahdi Camara,m-camara-527765,0.954,1
37642676,Lamine Camara,l-camara,37536953,Mamadou Sangaré,m-sangare,0.885,2
37642676,Lamine Camara,l-camara,97626,Boubacar Kamara,b-kamara,0.877,3
37642676,Lamine Camara,l-camara,53625,Amadou Haidara,a-haidara,0.861,4
37642676,Lamine Camara,l-camara,466425,Cristian Cásseres Jr.,c-casseres-yepes,0.868,5
37642676,Lamine Camara,l-camara,37336999,Abdoulaye Kamara,a-kamara-37336999,0.867,6
37642676,Lamine Camara,l-camara,36084757,Boubacar Traoré,b-traore-36084757,0.864,7
37642676,Lamine Camara,l-camara,24817375,Johann Lepenant,j-lepenant,0.864,8
37642676,Lamine Camara,l-camara,96943,Ibrahim Sangaré,i-sangare,0.864,9
37642676,Lamine Camara,l-camara,37588823,Carlos Baleba,c-noom-quomah,0.863,10
